date,Lower BBand,Middle BBand,Upper BBand,EMA,RSI,SMA,MACD Signal,MACD,Closing Price
2021-02-22 20:00:00,126.142,129.1039,132.0658,129.2256,38.4401,129.1039,-0.7994,-0.9197,125.82
2021-02-22 19:00:00,126.2622,129.2126,132.163,129.341,38.9307,129.2126,-0.7694,-0.8968,126.11
2021-02-22 18:00:00,126.3619,129.3194,132.2769,129.4506,38.7717,129.3194,-0.7375,-0.884,126.05
2021-02-22 17:00:00,126.4864,129.4261,132.3658,129.5658,38.8546,129.4261,-0.7009,-0.8487,126.1
2021-02-22 16:00:00,126.615,129.5341,132.4531,129.6833,38.6223,129.5341,-0.6639,-0.7964,126.01
2021-02-22 15:00:00,126.7653,129.6447,132.5242,129.8078,40.7893,129.6447,-0.6308,-0.7089,127.29
2021-02-22 14:00:00,126.8133,129.7362,132.6591,129.8932,41.6327,129.7362,-0.6113,-0.7173,127.76
2021-02-22 13:00:00,126.8287,129.8239,132.8191,129.9655,40.3344,129.8239,-0.5848,-0.7654,127.257
2021-02-22 12:00:00,126.8933,129.9191,132.9449,130.0573,39.4069,129.9191,-0.5397,-0.7644,126.905
2021-02-22 11:00:00,126.9891,130.0234,133.0576,130.1642,36.717,130.0234,-0.4835,-0.7162,125.9262
2021-02-22 10:00:00,127.1966,130.144,133.0914,130.3078,41.4468,130.144,-0.4253,-0.5445,128.485
2021-02-22 09:00:00,127.2186,130.2179,133.2173,130.3696,39.639,130.2179,-0.3955,-0.5781,127.88
2021-02-22 08:00:00,127.261,130.3112,133.3614,130.454,39.6788,130.3112,-0.3499,-0.5509,127.9
2021-02-22 07:00:00,127.3309,130.3979,133.465,130.5406,38.6176,130.3979,-0.2996,-0.5103,127.55
2021-02-22 06:00:00,127.3738,130.5108,133.6477,130.642,38.6558,130.5108,-0.2469,-0.4154,127.57
2021-02-22 05:00:00,127.3838,130.6354,133.8869,130.7461,38.9973,130.6354,-0.2048,-0.2902,127.75
2021-02-19 20:00:00,127.3615,130.7662,134.1709,130.8477,43.0946,130.7662,-0.1835,-0.1445,129.72
2021-02-19 19:00:00,127.2291,130.8697,134.5103,130.8859,42.7946,130.8697,-0.1932,-0.1571,129.62
2021-02-19 18:00:00,127.0988,130.9812,134.8636,130.9288,42.7352,130.9812,-0.2023,-0.1606,129.6
2021-02-19 17:00:00,127.0102,131.0894,135.1685,130.9739,42.8445,131.0894,-0.2127,-0.1608,129.65
2021-02-19 16:00:00,126.9421,131.196,135.45,131.0187,43.28,131.196,-0.2257,-0.1638,129.85
2021-02-19 15:00:00,126.9146,131.289,135.6635,131.0584,42.6929,131.289,-0.2412,-0.1855,129.645
2021-02-19 14:00:00,126.9094,131.3843,135.8591,131.1063,41.1742,131.3843,-0.2551,-0.1897,129.125
2021-02-19 13:00:00,126.935,131.4899,136.0447,131.1734,41.6121,131.4899,-0.2714,-0.1394,129.335
2021-02-19 12:00:00,126.9655,131.5899,136.2144,131.2357,43.2379,131.5899,-0.3044,-0.0945,130.09
2021-02-19 11:00:00,126.9705,131.6781,136.3858,131.2746,42.816,131.6781,-0.3569,-0.1127,129.945
2021-02-19 10:00:00,127.0116,131.7557,136.4998,131.3197,43.9117,131.7557,-0.4179,-0.1196,130.44
2021-02-19 09:00:00,127.0448,131.8197,136.5946,131.3495,44.4313,131.8197,-0.4925,-0.1769,130.67
2021-02-19 08:00:00,127.073,131.8804,136.6877,131.3725,44.2904,131.8804,-0.5714,-0.271,130.62
2021-02-19 07:00:00,127.1063,131.9419,136.7774,131.398,42.513,131.9419,-0.6465,-0.3821,130.0
2021-02-19 06:00:00,127.1636,132.0177,136.8718,131.4454,43.0798,132.0177,-0.7126,-0.4551,130.26
2021-02-19 05:00:00,127.2229,132.0779,136.9328,131.4856,42.2352,132.0779,-0.7769,-0.5682,129.97
2021-02-18 20:00:00,127.2922,132.152,137.0118,131.537,39.2713,132.152,-0.8291,-0.6748,129.0
2021-02-18 19:00:00,127.4151,132.2465,137.0779,131.623,39.7677,132.2465,-0.8677,-0.7023,129.24
2021-02-18 18:00:00,127.5322,132.3357,137.1392,131.7037,39.8917,132.3357,-0.909,-0.7515,129.3
2021-02-18 17:00:00,127.6508,132.4257,137.2006,131.7852,39.9939,132.4257,-0.9484,-0.8096,129.35
2021-02-18 16:00:00,127.7749,132.5129,137.2508,131.8678,40.7381,132.5129,-0.9831,-0.8769,129.7127
2021-02-18 15:00:00,127.8795,132.5995,137.3195,131.9408,38.7682,132.5995,-1.0097,-0.9871,129.075
2021-02-18 14:00:00,128.0303,132.6976,137.3648,132.038,37.108,132.6976,-1.0153,-1.0485,128.56
2021-02-18 13:00:00,128.2293,132.8032,137.3772,132.1559,37.3787,132.8032,-1.007,-1.0591,128.6999
2021-02-18 12:00:00,128.4283,132.9074,137.3865,132.273,36.2013,132.9074,-0.994,-1.0715,128.34
2021-02-18 11:00:00,128.6676,133.0204,137.3732,132.4063,36.5866,133.0204,-0.9746,-1.0351,128.545
2021-02-18 10:00:00,128.911,133.1169,137.3228,132.5372,38.5238,133.1169,-0.9595,-0.9945,129.53
2021-02-18 09:00:00,129.0855,133.1945,137.3035,132.6392,35.7028,133.1945,-0.9507,-1.0285,128.7
2021-02-18 08:00:00,129.3402,133.2875,137.2348,132.7727,37.0734,133.2875,-0.9313,-0.9723,129.38
2021-02-18 07:00:00,129.5451,133.3795,137.2139,132.8877,36.6514,133.3795,-0.921,-0.9558,129.26
2021-02-18 06:00:00,129.7712,133.4769,137.1826,133.0107,37.6019,133.4769,-0.9123,-0.9086,129.72
2021-02-18 05:00:00,129.9708,133.5656,137.1604,133.1222,37.9809,133.5656,-0.9132,-0.8819,129.9
2021-02-17 20:00:00,130.1582,133.6606,137.163,133.2315,40.1473,133.6606,-0.9211,-0.8534,130.88
2021-02-17 19:00:00,130.2799,133.7379,137.1959,133.3112,39.8374,133.7379,-0.938,-0.9043,130.79
2021-02-17 18:00:00,130.411,133.8211,137.2312,133.3966,39.9504,133.8211,-0.9464,-0.947,130.84
2021-02-17 17:00:00,130.5477,133.9029,137.2582,133.4833,39.9169,133.9029,-0.9463,-0.9928,130.83
2021-02-17 16:00:00,130.6969,133.9824,137.268,133.5733,39.9388,133.9824,-0.9347,-1.0359,130.84
2021-02-17 15:00:00,130.8604,134.0504,137.2405,133.6659,38.2892,134.0504,-0.9093,-1.0767,130.345
2021-02-17 14:00:00,131.0775,134.1325,137.1876,133.7785,38.637,134.1325,-0.8675,-1.0628,130.51
2021-02-17 13:00:00,131.2935,134.2107,137.1279,133.8893,38.2189,134.2107,-0.8187,-1.0464,130.385
2021-02-17 12:00:00,131.5383,134.2924,137.0466,134.0081,37.7687,134.2924,-0.7617,-0.9976,130.25
2021-02-17 11:00:00,131.8197,134.3776,136.9355,134.1355,39.0741,134.3776,-0.7028,-0.9069,130.8793
2021-02-17 10:00:00,132.0475,134.4563,136.8651,134.2458,38.9091,134.4563,-0.6517,-0.8421,130.8293
2021-02-17 09:00:00,132.3066,134.527,136.7474,134.3617,40.6647,134.527,-0.6041,-0.7421,131.64
2021-02-17 08:00:00,132.491,134.5844,136.6777,134.4539,42.2846,134.5844,-0.5696,-0.6861,132.34
2021-02-17 07:00:00,132.6153,134.6356,136.6558,134.5256,42.7148,134.6356,-0.5405,-0.676,132.52
2021-02-17 06:00:00,132.7313,134.6828,136.6344,134.5936,42.4911,134.6828,-0.5066,-0.6716,132.45
2021-02-17 05:00:00,132.8371,134.7485,136.6599,134.6662,42.7964,134.7485,-0.4654,-0.6491,132.58
2021-02-16 20:00:00,132.9399,134.8122,136.6844,134.7369,42.9598,134.8122,-0.4195,-0.6241,132.65
2021-02-16 19:00:00,133.0434,134.8755,136.7076,134.8077,43.2615,134.8755,-0.3683,-0.5903,132.78
2021-02-16 18:00:00,133.1439,134.9367,136.7295,134.8764,43.8202,134.9367,-0.3128,-0.5518,133.02
2021-02-16 17:00:00,133.2283,134.9948,136.7614,134.9393,43.6711,134.9948,-0.253,-0.519,132.97
2021-02-16 16:00:00,133.3294,135.0522,136.7749,135.0061,44.1083,135.0522,-0.1866,-0.4646,133.16
2021-02-16 15:00:00,133.4334,135.0983,136.7632,135.0687,44.1198,135.0983,-0.1171,-0.4077,133.165
2021-02-16 14:00:00,133.5425,135.1461,136.7497,135.1332,43.4153,135.1461,-0.0444,-0.3296,132.9207
2021-02-16 13:00:00,133.6853,135.1992,136.7132,135.2082,44.6718,135.1992,0.0269,-0.2003,133.475
2021-02-16 12:00:00,133.7756,135.2458,136.716,135.267,43.6004,135.2458,0.0837,-0.0889,133.105
2021-02-16 11:00:00,133.9212,135.2941,136.6669,135.3403,46.5085,135.2941,0.1268,0.0924,134.32
2021-02-16 10:00:00,133.9372,135.3341,136.7311,135.3748,48.4028,135.3341,0.1355,0.1987,135.045
2021-02-16 09:00:00,133.9351,135.357,136.7788,135.386,49.9337,135.357,0.1196,0.2577,135.6
2021-02-16 08:00:00,133.9187,135.3732,136.8277,135.3788,50.8746,135.3732,0.0851,0.2727,135.93
2021-02-16 07:00:00,133.9075,135.3822,136.8569,135.3601,51.9836,135.3822,0.0382,0.2543,136.31
2021-02-16 06:00:00,133.8687,135.397,136.9252,135.3279,51.3802,135.397,-0.0158,0.1885,136.09
2021-02-16 05:00:00,133.8423,135.4111,136.98,135.302,51.2708,135.4111,-0.0669,0.124,136.05
2021-02-12 20:00:00,133.8351,135.4176,137.0002,135.2767,49.5388,135.4176,-0.1146,0.0441,135.43
2021-02-12 19:00:00,133.8301,135.4346,137.0391,135.2715,49.3389,135.4346,-0.1542,0.0045,135.36
2021-02-12 18:00:00,133.8222,135.456,137.0897,135.2685,49.615,135.456,-0.1939,-0.0389,135.46
2021-02-12 17:00:00,133.816,135.4745,137.1329,135.262,49.2801,135.4745,-0.2327,-0.1039,135.34
2021-02-12 16:00:00,133.8177,135.4918,137.1659,135.2594,49.3877,135.4918,-0.2649,-0.1732,135.38
2021-02-12 15:00:00,133.8144,135.5121,137.2098,135.2553,47.1759,135.5121,-0.2878,-0.2632,134.6
2021-02-12 14:00:00,133.8404,135.5466,137.2529,135.2775,46.2279,135.5466,-0.2939,-0.2949,134.28
2021-02-12 13:00:00,133.8885,135.5866,137.2847,135.3113,46.3046,135.5866,-0.2937,-0.2984,134.31
2021-02-12 12:00:00,133.9374,135.6268,137.3162,135.3452,46.3046,135.6268,-0.2925,-0.3015,134.31
2021-02-12 11:00:00,133.985,135.67,137.355,135.3803,46.9058,135.67,-0.2903,-0.3012,134.55
2021-02-12 10:00:00,134.0321,135.6995,137.3669,135.4085,44.9129,135.6995,-0.2875,-0.3208,133.87
2021-02-12 09:00:00,134.1351,135.7339,137.3326,135.4606,46.295,135.7339,-0.2792,-0.272,134.42
2021-02-12 08:00:00,134.1971,135.7599,137.3226,135.4959,46.9406,135.7599,-0.2811,-0.2616,134.67
2021-02-12 07:00:00,134.2447,135.7859,137.327,135.5239,46.7067,135.7859,-0.2859,-0.2701,134.59
2021-02-12 06:00:00,134.2962,135.8195,137.3429,135.5556,46.9868,135.8195,-0.2898,-0.2689,134.7
2021-02-12 05:00:00,134.3403,135.836,137.3317,135.5846,46.6436,135.836,-0.2951,-0.2746,134.58
2021-02-11 20:00:00,134.4008,135.8625,137.3242,135.6186,47.4746,135.8625,-0.3002,-0.2656,134.91
2021-02-11 19:00:00,134.4412,135.884,137.3269,135.6426,47.601,135.884,-0.3089,-0.284,134.96
2021-02-11 18:00:00,134.4711,135.9162,137.3613,135.6658,47.4359,135.9162,-0.3151,-0.3083,134.9
2021-02-11 17:00:00,134.51,135.9479,137.3857,135.6917,47.5587,135.9479,-0.3168,-0.3288,134.95
2021-02-11 16:00:00,134.545,135.981,137.4171,135.7169,47.9738,135.981,-0.3137,-0.3553,135.12
2021-02-11 15:00:00,134.5778,136.007,137.4363,135.7371,45.8266,136.007,-0.3034,-0.4012,134.335
2021-02-11 14:00:00,134.6769,136.0406,137.4043,135.7846,45.4032,136.0406,-0.2789,-0.3741,134.185
2021-02-11 13:00:00,134.7995,136.0772,137.3549,135.8389,45.6253,136.0772,-0.2551,-0.3187,134.28
2021-02-11 12:00:00,134.9208,136.115,137.3093,135.8917,47.1041,136.115,-0.2392,-0.2531,134.9001
2021-02-11 11:00:00,134.9832,136.1462,137.3092,135.9253,47.6087,136.1462,-0.2357,-0.2288,135.1063
2021-02-11 10:00:00,135.0339,136.1722,137.3105,135.9531,47.432,136.1722,-0.2374,-0.2154,135.0405
2021-02-11 09:00:00,135.0941,136.1971,137.3001,135.984,48.8083,136.1971,-0.243,-0.1885,135.6
2021-02-11 08:00:00,135.1078,136.2214,137.335,135.997,48.5986,136.2214,-0.2566,-0.2084,135.52
2021-02-11 07:00:00,135.1369,136.2392,137.3415,136.0132,49.2433,136.2392,-0.2686,-0.2226,135.78
2021-02-11 06:00:00,135.1534,136.2507,137.348,136.0211,49.1668,136.2507,-0.2801,-0.264,135.75
2021-02-11 05:00:00,135.172,136.2637,137.3554,136.0303,48.7872,136.2637,-0.2841,-0.31,135.6
2021-02-10 20:00:00,135.1574,136.2996,137.4418,136.0449,47.0239,136.2996,-0.2777,-0.3488,134.92
2021-02-10 19:00:00,135.1808,136.3517,137.5227,136.083,47.8579,136.3517,-0.2599,-0.3241,135.27
2021-02-10 18:00:00,135.1967,136.3947,137.5928,136.1106,47.6754,136.3947,-0.2439,-0.3235,135.2
2021-02-10 17:00:00,135.2244,136.4391,137.6537,136.1415,47.8873,136.4391,-0.224,-0.3108,135.29
2021-02-10 16:00:00,135.2655,136.4772,137.689,136.1703,48.0507,136.4772,-0.2023,-0.2993,135.36
2021-02-10 15:00:00,135.3223,136.501,137.6796,136.1978,48.618,136.501,-0.178,-0.2874,135.6035
2021-02-10 14:00:00,135.3627,136.5237,137.6846,136.2179,47.2692,136.5237,-0.1506,-0.2929,135.067
2021-02-10 13:00:00,135.4531,136.5546,137.6561,136.2569,47.3101,136.5546,-0.1151,-0.2409,135.085
2021-02-10 12:00:00,135.548,136.5866,137.6252,136.2967,48.0496,136.5866,-0.0836,-0.1729,135.41
2021-02-10 11:00:00,135.6126,136.6164,137.6201,136.3267,47.9171,136.6164,-0.0613,-0.1167,135.3562
2021-02-10 10:00:00,135.6871,136.636,137.585,136.3596,50.3435,136.636,-0.0474,-0.0378,136.39
2021-02-10 09:00:00,135.669,136.6296,137.5902,136.3586,50.3678,136.6296,-0.0498,-0.0418,136.4
2021-02-10 08:00:00,135.6239,136.6167,137.6095,136.3572,50.4874,136.6167,-0.0518,-0.0474,136.45
2021-02-10 07:00:00,135.5939,136.6063,137.6187,136.3541,50.4874,136.6063,-0.0529,-0.0588,136.45
2021-02-10 06:00:00,135.4678,136.579,137.6903,136.3508,50.6269,136.579,-0.0515,-0.0726,136.51
2021-02-10 05:00:00,135.3794,136.5552,137.731,136.3454,50.4023,136.5552,-0.0462,-0.0952,136.41
2021-02-09 20:00:00,135.3619,136.5474,137.733,136.3432,49.3139,136.5474,-0.0339,-0.1125,135.93
2021-02-09 19:00:00,135.3675,136.5494,137.7313,136.3572,49.5366,136.5494,-0.0143,-0.0841,136.03
2021-02-09 18:00:00,135.3608,136.5471,137.7335,136.3683,49.7132,136.5471,0.0031,-0.0568,136.11
2021-02-09 17:00:00,135.3581,136.5461,137.7341,136.3771,50.0642,136.5461,0.0181,-0.0292,136.27
2021-02-09 16:00:00,135.3332,136.5372,137.7412,136.3807,49.4722,136.5372,0.0299,-0.0099,136.0
2021-02-09 15:00:00,135.3463,136.5431,137.74,136.3936,51.0709,136.5431,0.0399,0.0424,136.725
2021-02-09 14:00:00,135.3437,136.5396,137.7355,136.3824,50.3969,136.5396,0.0393,0.0346,136.415
2021-02-09 13:00:00,135.3262,136.5316,137.7371,136.3813,50.7517,136.5316,0.0405,0.0559,136.575
2021-02-09 12:00:00,135.1061,136.4871,137.868,136.3747,50.527,136.4871,0.0366,0.0658,136.47
2021-02-09 11:00:00,134.8864,136.4409,137.9954,136.3715,52.1414,136.4409,0.0293,0.0883,137.1944
2021-02-09 10:00:00,134.745,136.3907,138.0364,136.3436,51.6074,136.3907,0.0146,0.0419,136.94
2021-02-09 09:00:00,134.6657,136.3549,138.0441,136.3234,50.541,136.3549,0.0077,0.008,136.44
2021-02-09 08:00:00,134.6221,136.3349,138.0478,136.3194,50.5629,136.3349,0.0077,0.0155,136.45
2021-02-09 07:00:00,134.5166,136.3005,138.0844,136.315,50.9758,136.3005,0.0057,0.0238,136.64
2021-02-09 06:00:00,134.3705,136.2548,138.1391,136.304,50.8304,136.2548,0.0012,0.0148,136.57
2021-02-09 05:00:00,134.3275,136.2311,138.1347,136.2949,50.4378,136.2311,-0.0023,0.0102,136.38
2021-02-08 20:00:00,134.2846,136.2097,138.1348,136.2921,50.9005,136.2097,-0.0054,0.0235,136.6
2021-02-08 19:00:00,134.2342,136.1825,138.1308,136.2816,51.047,136.1825,-0.0126,0.0177,136.67
2021-02-08 18:00:00,134.2107,136.1628,138.1148,136.2685,51.0677,136.1628,-0.0201,0.0029,136.68
2021-02-08 17:00:00,134.1948,136.1461,138.0973,136.2545,51.149,136.1461,-0.0259,-0.017,136.72
2021-02-08 16:00:00,134.1713,136.1248,138.0783,136.2387,51.5137,136.1248,-0.0281,-0.0462,136.9007
2021-02-08 15:00:00,134.137,136.0956,138.0543,136.2163,50.3961,136.0956,-0.0236,-0.1012,136.32
2021-02-08 14:00:00,134.0816,136.0694,138.0572,136.2128,49.6353,136.0694,-0.0042,-0.1108,135.933
2021-02-08 13:00:00,134.041,136.0518,138.0627,136.2222,49.7251,136.0518,0.0225,-0.0821,135.9793
2021-02-08 12:00:00,133.9987,136.033,138.0673,136.2305,50.2098,136.033,0.0486,-0.049,136.2308
2021-02-08 11:00:00,133.95,136.0088,138.0675,136.2305,50.9462,136.0088,0.073,-0.0316,136.61
2021-02-08 10:00:00,133.895,135.9762,138.0575,136.2176,49.1676,135.9762,0.0992,-0.0475,135.69
2021-02-08 09:00:00,133.8589,135.9612,138.0635,136.2355,50.0996,135.9612,0.1358,0.0265,136.17
2021-02-08 08:00:00,133.8159,135.9383,138.0608,136.2377,50.158,135.9383,0.1632,0.0717,136.2
2021-02-08 07:00:00,133.7753,135.9154,138.0556,136.239,51.5169,135.9154,0.186,0.1253,136.89
2021-02-08 06:00:00,133.7575,135.8886,138.0196,136.2169,51.3478,135.8886,0.2012,0.1217,136.8
2021-02-08 05:00:00,133.7381,135.8624,137.9866,136.1972,51.6232,135.8624,0.2211,0.1245,136.94
2021-02-05 20:00:00,133.7382,135.8438,137.9494,136.172,51.1448,135.8438,0.2452,0.1119,136.68
2021-02-05 19:00:00,133.7213,135.8204,137.9195,136.1548,50.5342,135.8204,0.2786,0.1207,136.35
2021-02-05 18:00:00,133.7038,135.8027,137.9015,136.1481,50.5907,135.8027,0.318,0.1638,136.38
2021-02-05 17:00:00,133.6929,135.7878,137.8827,136.1403,50.908,135.7878,0.3565,0.2134,136.55
2021-02-05 16:00:00,133.6808,135.7686,137.8563,136.1264,51.3175,135.7686,0.3923,0.2563,136.77
2021-02-05 15:00:00,133.592,135.7199,137.8478,136.1046,51.133,135.7199,0.4263,0.2849,136.665
2021-02-05 14:00:00,133.5246,135.6773,137.83,136.0856,50.9065,135.6773,0.4617,0.3279,136.535
2021-02-05 13:00:00,133.4466,135.6337,137.8209,136.0703,51.861,135.6337,0.4951,0.3913,137.0599
2021-02-05 12:00:00,133.3747,135.5794,137.784,136.0368,51.0512,135.5794,0.5211,0.4131,136.5889
2021-02-05 11:00:00,133.3046,135.5345,137.7645,136.0181,50.8459,135.5345,0.5481,0.4829,136.47
2021-02-05 10:00:00,133.2447,135.4939,137.743,136.0028,50.9519,135.4939,0.5644,0.577,136.53
2021-02-05 09:00:00,133.2148,135.4606,137.7065,135.9849,53.1686,135.4606,0.5612,0.6826,137.75
2021-02-05 08:00:00,133.2334,135.4084,137.5835,135.9251,53.7338,135.4084,0.5309,0.6833,138.05
2021-02-05 07:00:00,133.2198,135.3338,137.4477,135.853,53.4091,135.3338,0.4928,0.6436,137.85
2021-02-05 06:00:00,133.1382,135.2491,137.36,135.7853,53.4276,135.2491,0.4551,0.604,137.86
2021-02-05 05:00:00,133.0026,135.1532,137.3037,135.715,52.9807,135.1532,0.4178,0.5437,137.58
2021-02-04 20:00:00,133.0037,135.0891,137.1746,135.6518,51.6863,135.0891,0.3864,0.4873,136.785
2021-02-04 19:00:00,132.9706,135.0379,137.1052,135.6134,52.0045,135.0379,0.3611,0.4892,136.9647
2021-02-04 18:00:00,132.9778,134.9926,137.0075,135.5676,51.9399,134.9926,0.3291,0.4661,136.9248
2021-02-04 17:00:00,132.9825,134.9457,136.9088,135.5216,52.0779,134.9457,0.2949,0.434,137.0046
2021-02-04 16:00:00,133.0154,134.9056,136.7958,135.4713,52.403,134.9056,0.2601,0.3786,137.1943
2021-02-04 15:00:00,132.8309,134.8121,136.7932,135.4129,51.3658,134.8121,0.2304,0.283,136.5353
2021-02-04 14:00:00,132.6355,134.7299,136.8242,135.3748,50.5144,134.7299,0.2173,0.224,136.0061
2021-02-04 13:00:00,132.4432,134.6568,136.8704,135.3534,49.8959,134.6568,0.2156,0.1994,135.6267
2021-02-04 12:00:00,132.2731,134.5924,136.9117,135.3442,50.2207,134.5924,0.2197,0.2036,135.8264
2021-02-04 11:00:00,132.1054,134.5225,136.9396,135.3278,48.5492,134.5225,0.2237,0.1857,134.8129
2021-02-04 10:00:00,131.9245,134.4662,137.0079,135.3453,48.9713,134.4662,0.2332,0.2633,135.0775
2021-02-04 09:00:00,131.756,134.4059,137.0558,135.3543,50.3858,134.4059,0.2256,0.3317,135.9462
2021-02-04 08:00:00,131.5012,134.3132,137.1253,135.3343,50.5509,134.3132,0.1991,0.3256,136.0461
2021-02-04 07:00:00,131.4572,134.259,137.0608,135.3101,50.3108,134.259,0.1675,0.303,135.8963
2021-02-04 06:00:00,131.4555,134.2259,136.9963,135.2903,50.5521,134.2259,0.1336,0.2849,136.0461
2021-02-04 05:00:00,131.4712,134.2077,136.9442,135.2647,50.0654,134.2077,0.0958,0.2425,135.7365
2021-02-03 20:00:00,131.4693,134.2092,136.9492,135.2487,51.0538,134.2092,0.0591,0.2164,136.3556
2021-02-03 19:00:00,131.4886,134.1974,136.9062,135.2111,51.3108,134.1974,0.0198,0.1168,136.5154
2021-02-03 18:00:00,131.5084,134.1876,136.8668,135.1669,50.421,134.1876,-0.0045,-0.0283,135.9362
2021-02-03 17:00:00,131.5128,134.1846,136.8564,135.1408,47.0758,134.1846,0.0015,-0.154,133.8993
2021-02-03 16:00:00,131.523,134.2062,136.8894,135.1829,46.7293,134.2062,0.0403,-0.1049,133.6996
2021-02-03 15:00:00,131.5126,134.2517,136.9907,135.2332,47.4704,134.2517,0.0766,-0.0203,134.1839
2021-02-03 14:00:00,131.4836,134.2937,137.1037,135.2688,48.4175,134.2937,0.1009,0.0386,134.7913
2021-02-03 13:00:00,131.4281,134.3342,137.2404,135.285,49.1337,134.3342,0.1164,0.0514,135.2426
2021-02-03 12:00:00,131.3923,134.3613,137.3302,135.2864,47.6853,134.3613,0.1327,0.021,134.3836
2021-02-03 11:00:00,131.3663,134.4021,137.4379,135.317,46.8464,134.4021,0.1606,0.0694,133.8994
2021-02-03 10:00:00,131.2259,134.489,137.7521,135.3651,48.8285,134.489,0.1834,0.1795,135.1458
2021-02-03 09:00:00,131.0186,134.5697,138.1208,135.3725,48.7458,134.5697,0.1844,0.1905,135.0975
2021-02-03 08:00:00,130.8001,134.6596,138.5191,135.3818,48.5261,134.6596,0.1829,0.2066,134.9677
2021-02-03 07:00:00,130.7183,134.7245,138.7307,135.3959,49.3582,134.7245,0.177,0.2374,135.4869
2021-02-03 06:00:00,130.6332,134.7832,138.9333,135.3928,49.6642,134.7832,0.1619,0.2204,135.6766
2021-02-03 05:00:00,130.5949,134.8229,139.0508,135.3832,49.29,134.8229,0.1472,0.1762,135.447
2021-02-02 20:00:00,130.4706,134.8986,139.3266,135.381,48.8018,134.8986,0.14,0.1406,135.1474
2021-02-02 19:00:00,130.4254,134.9573,139.4892,135.3889,48.1472,134.9573,0.1398,0.1236,134.7479
2021-02-02 18:00:00,130.3796,135.0284,139.6772,135.4106,48.3449,135.0284,0.1438,0.1408,134.8778
2021-02-02 17:00:00,130.3825,135.0703,139.7581,135.4287,48.2967,135.0703,0.1446,0.1475,134.8479
2021-02-02 16:00:00,130.3954,135.1008,139.8061,135.4484,48.186,135.1008,0.1439,0.1569,134.778
2021-02-02 15:00:00,130.4058,135.1415,139.8773,135.4711,47.9982,135.1415,0.1406,0.1737,134.6582
2021-02-02 14:00:00,130.422,135.1822,139.9423,135.4987,48.1832,135.1822,0.1324,0.2049,134.7873
2021-02-02 13:00:00,130.4267,135.2323,140.0378,135.5228,48.1983,135.2323,0.1142,0.2286,134.7979
2021-02-02 12:00:00,130.2795,135.3439,140.4083,135.5474,48.2401,135.3439,0.0856,0.2544,134.8279
2021-02-02 11:00:00,130.1013,135.4687,140.8362,135.5717,48.8641,135.4687,0.0435,0.2806,135.2772
2021-02-02 10:00:00,129.9851,135.5732,141.1614,135.5817,48.7918,135.5732,-0.0158,0.2642,135.2273
2021-02-02 09:00:00,129.7891,135.7058,141.6224,135.5937,49.6205,135.7058,-0.0858,0.2444,135.8264
2021-02-02 08:00:00,129.6138,135.8273,142.0407,135.5859,48.8357,135.8273,-0.1684,0.1547,135.2762
2021-02-02 07:00:00,129.5431,135.9346,142.3261,135.5964,48.8507,135.9346,-0.2491,0.094,135.2872
2021-02-02 06:00:00,129.4173,136.0651,142.7129,135.6068,49.1193,136.0651,-0.3349,0.014,135.4869
2021-02-02 05:00:00,129.3323,136.183,143.0338,135.6109,48.9952,136.183,-0.4221,-0.1087,135.397
2021-02-01 20:00:00,129.2357,136.3127,143.3897,135.6181,46.7974,136.3127,-0.5005,-0.2545,133.8494
2021-02-01 19:00:00,129.2289,136.4596,143.6904,135.6781,47.1324,136.4596,-0.562,-0.2794,134.109
2021-02-01 18:00:00,129.2089,136.6096,144.0103,135.7313,46.859,136.6096,-0.6327,-0.3334,133.9193
2021-02-01 17:00:00,129.1559,136.7838,144.4117,135.7927,46.6878,136.7838,-0.7075,-0.3783,133.7994
2021-02-01 16:00:00,129.1085,136.9675,144.8266,135.8603,46.8114,136.9675,-0.7898,-0.4179,133.8993
2021-02-01 15:00:00,129.0809,137.1493,145.2176,135.9268,46.9703,137.1493,-0.8827,-0.4724,134.0291
2021-02-01 14:00:00,129.0742,137.3268,145.5795,135.9911,47.5914,137.3268,-0.9853,-0.5484,134.5365
2021-02-01 13:00:00,129.0642,137.4963,145.9284,136.0404,47.6914,137.4963,-1.0945,-0.6891,134.6183
2021-02-01 12:00:00,129.0911,137.6535,146.216,136.0886,46.2688,137.6535,-1.1959,-0.867,133.5698
2021-02-01 11:00:00,129.2084,137.8102,146.412,136.174,45.1513,137.8102,-1.2781,-0.9747,132.771
2021-02-01 10:00:00,129.3861,137.9756,146.5652,136.2894,44.1955,137.9756,-1.3539,-1.0166,132.102
2021-02-01 09:00:00,129.6166,138.1531,146.6896,136.4313,46.1304,138.1531,-1.4383,-0.9873,133.7395
2021-02-01 08:00:00,129.7771,138.2905,146.8039,136.5225,46.0879,138.2905,-1.551,-1.1021,133.7096
2021-02-01 07:00:00,129.9512,138.4238,146.8965,136.6179,46.7399,138.4238,-1.6633,-1.2297,134.2488
2021-02-01 06:00:00,130.0965,138.5611,147.0257,136.6982,46.5472,138.5611,-1.7717,-1.4294,134.109
2021-02-01 05:00:00,130.2531,138.7066,147.16,136.786,47.1344,138.7066,-1.8572,-1.6494,134.5982
2021-01-29 20:00:00,130.3922,138.846,147.2999,136.8601,42.7578,138.846,-1.9092,-1.956,131.5827
2021-01-29 19:00:00,130.7316,139.0371,147.3425,137.039,42.7809,139.0371,-1.8974,-2.0118,131.6027
2021-01-29 18:00:00,131.0906,139.2273,147.364,137.2233,42.8036,139.2273,-1.8688,-2.0559,131.6227
2021-01-29 17:00:00,131.4711,139.4153,147.3596,137.4132,42.9606,139.4153,-1.8221,-2.0842,131.7625
2021-01-29 16:00:00,131.8671,139.5937,147.3203,137.6047,42.769,139.5937,-1.7566,-2.1043,131.6327
2021-01-29 15:00:00,132.2977,139.775,147.2522,137.8072,42.4768,139.775,-1.6696,-2.0861,131.4331
2021-01-29 14:00:00,132.7715,139.9645,147.1575,138.0232,42.5087,139.9645,-1.5655,-2.0122,131.4629
2021-01-29 13:00:00,133.2765,140.1502,147.0239,138.2456,40.9323,140.1502,-1.4538,-1.8917,130.3846
2021-01-29 12:00:00,133.9334,140.3661,146.7988,138.5121,43.5528,140.3661,-1.3443,-1.6006,132.7909
2021-01-29 11:00:00,134.3825,140.531,146.6795,138.706,44.8672,140.531,-1.2803,-1.4507,133.9108
2021-01-29 10:00:00,134.7532,140.6738,146.5943,138.8686,46.1459,140.6738,-1.2377,-1.3523,134.9564
2021-01-29 09:00:00,135.0522,140.7986,146.545,139.0012,47.2476,140.7986,-1.209,-1.3136,135.8264
2021-01-29 08:00:00,135.296,140.9051,146.5142,139.1088,46.9905,140.9051,-1.1828,-1.3336,135.6467
2021-01-29 07:00:00,135.5664,141.0173,146.4682,139.2262,47.3434,141.0173,-1.1452,-1.3214,135.9262
2021-01-29 06:00:00,135.813,141.1005,146.388,139.338,47.1062,141.1005,-1.1011,-1.3151,135.7565
2021-01-29 05:00:00,136.0694,141.2498,146.4303,139.4594,46.3231,141.2498,-1.0476,-1.2706,135.1973
2021-01-28 20:00:00,136.4278,141.3705,146.3132,139.6039,47.8534,141.3705,-0.9918,-1.1385,136.4255
2021-01-28 19:00:00,136.6924,141.4735,146.2546,139.7117,48.2099,141.4735,-0.9552,-1.0783,136.7051
2021-01-28 18:00:00,136.9393,141.5565,146.1738,139.8136,48.8748,141.5565,-0.9244,-1.0143,137.2243
2021-01-28 17:00:00,137.1573,141.6354,146.1135,139.9014,48.3902,141.6354,-0.9019,-0.9707,136.8648
2021-01-28 16:00:00,137.4129,141.7153,146.0177,140.0043,48.3501,141.7153,-0.8847,-0.8643,136.8349
2021-01-28 15:00:00,137.6385,141.7706,145.9026,140.1117,51.3323,141.7706,-0.8898,-0.7129,139.1116
2021-01-28 14:00:00,137.6853,141.7854,145.8855,140.1456,52.5627,141.7854,-0.934,-0.7412,139.9903
2021-01-28 13:00:00,137.6733,141.7812,145.8891,140.1509,53.276,141.7812,-0.9823,-0.8558,140.4894
2021-01-28 12:00:00,137.6106,141.7594,145.9082,140.1394,51.1504,141.7594,-1.0139,-1.0406,138.8618
2021-01-28 11:00:00,137.6043,141.7577,145.9112,140.1827,51.362,141.7577,-1.0072,-1.0956,139.0117
2021-01-28 10:00:00,137.5962,141.7556,145.9149,140.2224,50.0628,141.7556,-0.9851,-1.1651,138.0531
2021-01-28 09:00:00,137.5759,141.7512,145.9265,140.296,52.8688,141.7512,-0.9401,-1.1392,139.9902
2021-01-28 08:00:00,137.4389,141.7142,145.9895,140.3063,51.0325,141.7142,-0.8903,-1.2868,138.6721
2021-01-28 07:00:00,137.3231,141.6886,146.054,140.3617,51.5411,141.6886,-0.7911,-1.3224,139.0116
2021-01-28 06:00:00,137.1497,141.6496,146.1495,140.4075,49.1673,141.6496,-0.6583,-1.3831,137.394
2021-01-28 05:00:00,137.1286,141.6453,146.162,140.5096,48.0553,141.6453,-0.4772,-1.2757,136.6751
2021-01-27 20:00:00,137.0373,141.6295,146.2217,140.6396,48.8582,141.6295,-0.2775,-1.0469,137.2243
2021-01-27 19:00:00,136.8969,141.6037,146.3105,140.7554,48.6588,141.6037,-0.0852,-0.7956,137.0945
2021-01-27 18:00:00,136.7883,141.5832,146.3782,140.8795,49.6843,141.5832,0.0924,-0.45,137.7935
2021-01-27 17:00:00,136.5915,141.5443,146.4971,140.9841,55.8152,141.5443,0.2281,-0.0736,141.4979
2021-01-27 16:00:00,136.2315,141.4401,146.6488,140.9667,57.3534,141.4401,0.3035,0.0308,142.3167
2021-01-27 15:00:00,135.9633,141.3378,146.7122,140.9209,56.2398,141.3378,0.3716,0.0802,141.5478
2021-01-27 14:00:00,135.7203,141.2496,146.7788,140.8997,59.4828,141.2496,0.4445,0.2204,143.1804
2021-01-27 13:00:00,135.5264,141.1443,146.7622,140.8224,59.3911,141.1443,0.5005,0.2299,143.1154
2021-01-27 12:00:00,135.3558,141.044,146.7321,140.7446,57.3463,141.044,0.5682,0.2453,141.7149
2021-01-27 11:00:00,135.1654,140.9598,146.7542,140.7117,60.3339,140.9598,0.6489,0.4039,143.1155
2021-01-27 10:00:00,134.9609,140.8467,146.7325,140.6303,59.5207,140.8467,0.7102,0.458,142.5662
2021-01-27 09:00:00,134.7348,140.736,146.7371,140.5646,60.882,140.736,0.7732,0.5762,143.1754
2021-01-27 08:00:00,134.5264,140.6157,146.705,140.4761,60.1325,140.6157,0.8225,0.6567,142.6661
2021-01-27 07:00:00,134.3176,140.5024,146.6872,140.4019,61.1261,140.5024,0.8639,0.8018,143.1055
2021-01-27 06:00:00,134.1173,140.3803,146.6434,140.3102,64.1338,140.3803,0.8795,0.9305,144.3736
2021-01-27 05:00:00,133.8762,140.2187,146.5612,140.1725,65.2526,140.2187,0.8667,0.9522,144.8229
2021-01-26 20:00:00,133.5688,140.029,146.4892,140.0149,65.2261,140.029,0.8453,0.9203,144.8029
2021-01-26 19:00:00,133.3175,139.8464,146.3754,139.8526,65.0688,139.8464,0.8266,0.8682,144.6831
2021-01-26 18:00:00,133.0489,139.6585,146.2682,139.6888,65.1171,139.6585,0.8162,0.8013,144.7031
2021-01-26 17:00:00,132.7945,139.4685,146.1425,139.5188,64.2703,139.4685,0.8199,0.7022,144.0541
2021-01-26 16:00:00,132.5448,139.2903,146.0357,139.3651,62.7875,139.2903,0.8494,0.6315,142.9707
2021-01-26 15:00:00,132.244,139.1208,145.9976,139.2429,62.3987,139.1208,0.9039,0.6425,142.6962
2021-01-26 14:00:00,131.9217,138.9484,145.975,139.1258,62.5188,138.9484,0.9692,0.6751,142.7475
2021-01-26 13:00:00,131.5945,138.7696,145.9447,139.003,61.4376,138.7696,1.0427,0.7017,141.9872
2021-01-26 12:00:00,131.2766,138.604,145.9314,138.9019,61.0312,138.604,1.128,0.8028,141.7076
2021-01-26 11:00:00,130.9518,138.4384,145.9251,138.8068,62.8454,138.4384,1.2093,0.9486,142.4863
2021-01-26 10:00:00,130.6732,138.2634,145.8537,138.682,63.681,138.2634,1.2744,1.0417,142.8359
2021-01-26 09:00:00,130.4024,138.0784,145.7544,138.5412,63.9917,138.0784,1.3326,1.1098,142.9657
2021-01-26 08:00:00,130.1492,137.8902,145.6312,138.3913,64.1811,137.8902,1.3883,1.1673,143.0456
2021-01-26 07:00:00,129.9315,137.7042,145.4769,138.2335,64.142,137.7042,1.4436,1.2156,143.0156
2021-01-26 06:00:00,129.7059,137.5125,145.3191,138.0714,64.0001,137.5125,1.5006,1.2626,142.9058
2021-01-26 05:00:00,129.3701,137.2939,145.2178,137.9075,63.431,137.2939,1.5601,1.3154,142.4664
2021-01-25 20:00:00,128.9396,137.0609,145.1823,137.753,63.5208,137.0609,1.6213,1.4084,142.5064
2021-01-25 19:00:00,128.5452,136.8281,145.111,137.5918,64.1907,136.8281,1.6745,1.5025,142.8059
2021-01-25 18:00:00,128.1769,136.5878,144.9987,137.4151,63.9414,136.5878,1.7175,1.5704,142.6062
2021-01-25 17:00:00,127.842,136.3532,144.8643,137.2391,65.5802,136.3532,1.7543,1.6544,143.3351
2021-01-25 16:00:00,127.5577,136.1057,144.6538,137.0325,64.7901,136.1057,1.7793,1.6634,142.6861
2021-01-25 15:00:00,127.2389,135.8607,144.4825,136.8408,64.5315,135.8607,1.8083,1.7168,142.4765
2021-01-25 14:00:00,126.9385,135.6188,144.299,136.6498,64.4948,135.6188,1.8312,1.7813,142.4465
2021-01-25 13:00:00,126.6598,135.3763,144.0928,136.4533,64.2161,135.3763,1.8436,1.8408,142.2168
2021-01-25 12:00:00,126.4015,135.1382,143.8748,136.2579,64.5627,135.1382,1.8443,1.9133,142.3766
2021-01-25 11:00:00,126.1543,134.8924,143.6304,136.0505,62.7588,134.8924,1.8271,1.9618,140.9188
2021-01-25 10:00:00,125.8863,134.672,143.4577,135.8855,72.1742,134.672,1.7934,2.1435,144.7181
2021-01-25 09:00:00,125.8262,134.3894,142.9525,135.586,69.4694,134.3894,1.7059,1.9575,142.4365
2021-01-25 08:00:00,125.6823,134.1461,142.6098,135.3538,69.967,134.1461,1.643,1.9239,142.6062
2021-01-25 07:00:00,125.5557,133.8946,142.2336,135.108,68.7769,133.8946,1.5728,1.8358,141.6876
2021-01-25 06:00:00,125.3724,133.6484,141.9245,134.8849,69.5725,133.6484,1.507,1.7901,141.9572
2021-01-25 05:00:00,125.2573,133.4036,141.55,134.6452,69.183,133.4036,1.4363,1.6783,141.6577
2021-01-22 20:00:00,125.19,133.1723,141.1546,134.4075,67.0986,133.1723,1.3758,1.5417,140.1499
2021-01-22 19:00:00,125.0992,132.9724,140.8457,134.2128,66.8798,132.9724,1.3343,1.4984,140.0001
2021-01-22 18:00:00,125.0528,132.7841,140.5153,134.0167,66.5,132.7841,1.2933,1.4367,139.7405
2021-01-22 17:00:00,125.0176,132.6007,140.1837,133.8226,65.6662,132.6007,1.2574,1.3634,139.1814
2021-01-22 16:00:00,124.9759,132.4261,139.8762,133.641,65.024,132.4261,1.2309,1.3069,138.7619
2021-01-22 15:00:00,124.8141,132.2239,139.6337,133.4674,65.3678,132.2239,1.2119,1.2586,138.8818
2021-01-22 14:00:00,124.6957,132.0237,139.3517,133.2838,63.6515,132.0237,1.2003,1.1663,137.7925
2021-01-22 13:00:00,124.557,131.8427,139.1283,133.131,63.6125,131.8427,1.2088,1.1426,137.7685
2021-01-22 12:00:00,124.4236,131.6587,138.8938,132.9738,62.5674,131.6587,1.2253,1.0981,137.1344
2021-01-22 11:00:00,124.2938,131.4878,138.6817,132.8328,61.7856,131.4878,1.2571,1.0898,136.6751
2021-01-22 10:00:00,124.2005,131.3355,138.4704,132.7025,63.0812,131.3355,1.299,1.1102,137.1344
2021-01-22 09:00:00,124.1744,131.1882,138.202,132.5523,60.5903,131.1882,1.3461,1.0734,135.7265
2021-01-22 08:00:00,124.1132,131.0643,138.0154,132.4447,60.4973,131.0643,1.4143,1.154,135.6766
2021-01-22 07:00:00,124.0709,130.9457,137.8204,132.3351,61.0352,130.9457,1.4794,1.2453,135.8663
2021-01-22 06:00:00,124.0221,130.8151,137.6081,132.2154,60.286,130.8151,1.5379,1.3244,135.457
2021-01-22 05:00:00,124.0066,130.7068,137.4069,132.1055,59.8977,130.7068,1.5913,1.4477,135.2473
2021-01-21 20:00:00,123.9883,130.5996,137.2109,131.999,62.5617,130.5996,1.6272,1.6055,136.1759
2021-01-21 19:00:00,124.0142,130.4778,136.9413,131.8575,62.798,130.4778,1.6327,1.6889,136.2558
2021-01-21 18:00:00,124.0493,130.351,136.6526,131.7084,64.6279,130.351,1.6186,1.7626,136.8648
2021-01-21 17:00:00,124.1312,130.214,136.2968,131.5336,65.3335,130.214,1.5826,1.7691,137.0944
2021-01-21 16:00:00,124.247,130.0726,135.8981,131.3451,64.6233,130.0726,1.536,1.7283,136.6651
2021-01-21 15:00:00,124.3727,129.9449,135.5172,131.1647,64.0591,129.9449,1.4879,1.6947,136.3306
2021-01-21 14:00:00,124.5026,129.8243,135.1461,130.9896,63.3558,129.8243,1.4362,1.6613,135.9213
2021-01-21 13:00:00,124.6298,129.7114,134.7931,130.8224,63.475,129.7114,1.38,1.6362,135.9612
2021-01-21 12:00:00,124.7733,129.5919,134.4104,130.6482,63.3138,129.5919,1.3159,1.5763,135.8663
2021-01-21 11:00:00,124.9356,129.4729,134.0102,130.4713,63.1709,129.4729,1.2508,1.4866,135.7815
2021-01-21 10:00:00,125.1374,129.367,133.5966,130.2913,61.2364,129.367,1.1918,1.359,134.6761
2021-01-21 09:00:00,125.2807,129.278,133.2754,130.1427,58.86,129.278,1.15,1.289,133.44
2021-01-21 08:00:00,125.3675,129.2196,133.0718,130.0309,60.059,129.2196,1.1153,1.3068,133.8494
2021-01-21 07:00:00,125.4896,129.1522,132.8148,129.9015,59.1815,129.1522,1.0674,1.2688,133.41
2021-01-21 06:00:00,125.5947,129.1025,132.6103,129.7826,58.9599,129.1025,1.0171,1.2465,133.3002
2021-01-21 05:00:00,125.7052,129.0444,132.3837,129.6633,59.1321,129.0444,0.9597,1.2112,133.3601
2021-01-20 20:00:00,125.8232,129.0013,132.1795,129.538,58.0063,129.0013,0.8969,1.1423,132.8009
2021-01-20 19:00:00,125.9135,128.9655,132.0176,129.4274,57.0719,128.9655,0.8355,1.0948,132.3516
2021-01-20 18:00:00,125.9861,128.9331,131.8801,129.3283,56.3718,128.9331,0.7707,1.0639,132.0221
2021-01-20 17:00:00,126.0488,128.9011,131.7535,129.237,56.4541,128.9011,0.6974,1.0426,132.0521
2021-01-20 16:00:00,126.118,128.8687,131.6194,129.1415,55.8627,128.8687,0.6111,0.9972,131.7725
2021-01-20 15:00:00,126.1496,128.8572,131.5648,129.0523,56.435,128.8572,0.5145,0.9532,131.9848
2021-01-20 14:00:00,126.204,128.838,131.472,128.9529,55.9159,128.838,0.4049,0.8616,131.7366
2021-01-20 13:00:00,126.2491,128.8213,131.3935,128.8586,55.7823,128.8213,0.2907,0.7574,131.6726
2021-01-20 12:00:00,126.2956,128.804,131.3124,128.7632,56.3456,128.804,0.174,0.6199,131.8873
2021-01-20 11:00:00,126.3562,128.7841,131.2121,128.6573,55.5762,128.7841,0.0625,0.4135,131.5129
2021-01-20 10:00:00,126.3911,128.7723,131.1535,128.5605,51.7277,128.7723,-0.0252,0.1821,129.7904
2021-01-20 09:00:00,126.3707,128.7868,131.2029,128.5188,48.4029,128.7868,-0.077,0.0596,128.4876
2021-01-20 08:00:00,126.3513,128.8276,131.3039,128.5199,48.5283,128.8276,-0.1112,0.035,128.5373
2021-01-20 07:00:00,126.3338,128.8678,131.4019,128.5193,48.1302,128.8678,-0.1477,-0.002,128.3876
2021-01-20 06:00:00,126.3285,128.9086,131.4887,128.5237,48.4743,128.9086,-0.1841,-0.034,128.5273
2021-01-20 05:00:00,126.3423,128.9271,131.5119,128.5236,48.3706,128.9271,-0.2216,-0.0885,128.4874
2021-01-19 20:00:00,126.3529,128.9352,131.5175,128.5248,47.0608,128.9352,-0.2549,-0.1527,127.9881
2021-01-19 19:00:00,126.376,128.9472,131.5185,128.543,46.9814,128.9472,-0.2805,-0.1816,127.9582
2021-01-19 18:00:00,126.4108,128.9725,131.5342,128.5628,46.8246,128.9725,-0.3052,-0.2129,127.8983
2021-01-19 17:00:00,126.4495,128.9993,131.5491,128.5854,46.8928,128.9993,-0.3283,-0.2435,127.9282
2021-01-19 16:00:00,126.4883,129.0276,131.5668,128.6077,46.1215,129.0276,-0.3495,-0.2821,127.6287
2021-01-19 15:00:00,126.5379,129.0509,131.5639,128.6408,46.2757,129.0509,-0.3663,-0.2968,127.6986
2021-01-19 14:00:00,126.5802,129.0694,131.5585,128.6728,46.4065,129.0694,-0.3837,-0.3184,127.7585
2021-01-19 13:00:00,126.6176,129.0852,131.5528,128.7038,46.5793,129.0852,-0.4,-0.3474,127.8385
2021-01-19 12:00:00,126.6527,129.1005,131.5483,128.7331,45.7859,129.1005,-0.4132,-0.3875,127.5189
2021-01-19 11:00:00,126.7027,129.119,131.5352,128.7743,44.2531,129.119,-0.4196,-0.4005,126.9171
2021-01-19 10:00:00,126.7806,129.1405,131.5003,128.8372,44.985,129.1405,-0.4244,-0.35,127.2692
2021-01-19 09:00:00,126.8244,129.1527,131.481,128.8904,46.0684,129.1527,-0.443,-0.3163,127.7785
2021-01-19 08:00:00,126.823,129.1523,131.4816,128.9281,46.8959,129.1523,-0.4747,-0.3205,128.1579
2021-01-19 07:00:00,126.8232,129.1524,131.4815,128.9542,48.1032,129.1524,-0.5133,-0.3599,128.6971
2021-01-19 06:00:00,126.8238,129.1527,131.4816,128.9629,48.1936,129.1527,-0.5516,-0.4598,128.737
2021-01-19 05:00:00,126.803,129.1432,131.4834,128.9705,48.1217,129.1432,-0.5746,-0.5847,128.7071
2021-01-15 20:00:00,126.8024,129.1429,131.4833,128.9795,42.7012,129.1429,-0.5721,-0.7325,126.6302
2021-01-15 19:00:00,126.9418,129.19,131.4382,129.0591,43.2135,129.19,-0.5319,-0.6992,126.8698
2021-01-15 18:00:00,127.065,129.2306,131.3962,129.1333,43.3413,129.2306,-0.4901,-0.6708,126.9297
2021-01-15 17:00:00,127.1875,129.2687,131.3498,129.208,42.7866,129.2687,-0.445,-0.6309,126.73
2021-01-15 16:00:00,127.34,129.3136,131.2872,129.292,43.0978,129.3136,-0.3985,-0.5505,126.8798
2021-01-15 15:00:00,127.4764,129.3482,131.2201,129.3738,44.4937,129.3482,-0.3605,-0.4551,127.5368
2021-01-15 14:00:00,127.5562,129.3714,131.1866,129.4361,46.2023,129.3714,-0.3368,-0.3936,128.2997
2021-01-15 13:00:00,127.5819,129.3807,131.1795,129.4746,46.1837,129.3807,-0.3226,-0.3871,128.2927
2021-01-15 12:00:00,127.6045,129.3884,131.1723,129.5146,46.7865,129.3884,-0.3065,-0.3725,128.5573
2021-01-15 11:00:00,127.6145,129.3923,131.17,129.5471,45.3979,129.3923,-0.29,-0.3753,128.033
2021-01-15 10:00:00,127.6665,129.4103,131.1541,129.5984,47.5473,129.4103,-0.2686,-0.32,128.9567
2021-01-15 09:00:00,127.6724,129.4136,131.1547,129.6202,47.1751,129.4136,-0.2558,-0.3389,128.8169
2021-01-15 08:00:00,127.6883,129.4225,131.1568,129.6474,47.293,129.4225,-0.235,-0.3438,128.8668
2021-01-15 07:00:00,127.7015,129.43,131.1585,129.6739,46.717,129.43,-0.2078,-0.3502,128.6472
2021-01-15 06:00:00,127.7257,129.4422,131.1587,129.7087,46.717,129.4422,-0.1722,-0.3309,128.6472
2021-01-15 05:00:00,127.747,129.4519,131.1569,129.7447,46.6145,129.4519,-0.1325,-0.3014,128.6072
2021-01-14 20:00:00,127.7789,129.4749,131.1708,129.7832,47.5138,129.4749,-0.0903,-0.2554,129.0066
2021-01-14 19:00:00,127.7895,129.4989,131.2082,129.8095,47.7175,129.4989,-0.049,-0.2335,129.0965
2021-01-14 18:00:00,127.7675,129.536,131.3044,129.8337,47.8295,129.536,-0.0028,-0.2114,129.1464
2021-01-14 17:00:00,127.7542,129.5702,131.3863,129.857,46.9475,129.5702,0.0493,-0.1851,128.7869
2021-01-14 16:00:00,127.7635,129.6085,131.4535,129.8933,46.8004,129.6085,0.1079,-0.1123,128.727
2021-01-14 15:00:00,127.7595,129.6556,131.5517,129.9328,48.3521,129.6556,0.1629,-0.0117,129.431
2021-01-14 14:00:00,127.7274,129.6935,131.6596,129.9498,48.1242,129.6935,0.2066,0.0453,129.3361
2021-01-14 13:00:00,127.7007,129.7338,131.7668,129.9706,49.4801,129.7338,0.2469,0.127,129.9352
2021-01-14 12:00:00,127.6569,129.7674,131.8778,129.9718,49.1748,129.7674,0.2769,0.1684,129.8053
2021-01-14 11:00:00,127.6272,129.8005,131.9737,129.9775,50.6153,129.8005,0.3041,0.232,130.4274
2021-01-14 10:00:00,127.6153,129.8141,132.0129,129.9622,49.175,129.8141,0.3221,0.2465,129.8154
2021-01-14 09:00:00,127.6171,129.8307,132.0444,129.9672,51.4879,129.8307,0.341,0.3238,130.774
2021-01-14 08:00:00,127.6018,129.8424,132.083,129.9399,51.2058,129.8424,0.3452,0.3201,130.6542
2021-01-14 07:00:00,127.564,129.8655,132.167,129.9156,50.6175,129.8655,0.3515,0.3229,130.4045
2021-01-14 06:00:00,127.562,129.8725,132.183,129.8991,49.9049,129.8725,0.3587,0.3472,130.105
2021-01-14 05:00:00,127.5525,129.8933,132.234,129.8921,49.9049,129.8933,0.3615,0.4037,130.105
2021-01-13 20:00:00,127.5293,129.9222,132.3151,129.8849,52.2884,129.9222,0.351,0.47,131.0835
2021-01-13 19:00:00,127.5021,129.9382,132.3743,129.8442,51.7098,129.9382,0.3213,0.448,130.8339
2021-01-13 18:00:00,127.4815,129.9547,132.4279,129.8107,51.4784,129.9547,0.2896,0.4389,130.734
2021-01-13 17:00:00,127.4566,129.9752,132.4937,129.7794,51.2486,129.9752,0.2522,0.4311,130.6342
2021-01-13 16:00:00,127.4391,129.9941,132.5492,129.7504,51.3922,129.9941,0.2075,0.425,130.6941
2021-01-13 15:00:00,127.43,130.0073,132.5846,129.7184,51.6533,130.0073,0.1531,0.405,130.804
2021-01-13 14:00:00,127.4298,130.0078,132.5857,129.6816,51.3329,130.0078,0.0901,0.3623,130.6591
2021-01-13 13:00:00,127.4296,130.0055,132.5814,129.6485,51.9749,130.0055,0.0221,0.3173,130.9337
2021-01-13 12:00:00,127.4301,129.9972,132.5643,129.6049,52.0214,129.9972,-0.0517,0.2273,130.9537
2021-01-13 11:00:00,127.4314,129.9922,132.553,129.5592,51.7666,129.9922,-0.1215,0.1071,130.8339
2021-01-13 10:00:00,127.432,129.988,132.544,129.516,49.1096,129.988,-0.1786,-0.0357,129.6357
2021-01-13 09:00:00,127.4414,129.996,132.5505,129.5119,47.5468,129.996,-0.2144,-0.0954,128.9767
2021-01-13 08:00:00,127.4759,130.0175,132.5591,129.5301,46.8907,130.0175,-0.2441,-0.1032,128.7071
2021-01-13 07:00:00,127.5225,130.0411,132.5598,129.558,48.5952,130.0411,-0.2793,-0.0842,129.4759
2021-01-13 06:00:00,127.5401,130.0556,132.5711,129.5608,48.663,130.0556,-0.3281,-0.1369,129.5059
2021-01-13 05:00:00,127.5125,130.0442,132.5758,129.5626,48.9314,130.0442,-0.3759,-0.2053,129.6257
2021-01-12 20:00:00,127.4364,130.0177,132.599,129.5605,47.5079,130.0177,-0.4186,-0.3018,129.0266
2021-01-12 19:00:00,127.3858,130.002,132.6183,129.5786,46.975,130.002,-0.4477,-0.3596,128.8069
2021-01-12 18:00:00,127.3104,129.9817,132.6531,129.6047,46.7333,129.9817,-0.4698,-0.4057,128.7071
2021-01-12 17:00:00,127.239,129.9626,132.6862,129.6352,46.8383,129.9626,-0.4858,-0.4486,128.757
2021-01-12 16:00:00,127.1617,129.9415,132.7212,129.6649,46.5309,129.9415,-0.4951,-0.5018,128.6271
2021-01-12 15:00:00,127.0876,129.9215,132.7554,129.7001,45.5317,129.9215,-0.4934,-0.5493,128.2078
2021-01-12 14:00:00,127.0156,129.904,132.7924,129.7507,45.0385,129.904,-0.4794,-0.5591,128.0031
2021-01-12 13:00:00,126.9497,129.8885,132.8273,129.8099,44.4353,129.8885,-0.4595,-0.5427,127.7535
2021-01-12 12:00:00,126.8855,129.8741,132.8626,129.8796,45.236,129.8741,-0.4387,-0.4885,128.1629
2021-01-12 11:00:00,126.7556,129.8445,132.9335,129.9378,46.3479,129.8445,-0.4262,-0.4539,128.7172
2021-01-12 10:00:00,126.7061,129.8284,132.9507,129.9792,45.0312,129.8284,-0.4193,-0.4595,128.1679
2021-01-12 09:00:00,126.7442,129.8432,132.9422,130.0406,46.0824,129.8432,-0.4093,-0.404,128.6871
2021-01-12 08:00:00,126.7776,129.862,132.9464,130.0865,47.7038,129.862,-0.4106,-0.3803,129.4559
2021-01-12 07:00:00,126.7872,129.8698,132.9524,130.1079,47.349,129.8698,-0.4182,-0.4227,129.3062
2021-01-12 06:00:00,126.7838,129.8679,132.9521,130.1351,47.1373,129.8679,-0.4171,-0.4554,129.2163
2021-01-12 05:00:00,126.7233,129.8455,132.9677,130.1662,47.5761,129.8455,-0.4075,-0.4814,129.426
2021-01-11 20:00:00,126.6633,129.821,132.9788,130.1913,46.4796,129.821,-0.3891,-0.5289,128.9567
2021-01-11 19:00:00,126.6293,129.8079,132.9864,130.2331,46.4093,129.8079,-0.3541,-0.5341,128.9267
2021-01-11 18:00:00,126.6027,129.7972,132.9917,130.2774,46.2472,129.7972,-0.3091,-0.53,128.8568
2021-01-11 17:00:00,126.5581,129.7811,133.0041,130.3256,46.0182,129.7811,-0.2539,-0.5098,128.7572
2021-01-11 16:00:00,126.5418,129.7746,133.0074,130.3788,46.0759,129.7746,-0.1899,-0.4665,128.787
2021-01-11 15:00:00,126.5754,129.8024,133.0294,130.4327,46.7128,129.8024,-0.1207,-0.4075,129.1165
2021-01-11 14:00:00,126.5987,129.8263,133.054,130.4773,46.7802,129.8263,-0.0491,-0.3598,129.1514
2021-01-11 13:00:00,126.6217,129.8522,133.0827,130.5223,47.1725,129.8522,0.0286,-0.2972,129.3561
2021-01-11 12:00:00,126.6396,129.8752,133.1108,130.5618,47.0874,129.8752,0.1101,-0.2339,129.3162
2021-01-11 11:00:00,126.6591,129.8991,133.1392,130.604,47.1995,129.8991,0.1961,-0.1456,129.3761
2021-01-11 10:00:00,126.6777,129.9221,133.1665,130.6457,46.8989,129.9221,0.2815,-0.0368,129.2313
2021-01-11 09:00:00,126.7002,129.9421,133.184,130.6936,48.3073,129.9421,0.361,0.1172,129.9852
2021-01-11 08:00:00,126.6996,129.9415,133.1834,130.7176,49.1923,129.9415,0.422,0.2354,130.4445
2021-01-11 07:00:00,126.6962,129.9357,133.1752,130.7269,50.9482,129.9357,0.4686,0.336,131.3231
2021-01-11 06:00:00,126.698,129.919,133.14,130.7067,50.7123,129.919,0.5018,0.3702,131.2033
2021-01-11 05:00:00,126.6988,129.9175,133.1362,130.6898,50.4781,129.9175,0.5347,0.4205,131.0835
2021-01-08 20:00:00,126.6362,129.8696,133.103,130.6765,51.4191,129.8696,0.5633,0.4908,131.5528
2021-01-08 19:00:00,126.6242,129.8313,133.0384,130.6468,51.7217,129.8313,0.5814,0.5257,131.7026
2021-01-08 18:00:00,126.6206,129.7924,132.9642,130.611,51.8217,129.7924,0.5953,0.5473,131.7525
2021-01-08 17:00:00,126.6322,129.7633,132.8944,130.5723,52.2187,129.7633,0.6073,0.5618,131.9522
2021-01-08 16:00:00,126.6489,129.7278,132.8067,130.5255,51.929,129.7278,0.6186,0.5519,131.7924
2021-01-08 15:00:00,126.6503,129.6846,132.7188,130.4826,50.9233,129.6846,0.6353,0.5474,131.2433
2021-01-08 14:00:00,126.6369,129.6479,132.659,130.4568,50.1211,129.6479,0.6573,0.5896,130.8139
2021-01-08 13:00:00,126.6216,129.62,132.6184,130.4447,51.3889,129.62,0.6743,0.6786,131.4729
2021-01-08 12:00:00,126.6205,129.5817,132.5429,130.4098,52.5171,129.5817,0.6732,0.7153,132.0421
2021-01-08 11:00:00,126.6424,129.5346,132.4269,130.3545,50.2168,129.5346,0.6627,0.6938,130.8239
2021-01-08 10:00:00,126.636,129.5092,132.3824,130.3386,51.276,129.5092,0.6549,0.7802,131.3521
2021-01-08 09:00:00,126.634,129.4697,132.3054,130.3042,52.2824,129.4697,0.6235,0.8254,131.8424
2021-01-08 08:00:00,126.6248,129.4095,132.1941,130.2521,52.6967,129.4095,0.5731,0.8212,132.0421
2021-01-08 07:00:00,126.647,129.3526,132.0581,130.1914,52.2878,129.3526,0.511,0.7836,131.8224
2021-01-08 06:00:00,126.6805,129.3351,131.9896,130.1361,52.5722,129.3351,0.4429,0.7465,131.9622
2021-01-08 05:00:00,126.7096,129.3232,131.9368,130.0742,52.2254,129.3232,0.367,0.674,131.7725
2021-01-07 20:00:00,126.5859,129.3542,132.1225,130.0166,51.6953,129.3542,0.2902,0.591,131.4829
2021-01-07 19:00:00,126.452,129.392,132.332,129.9669,50.4843,129.392,0.215,0.5061,130.8339
2021-01-07 18:00:00,126.3132,129.4412,132.5692,129.9376,49.8952,129.4412,0.1423,0.4563,130.5243
2021-01-07 17:00:00,126.1634,129.5008,132.8382,129.9177,49.7245,129.5008,0.0638,0.4177,130.4345
2021-01-07 16:00:00,126.074,129.5502,133.0264,129.9001,50.1351,129.5502,-0.0247,0.3714,130.6542
2021-01-07 15:00:00,126.0338,129.5812,133.1285,129.8746,49.9967,129.5812,-0.1237,0.2846,130.5793
2021-01-07 14:00:00,125.9971,129.6129,133.2287,129.8507,49.1357,129.6129,-0.2258,0.1773,130.115
2021-01-07 13:00:00,125.9673,129.651,133.3347,129.8417,49.4146,129.651,-0.3265,0.0851,130.2697
2021-01-07 12:00:00,125.9384,129.6869,133.4353,129.8272,49.1491,129.6869,-0.4295,-0.0496,130.1249
2021-01-07 11:00:00,125.9144,129.7245,133.5345,129.8171,49.5381,129.7245,-0.5244,-0.2061,130.3452
2021-01-07 10:00:00,125.8779,129.7652,133.6526,129.7992,46.6584,129.7652,-0.604,-0.4253,128.8172
2021-01-07 09:00:00,125.8994,129.8167,133.734,129.8325,45.0872,129.8167,-0.6486,-0.5433,128.0381
2021-01-07 08:00:00,125.9492,129.8865,133.8237,129.8934,45.1711,129.8865,-0.675,-0.6067,128.088
2021-01-07 07:00:00,126.0101,129.9475,133.885,129.9546,44.1499,129.9475,-0.692,-0.6838,127.5887
2021-01-07 06:00:00,126.0751,130.0365,133.998,130.0348,44.0884,130.0365,-0.6941,-0.7215,127.5588
2021-01-07 05:00:00,126.1399,130.1311,134.1224,130.1187,43.9469,130.1311,-0.6873,-0.756,127.4889
2021-01-06 20:00:00,126.1811,130.2421,134.3031,130.2078,43.8271,130.2421,-0.6701,-0.782,127.429
2021-01-06 19:00:00,126.238,130.3546,134.4713,130.302,43.2908,130.3546,-0.6421,-0.7977,127.1594
2021-01-06 18:00:00,126.3423,130.4648,134.5873,130.4086,43.1127,130.4648,-0.6032,-0.7787,127.0695
2021-01-06 17:00:00,126.4732,130.5723,134.6714,130.5217,42.7593,130.5723,-0.5593,-0.7339,126.8898
2021-01-06 16:00:00,126.6376,130.678,134.7184,130.6449,41.7711,130.678,-0.5157,-0.6478,126.3905
2021-01-06 15:00:00,126.8465,130.7985,134.7504,130.7891,43.7931,130.7985,-0.4826,-0.4776,127.7484
2021-01-06 14:00:00,126.9629,130.895,134.8271,130.8922,45.8977,130.895,-0.4839,-0.3917,129.0565
2021-01-06 13:00:00,127.0096,130.9699,134.9302,130.9544,47.1914,130.9699,-0.5069,-0.4096,129.8154
2021-01-06 12:00:00,127.0312,131.0308,135.0304,130.993,47.3815,131.0308,-0.5313,-0.5037,129.9252
2021-01-06 11:00:00,127.0517,131.0907,135.1297,131.0292,45.9549,131.0907,-0.5382,-0.6276,129.1932
2021-01-06 10:00:00,127.1062,131.1637,135.2213,131.0914,43.2147,131.1637,-0.5158,-0.7022,127.8683
2021-01-06 09:00:00,127.226,131.2716,135.3173,131.2007,43.3613,131.2716,-0.4692,-0.6523,127.9582
2021-01-06 08:00:00,127.3565,131.375,135.3934,131.3106,43.7016,131.375,-0.4235,-0.5882,128.1679
2021-01-06 07:00:00,127.4563,131.4876,135.5188,131.4171,43.8951,131.4876,-0.3823,-0.5192,128.2877
2021-01-06 06:00:00,127.5839,131.5859,135.588,131.5232,43.0687,131.5859,-0.3481,-0.4358,127.8883
2021-01-06 05:00:00,127.7405,131.6978,135.655,131.6464,43.8305,131.6978,-0.3262,-0.2823,128.3676
2021-01-05 20:00:00,127.8419,131.8153,135.7886,131.7576,47.4219,131.8153,-0.3372,-0.1311,130.4545
2021-01-05 19:00:00,127.835,131.8983,135.9616,131.8017,47.6054,131.8983,-0.3887,-0.1487,130.5543
2021-01-05 18:00:00,127.8261,131.9823,136.1385,131.844,47.8787,131.9823,-0.4486,-0.1792,130.7041
2021-01-05 17:00:00,127.8247,132.0619,136.299,131.8827,47.9329,132.0619,-0.516,-0.2307,130.734
2021-01-05 16:00:00,127.8374,132.1369,136.4364,131.9216,47.9684,132.1369,-0.5873,-0.2962,130.754
2021-01-05 15:00:00,127.8733,132.1993,136.5254,131.9612,47.9684,132.1993,-0.6601,-0.3775,130.754
2021-01-05 14:00:00,127.9101,132.2642,136.6183,132.0021,47.355,132.2642,-0.7307,-0.4758,130.4295
2021-01-05 13:00:00,127.9637,132.3357,136.7077,132.0554,46.4379,132.3357,-0.7945,-0.5613,129.9502
2021-01-05 12:00:00,128.0426,132.4182,136.7938,132.1268,46.6794,132.4182,-0.8528,-0.6134,130.095
2021-01-05 11:00:00,128.123,132.4954,136.8678,132.1956,47.0613,132.4954,-0.9126,-0.6858,130.3246
2021-01-05 10:00:00,128.1867,132.5772,136.9677,132.2591,48.3991,132.5772,-0.9693,-0.7915,131.1139
2021-01-05 09:00:00,128.2011,132.6575,137.1139,132.2979,42.4785,132.6575,-1.0138,-0.9953,128.2078
2021-01-05 08:00:00,128.4005,132.789,137.1775,132.4365,44.2809,132.789,-1.0184,-0.9451,129.2562
2021-01-05 07:00:00,128.5025,132.9161,137.3298,132.5443,44.4753,132.9161,-1.0367,-0.9741,129.3661
2021-01-05 06:00:00,128.6251,133.0355,137.4459,132.6521,45.6213,133.0355,-1.0524,-1.008,130.0051
2021-01-05 05:00:00,128.7264,133.139,137.5516,132.7418,45.231,133.139,-1.0634,-1.1017,129.8254
2021-01-04 20:00:00,128.7756,133.2754,137.7753,132.8407,43.8439,133.2754,-1.0539,-1.187,129.1963
2021-01-04 19:00:00,128.8953,133.4204,137.9455,132.9642,43.5089,133.4204,-1.0206,-1.2146,129.0466
2021-01-04 18:00:00,129.0773,133.5554,138.0334,133.097,43.6626,133.5554,-0.9721,-1.2168,129.1364
2021-01-04 17:00:00,129.2593,133.693,138.1267,133.2313,43.7301,133.693,-0.9109,-1.2112,129.1764
2021-01-04 16:00:00,129.4588,133.8285,138.1981,133.3687,43.7967,133.8285,-0.8358,-1.1904,129.2163
2021-01-04 15:00:00,129.683,133.9581,138.2332,133.5095,43.9315,133.9581,-0.7472,-1.1506,129.2982
2021-01-04 14:00:00,129.9233,134.083,138.2427,133.6522,43.2735,134.083,-0.6463,-1.0914,128.9845
2021-01-04 13:00:00,130.2133,134.2137,138.2141,133.8105,41.6496,134.2137,-0.535,-0.9681,128.2278
2021-01-04 12:00:00,130.616,134.3577,138.0993,133.9997,42.2778,134.3577,-0.4267,-0.7195,128.6272
2021-01-04 11:00:00,131.0173,134.4893,137.9613,134.1818,45.9371,134.4893,-0.3536,-0.4324,130.7723
2021-01-04 10:00:00,131.2092,134.5878,137.9663,134.2974,46.8287,134.5878,-0.3338,-0.2782,131.2522
2021-01-04 09:00:00,131.3839,134.6661,137.9482,134.4006,51.7194,134.6661,-0.3478,-0.1261,133.6297
2021-01-04 08:00:00,131.4161,134.7073,137.9985,134.4268,51.9885,134.7073,-0.4032,-0.1722,133.7495
2021-01-04 07:00:00,131.446,134.7463,138.0465,134.4497,52.0773,134.7463,-0.461,-0.2407,133.7895
2021-01-04 06:00:00,131.4718,134.7627,138.0535,134.4721,52.7641,134.7627,-0.516,-0.3288,134.099
2021-01-04 05:00:00,131.4932,134.7816,138.07,134.4848,51.339,134.7816,-0.5628,-0.4679,133.4
2020-12-31 20:00:00,131.5088,134.788,138.0672,134.5215,49.4316,134.788,-0.5865,-0.5675,132.5114
2020-12-31 19:00:00,131.5592,134.8036,138.048,134.5897,49.3658,134.8036,-0.5913,-0.5959,132.4814
2020-12-31 18:00:00,131.5711,134.8068,138.0424,134.6611,49.1925,134.8068,-0.5901,-0.6205,132.4015
2020-12-31 17:00:00,131.5839,134.8101,138.0363,134.7377,49.2339,134.8101,-0.5825,-0.6346,132.4215
