date,Upper BBand,Middle BBand,Lower BBand,EMA,RSI,SMA,MACD,MACD Signal,Closing Price
2021-02-22 19:00:00,213.5519,200.387,187.2221,200.1235,37.7772,200.387,-5.4655,-4.6303,188.8
2021-02-22 18:00:00,214.9985,201.3153,187.6321,200.9044,37.5205,201.3153,-5.4294,-4.4215,188.5
2021-02-22 17:00:00,217.0307,202.4087,187.7867,201.7599,37.5205,202.4087,-5.2737,-4.1695,188.5
2021-02-22 16:00:00,218.5246,203.4716,188.4186,202.6743,37.2383,203.4716,-4.9983,-3.8934,188.15
2021-02-22 15:00:00,219.318,204.4744,189.6309,203.676,37.8619,204.4744,-4.5385,-3.6172,189.47
2021-02-22 14:00:00,219.9573,205.4261,190.8949,204.6557,39.2981,205.4261,-4.02,-3.3869,192.45
2021-02-22 13:00:00,219.9529,206.0744,192.196,205.4975,41.0456,206.0744,-3.6032,-3.2286,195.91
2021-02-22 12:00:00,220.3067,206.6774,193.0482,206.1587,41.8356,206.6774,-3.371,-3.135,197.43
2021-02-22 11:00:00,220.4743,207.1631,193.8519,206.7607,41.3835,207.1631,-3.1804,-3.076,196.8
2021-02-22 10:00:00,220.9044,207.8031,194.7019,207.4476,46.888,207.8031,-2.8267,-3.0499,206.645
2021-02-22 09:00:00,221.774,208.1816,194.5892,207.503,40.9968,208.1816,-3.3365,-3.1057,199.0
2021-02-22 08:00:00,222.1799,208.7486,195.3173,208.0894,41.58,208.7486,-3.1603,-3.048,200.0
2021-02-22 07:00:00,222.551,209.2819,196.0129,208.6473,42.1597,209.2819,-2.9913,-3.0199,201.0
2021-02-19 20:00:00,223.0086,209.8193,196.63,209.1747,43.8438,209.8193,-2.8338,-3.0271,203.85
2021-02-19 19:00:00,223.5832,210.2846,196.986,209.5419,43.8438,210.2846,-2.8818,-3.0754,203.85
2021-02-19 18:00:00,223.7473,210.614,197.4807,209.9345,43.8956,210.614,-2.9012,-3.1238,203.94
2021-02-19 17:00:00,223.83,210.912,197.994,210.3479,43.9234,210.912,-2.8929,-3.1794,203.99
2021-02-19 16:00:00,224.3311,211.3969,198.4627,210.7864,43.9028,211.3969,-2.8453,-3.251,203.96
2021-02-19 15:00:00,224.7502,211.8802,199.0102,211.2571,47.4498,211.8802,-2.74,-3.3525,210.265
2021-02-19 14:00:00,225.7465,212.3014,198.8563,211.3256,46.8341,212.3014,-3.2079,-3.5056,209.33
2021-02-19 13:00:00,226.6863,212.757,198.8278,211.4632,46.3138,212.757,-3.6631,-3.58,208.53
2021-02-19 12:00:00,227.4571,213.2147,198.9723,211.6655,45.5148,213.2147,-4.1094,-3.5592,207.29
2021-02-19 11:00:00,228.19,213.7287,199.2674,211.9672,42.5594,213.7287,-4.4931,-3.4217,202.855
2021-02-19 10:00:00,228.5444,214.3685,200.1925,212.5957,38.6886,214.3685,-4.4658,-3.1539,197.515
2021-02-19 09:00:00,228.0207,215.139,202.2573,213.6357,43.3205,215.139,-3.8223,-2.8259,206.2799
2021-02-19 08:00:00,228.2401,215.6287,203.0172,214.143,43.1103,215.6287,-3.8379,-2.5767,206.0
2021-02-18 20:00:00,228.1255,216.0167,203.9078,214.7046,40.0536,216.0167,-3.7734,-2.2615,202.02
2021-02-18 19:00:00,228.0619,216.763,205.464,215.5794,40.0589,216.763,-3.231,-1.8835,202.03
2021-02-18 18:00:00,228.6055,217.6988,206.7921,216.5138,41.8929,217.6988,-2.4927,-1.5466,205.5
2021-02-18 17:00:00,228.9049,218.4311,207.9573,217.2734,38.9741,218.4311,-1.8674,-1.3101,201.75
2021-02-18 16:00:00,228.3458,219.3058,210.2658,218.344,48.2909,219.3058,-0.6603,-1.1707,216.65
2021-02-18 15:00:00,228.6865,219.5505,210.4144,218.4608,52.0441,219.5505,-0.6271,-1.2984,221.3
2021-02-18 14:00:00,228.8076,219.6075,210.4073,218.265,51.3273,219.6075,-1.0491,-1.4662,220.3885
2021-02-18 13:00:00,229.0316,219.7178,210.4041,218.1186,49.6071,219.7178,-1.4796,-1.5704,218.235
2021-02-18 12:00:00,229.2751,219.8887,210.5023,218.1105,49.4346,219.8887,-1.7883,-1.5931,218.02
2021-02-18 11:00:00,229.4857,220.0576,210.6295,218.1168,44.1772,220.0576,-2.1344,-1.5444,211.9
2021-02-18 10:00:00,229.4024,220.4256,211.4488,218.5455,45.7552,220.4256,-1.922,-1.3968,214.0
2021-02-18 09:00:00,229.496,220.7589,212.0219,218.859,43.9107,220.7589,-1.8368,-1.2655,212.0
2021-02-18 08:00:00,229.1554,221.0446,212.9338,219.332,47.0004,221.0446,-1.4977,-1.1227,216.0
2021-02-17 18:00:00,229.0805,221.1251,213.1697,219.5618,48.6552,221.1251,-1.4503,-1.029,218.0
2021-02-17 17:00:00,229.0886,221.2162,213.3439,219.6695,46.8555,221.2162,-1.5724,-0.9237,216.01
2021-02-17 16:00:00,229.0419,221.2492,213.4566,219.9219,46.8465,221.2492,-1.5027,-0.7615,216.0
2021-02-17 15:00:00,228.9506,221.3322,213.7139,220.1924,47.7264,221.3322,-1.3909,-0.5762,217.12
2021-02-17 14:00:00,228.9555,221.3282,213.701,220.4043,48.2657,221.3282,-1.342,-0.3725,217.8092
2021-02-17 13:00:00,228.9837,221.3013,213.6189,220.5833,44.6928,221.3013,-1.3302,-0.1302,213.733
2021-02-17 12:00:00,228.7348,221.4178,214.1009,221.0557,43.9092,221.4178,-0.8808,0.1698,212.88
2021-02-17 11:00:00,228.2894,221.6187,214.9479,221.6195,48.2942,221.6187,-0.2075,0.4325,218.535
2021-02-17 10:00:00,228.288,221.7155,215.143,221.8323,48.2279,221.7155,0.079,0.5925,218.46
2021-02-17 09:00:00,228.291,221.7125,215.134,222.0648,52.0461,221.7125,0.4513,0.7209,222.9
2021-02-16 20:00:00,228.2524,221.6867,215.1209,222.0072,52.136,221.6867,0.4678,0.7883,223.0
2021-02-16 17:00:00,228.3007,221.7107,215.1207,221.9388,51.5374,221.7107,0.4718,0.8684,222.26
2021-02-16 16:00:00,228.3076,221.7157,215.1238,221.9166,51.9191,221.7157,0.5455,0.9675,222.71
2021-02-16 15:00:00,228.2382,221.645,215.0518,221.8619,51.4081,221.645,0.5857,1.073,222.049
2021-02-16 14:00:00,228.2054,221.61,215.0147,221.849,50.3123,221.61,0.6959,1.1949,220.63
2021-02-16 13:00:00,228.4115,221.428,214.4446,221.9331,50.5765,221.428,0.9709,1.3196,220.97
2021-02-16 12:00:00,228.3967,221.369,214.3414,221.9995,47.991,221.369,1.2731,1.4068,217.64
2021-02-16 11:00:00,228.3637,221.411,214.4584,222.3001,53.4896,221.411,1.9794,1.4402,224.4093
2021-02-16 10:00:00,228.1415,221.2561,214.3707,222.1547,58.9866,221.2561,2.1628,1.3055,230.105
2021-02-16 09:00:00,227.0482,220.986,214.9237,221.6064,57.0109,220.986,1.7856,1.0911,227.47
2021-02-16 08:00:00,226.3969,220.81,215.223,221.202,57.5396,220.81,1.5464,0.9175,227.99
2021-02-12 20:00:00,225.7133,220.6697,215.626,220.7339,54.3944,220.6697,1.1657,0.7603,223.99
2021-02-12 19:00:00,225.6152,220.64,215.6648,220.5093,53.58,220.64,1.0701,0.6589,223.01
2021-02-12 17:00:00,225.5192,220.4293,215.3395,220.3368,54.2392,220.4293,1.0323,0.5561,223.7
2021-02-12 16:00:00,225.4248,220.4003,215.3758,220.1049,53.9694,220.4003,0.8988,0.4371,223.36
2021-02-12 15:00:00,225.3861,220.3883,215.3905,219.8804,53.7586,220.3883,0.7499,0.3216,223.0879
2021-02-12 14:00:00,225.1893,220.2931,215.3968,219.6592,53.647,220.2931,0.5767,0.2146,222.94
2021-02-12 13:00:00,224.9993,220.2027,215.4062,219.4329,54.5591,220.2027,0.3622,0.124,224.0
2021-02-12 12:00:00,224.6368,220.0361,215.4354,219.118,52.0068,220.0361,-0.0247,0.0645,220.57
2021-02-12 11:00:00,224.6206,220.0237,215.4269,219.0178,50.3118,220.0237,-0.1689,0.0868,218.415
2021-02-12 10:00:00,224.6183,220.0482,215.4782,219.0594,52.2306,220.0482,-0.1311,0.1507,220.734
2021-02-12 09:00:00,224.5716,220.0024,215.4332,218.9439,49.2159,220.0024,-0.3171,0.2211,217.0
2021-02-12 08:00:00,224.5442,220.1125,215.6809,219.078,50.4439,220.1125,-0.1697,0.3557,218.49
2021-02-11 19:00:00,224.541,220.1392,215.7374,219.1185,49.2191,220.1392,-0.1307,0.487,217.0
2021-02-11 17:00:00,224.5136,220.1559,215.7982,219.2646,49.2191,220.1559,0.0726,0.6415,217.0
2021-02-11 16:00:00,224.467,220.2695,216.0721,219.4208,49.3952,220.2695,0.331,0.7837,217.23
2021-02-11 15:00:00,224.5618,220.2299,215.898,219.5719,50.6715,220.2299,0.6326,0.8968,218.905
2021-02-11 14:00:00,226.3063,219.8257,213.3451,219.6179,52.6621,219.8257,0.8379,0.9629,221.44
2021-02-11 13:00:00,227.0092,219.3947,211.7803,219.4923,50.3801,219.3947,0.8295,0.9942,218.37
2021-02-11 12:00:00,227.5592,219.0824,210.6056,219.5696,53.4253,219.0824,1.1194,1.0353,222.125
2021-02-11 11:00:00,227.8387,218.6265,209.4144,219.3934,54.785,218.6265,1.0907,1.0143,223.72
2021-02-11 10:00:00,227.822,218.1175,208.413,219.095,53.8525,218.1175,0.8759,0.9952,222.41
2021-02-11 09:00:00,227.814,217.6532,207.4924,218.8664,52.538,217.6532,0.7223,1.025,220.59
2021-02-11 08:00:00,227.9118,217.2295,206.5473,218.7475,52.8659,217.2295,0.7011,1.1007,221.0
2021-02-10 19:00:00,227.9272,216.7749,205.6225,218.5922,48.4423,216.7749,0.6221,1.2006,215.17
2021-02-10 18:00:00,227.9383,216.6715,205.4047,218.8282,51.6835,216.6715,1.1059,1.3452,219.2
2021-02-10 17:00:00,227.7792,216.4315,205.0838,218.8026,51.4497,216.4315,1.2969,1.4051,218.9
2021-02-10 16:00:00,227.6187,216.2025,204.7863,218.7959,52.1489,216.2025,1.5523,1.4321,219.76
2021-02-10 15:00:00,227.3893,216.0428,204.6963,218.7294,53.9981,216.0428,1.7683,1.402,222.0021
2021-02-10 14:00:00,226.9402,215.8068,204.6733,218.5037,54.1537,215.8068,1.7899,1.3105,222.19
2021-02-10 13:00:00,226.6258,215.6904,204.755,218.2494,55.4615,215.6904,1.7723,1.1906,223.781
2021-02-10 12:00:00,227.6059,215.8911,204.1762,217.8679,55.012,215.8911,1.562,1.0452,223.1
2021-02-10 11:00:00,228.6366,216.1211,203.6055,217.5071,50.4624,216.1211,1.3403,0.916,216.69
2021-02-10 10:00:00,229.3132,216.3981,203.4829,217.5635,55.6759,216.3981,1.6905,0.81,222.83
2021-02-10 09:00:00,229.6769,216.5037,203.3305,217.2003,55.8303,216.5037,1.4876,0.5898,223.0
2021-02-10 08:00:00,230.0557,216.6141,203.1724,216.8003,53.8131,216.6141,1.1898,0.3654,220.23
2021-02-10 05:00:00,230.442,216.7581,203.0741,216.5637,53.8131,216.7581,1.0744,0.1593,220.23
2021-02-09 18:00:00,231.0864,216.9787,202.871,216.3109,52.921,216.9787,0.9115,-0.0695,219.0
2021-02-09 17:00:00,231.5299,217.1682,202.8066,216.1254,53.9029,217.1682,0.8156,-0.3148,220.2
2021-02-09 16:00:00,232.091,217.3782,202.6654,215.8444,53.1679,217.3782,0.559,-0.5974,219.15
2021-02-09 15:00:00,232.1367,217.4069,202.6771,215.6165,53.3323,217.4069,0.3304,-0.8865,219.36
2021-02-09 14:00:00,232.3114,217.4992,202.6871,215.3583,54.0582,217.4992,0.0124,-1.1907,220.3034
2021-02-09 13:00:00,232.6327,217.6391,202.6455,215.0172,53.3996,217.6391,-0.4898,-1.4915,219.29
2021-02-09 12:00:00,232.7942,217.7294,202.6647,214.7226,52.2303,217.7294,-1.0204,-1.7419,217.5
2021-02-09 11:00:00,233.05,217.8928,202.7355,214.531,54.3744,217.8928,-1.5005,-1.9223,220.41
2021-02-09 10:00:00,233.1489,217.9458,202.7426,214.1256,51.4832,217.9458,-2.3878,-2.0278,216.04
2021-02-09 09:00:00,233.454,218.1708,202.8875,213.9936,44.2465,218.1708,-3.0407,-1.9377,206.78
2021-02-09 08:00:00,233.5064,218.7218,203.9372,214.491,45.4714,218.7218,-2.8869,-1.662,208.51
2021-02-09 07:00:00,233.5458,219.1958,204.8457,214.9035,45.8187,219.1958,-2.8248,-1.3558,209.0
2021-02-08 20:00:00,233.5388,219.6518,205.7647,215.3107,45.3659,219.6518,-2.7542,-0.9886,208.4499
2021-02-08 19:00:00,233.4349,220.1401,206.8453,215.7838,45.3659,220.1401,-2.5682,-0.5471,208.4499
2021-02-08 18:00:00,233.0554,220.4231,207.7908,216.2896,45.3853,220.4231,-2.2934,-0.0419,208.48
2021-02-08 17:00:00,232.6592,220.6331,208.6071,216.8282,44.9316,220.6331,-1.9123,0.521,207.88
2021-02-08 16:00:00,232.729,220.6121,208.4952,217.4453,44.5457,220.6121,-1.337,1.1293,207.36
2021-02-08 15:00:00,232.5764,220.6601,208.7438,218.1409,47.4576,220.6601,-0.5303,1.7459,212.07
2021-02-08 14:00:00,232.8348,220.5508,208.2667,218.5595,47.4071,220.5508,0.0275,2.3149,211.9984
2021-02-08 13:00:00,233.0748,220.4438,207.8128,219.012,47.4265,220.4438,0.7463,2.8868,212.03
2021-02-08 12:00:00,233.4806,220.2728,207.0651,219.4936,49.244,220.2728,1.6497,3.4219,214.97
2021-02-08 11:00:00,233.7669,220.0735,206.3801,219.8055,49.212,220.0735,2.4794,3.865,214.92
2021-02-08 10:00:00,234.2407,219.7862,205.3317,220.1425,51.5887,219.7862,3.5075,4.2113,218.7
2021-02-08 09:00:00,234.4573,219.4455,204.4337,220.2419,59.7845,219.4455,4.3838,4.3873,229.8
2021-02-08 05:00:00,233.9049,218.6522,203.3994,219.5828,59.9504,218.6522,4.3083,4.3882,230.0
2021-02-05 20:00:00,233.7768,217.6329,201.489,218.8643,57.0718,217.6329,4.1289,4.4081,225.0
2021-02-05 17:00:00,233.7753,216.8402,199.9052,218.4412,57.876,216.8402,4.349,4.4779,226.0
2021-02-05 16:00:00,233.7337,215.9226,198.1115,217.9199,58.1215,215.9226,4.4648,4.5102,226.31
2021-02-05 15:00:00,233.6537,214.9161,196.1786,217.3412,57.1236,214.9161,4.5162,4.5215,224.55
2021-02-05 14:00:00,233.5798,213.9461,194.3125,216.8441,58.8965,213.9461,4.6952,4.5229,226.85
2021-02-05 13:00:00,233.0087,212.9008,192.7929,216.154,57.7019,212.9008,4.6212,4.4798,224.685
2021-02-05 12:00:00,232.5965,211.878,191.1594,215.5657,59.0937,211.878,4.68,4.4444,226.5
2021-02-05 11:00:00,231.6684,210.828,189.9875,214.8116,55.3731,210.828,4.5022,4.3855,220.01
2021-02-05 10:00:00,231.4141,209.9336,188.4532,214.4531,57.0105,209.9336,4.8706,4.3564,222.13
2021-02-05 09:00:00,230.7803,208.963,187.1457,213.9236,58.8923,208.963,5.054,4.2278,224.5
2021-02-04 20:00:00,229.5252,208.0098,186.4945,213.1942,57.4605,208.0098,4.9734,4.0212,222.0
2021-02-04 19:00:00,228.4101,207.1601,185.9102,212.5869,57.7717,207.1601,5.0526,3.7832,222.4
2021-02-04 17:00:00,227.0655,206.3418,185.6182,211.9102,57.5494,206.3418,5.0395,3.4659,222.0
2021-02-04 16:00:00,225.6574,205.4968,185.3363,211.2143,58.1336,205.4968,4.9903,3.0725,222.79
2021-02-04 15:00:00,224.0278,204.5515,185.0751,210.416,58.5115,204.5515,4.7744,2.593,223.31
2021-02-04 14:00:00,222.0852,203.5958,185.1065,209.5268,58.2187,203.5958,4.3764,2.0477,222.73
2021-02-04 13:00:00,221.0733,203.3715,185.6697,208.6162,58.1941,203.3715,3.8639,1.4655,222.68
2021-02-04 12:00:00,219.594,203.0321,186.4703,207.6463,58.4735,203.0321,3.1586,0.8659,223.1
2021-02-04 11:00:00,217.8249,202.6538,187.4828,206.5805,55.4397,202.6538,2.1697,0.2927,216.94
2021-02-04 10:00:00,217.0266,202.4581,187.8897,205.8661,54.3082,202.4581,1.5032,-0.1766,214.78
2021-02-04 09:00:00,216.518,202.3278,188.1376,205.2513,50.0324,202.3278,0.8504,-0.5965,207.25
2021-02-04 08:00:00,216.9309,202.4681,188.0054,205.1135,50.9817,202.4681,0.7717,-0.9583,208.8
2021-02-03 20:00:00,217.6428,202.6705,187.6982,204.8592,50.9759,202.6705,0.5021,-1.3908,208.79
2021-02-03 19:00:00,218.2901,202.8638,187.4375,204.5881,50.9759,202.8638,0.1517,-1.864,208.79
2021-02-03 18:00:00,218.2381,202.8426,187.4472,204.2984,49.9294,202.8426,-0.2977,-2.3679,206.9
2021-02-03 17:00:00,218.0873,202.7553,187.4233,204.1189,51.0954,202.7553,-0.6746,-2.8855,208.99
2021-02-03 16:00:00,218.3327,202.839,187.3453,203.783,49.632,202.839,-1.3586,-3.4382,206.3
2021-02-03 15:00:00,219.9357,203.2956,186.6556,203.6094,50.8234,203.2956,-1.938,-3.9581,208.4801
2021-02-03 14:00:00,221.6108,203.7463,185.8818,203.2735,49.49,203.7463,-2.8712,-4.4631,206.0
2021-02-03 13:00:00,222.6917,204.1396,185.5876,203.0855,45.7166,204.1396,-3.7682,-4.8611,199.4225
2021-02-03 12:00:00,223.8503,204.7532,185.6562,203.3381,46.6367,204.7532,-4.1884,-5.1343,201.2195
2021-02-03 11:00:00,225.1247,205.3626,185.6005,203.4842,44.9994,205.3626,-4.8469,-5.3708,198.4699
2021-02-03 10:00:00,226.1832,206.0352,185.8873,203.83,43.5673,206.0352,-5.3369,-5.5018,196.1175
2021-02-03 09:00:00,226.3681,206.509,186.6499,204.3619,43.1614,206.509,-5.6451,-5.543,195.45
2021-02-03 08:00:00,226.6175,207.0803,187.5431,204.9765,43.1794,207.0803,-5.8885,-5.5175,195.49
2021-02-02 20:00:00,227.1513,207.7948,188.4384,205.6308,42.3135,207.7948,-6.1176,-5.4247,194.0
2021-02-02 18:00:00,227.8722,208.6835,189.4948,206.4329,42.736,208.6835,-6.1692,-5.2515,195.0
2021-02-02 17:00:00,228.7858,209.6193,190.4528,207.2214,41.7121,209.6193,-6.2473,-5.022,193.18
2021-02-02 16:00:00,229.3633,210.6157,191.868,208.1897,41.6178,210.6157,-6.0707,-4.7157,193.01
2021-02-02 15:00:00,229.3661,211.5153,193.6646,209.2366,42.7561,211.5153,-5.7397,-4.377,195.905
2021-02-02 14:00:00,229.2694,212.2518,195.2343,210.156,42.9936,212.2518,-5.5285,-4.0363,196.51
2021-02-02 13:00:00,229.074,212.9748,196.8757,211.0972,43.5112,212.9748,-5.2401,-3.6633,197.85
2021-02-02 12:00:00,228.8131,213.6432,198.4732,212.0108,42.9163,213.6432,-4.9323,-3.269,196.65
2021-02-02 11:00:00,228.0977,214.2882,200.4787,213.0701,41.8206,214.2882,-4.3454,-2.8532,194.43
2021-02-02 10:00:00,226.6882,215.0072,203.3262,214.3556,41.8941,215.0072,-3.3071,-2.4802,194.64
2021-02-02 09:00:00,224.6021,215.7005,206.7989,215.7153,50.6504,215.7005,-1.9552,-2.2735,216.0
2021-02-01 20:00:00,225.1855,215.9268,206.6682,215.6957,48.9607,215.9268,-2.376,-2.353,212.5
2021-02-01 18:00:00,225.74,216.2658,206.7917,215.9161,48.5961,216.2658,-2.5222,-2.3473,211.75
2021-02-01 17:00:00,226.2598,216.6408,207.0218,216.2034,48.2723,216.6408,-2.5957,-2.3036,211.07
2021-02-01 16:00:00,226.5541,216.9965,207.4389,216.5574,48.1795,216.9965,-2.5826,-2.2305,210.87
2021-02-01 15:00:00,227.9967,217.6352,207.2736,216.9497,48.4273,217.6352,-2.5079,-2.1425,211.46
2021-02-01 14:00:00,231.4249,218.5838,205.7428,217.3283,49.8601,218.5838,-2.4361,-2.0512,214.87
2021-02-01 13:00:00,233.2952,219.2545,205.2138,217.4978,49.742,219.2545,-2.6563,-1.955,214.59
2021-02-01 12:00:00,234.6305,219.8682,205.1058,217.6984,46.9688,219.8682,-2.8703,-1.7796,208.155
2021-02-01 11:00:00,234.5665,220.3963,206.2261,218.3565,45.2088,220.3963,-2.4463,-1.507,204.28
2021-02-01 10:00:00,235.2588,221.4283,207.5979,219.3273,48.0829,221.4283,-1.4751,-1.2721,211.5
2021-02-01 09:00:00,236.0711,222.145,208.2189,219.8671,51.833,222.145,-0.9492,-1.2214,220.0
2021-02-01 08:00:00,237.3227,222.6533,207.984,219.858,52.7691,222.6533,-1.1296,-1.2894,222.0
2021-01-29 19:00:00,238.4385,223.0943,207.7502,219.7102,50.9716,223.0943,-1.547,-1.3294,217.8
2021-01-29 18:00:00,239.701,223.7277,207.7543,219.842,50.985,223.7277,-1.6296,-1.275,217.83
2021-01-29 17:00:00,242.4627,224.6838,206.905,219.9807,51.7165,224.6838,-1.7145,-1.1863,219.5
2021-01-29 16:00:00,244.7982,225.5665,206.3348,220.0139,51.3732,225.5665,-1.9678,-1.0543,218.65
2021-01-29 15:00:00,248.0405,226.6969,205.3534,220.108,47.8665,226.6969,-2.176,-0.8259,210.33
2021-01-29 14:00:00,248.6394,227.6826,206.7258,220.7823,48.7904,227.6826,-1.563,-0.4883,212.59
2021-01-29 13:00:00,249.3491,228.6326,207.9161,221.3473,50.6014,228.6326,-0.988,-0.2197,216.925
2021-01-29 12:00:00,250.8077,228.0789,205.3502,221.6523,52.2156,228.0789,-0.681,-0.0276,220.66
2021-01-29 11:00:00,251.1924,227.7402,204.2881,221.7207,53.2779,227.7402,-0.6596,0.1358,223.075
2021-01-29 10:00:00,251.2833,227.5004,203.7175,221.6273,53.276,227.5004,-0.8686,0.3346,223.07
2021-01-29 09:00:00,251.5657,227.0981,202.6305,221.5278,52.1188,227.0981,-1.1221,0.6354,220.0
2021-01-29 08:00:00,251.6798,226.9081,202.1363,221.6332,51.3602,226.9081,-1.1169,1.0748,218.0
2021-01-28 20:00:00,251.9053,226.6747,201.4442,221.8837,51.4389,226.6747,-0.8903,1.6227,218.2
2021-01-28 19:00:00,251.9819,226.5514,201.1209,222.1378,51.3307,226.5514,-0.6085,2.251,217.9
2021-01-28 18:00:00,252.0494,226.4404,200.8314,222.4301,50.6573,226.4404,-0.2094,2.9659,216.0
2021-01-28 17:00:00,252.0485,226.4419,200.8354,222.8735,50.6573,226.4419,0.4964,3.7597,216.0
2021-01-28 16:00:00,252.2592,226.2437,200.2283,223.3475,50.4686,226.2437,1.3902,4.5755,215.44
2021-01-28 15:00:00,252.6787,225.9286,199.1785,223.8929,53.0429,225.9286,2.5677,5.3718,222.79
2021-01-28 14:00:00,253.221,225.2796,197.3382,223.969,53.005,225.2796,3.2849,6.0729,222.67
2021-01-28 13:00:00,253.1865,225.0482,196.91,224.0585,53.1188,225.0482,4.1647,6.7699,223.0
2021-01-28 12:00:00,253.5978,224.3874,195.1771,224.1315,52.7444,224.3874,5.1936,7.4212,221.74
2021-01-28 11:00:00,255.3167,223.2461,191.1755,224.2965,55.5665,223.2461,6.5595,7.9781,230.03
2021-01-28 10:00:00,256.0184,221.9084,187.7984,223.9011,59.2205,221.9084,7.3634,8.3327,239.92
2021-01-28 09:00:00,255.8775,220.1111,184.3447,222.7963,57.886,220.1111,7.2754,8.575,234.99
2021-01-28 08:00:00,255.9488,218.4264,180.904,221.9554,57.3413,218.4264,7.5593,8.8999,233.0
2021-01-28 05:00:00,255.9211,216.7714,177.6217,221.1937,54.7845,216.7714,8.0142,9.2351,224.0
2021-01-27 20:00:00,256.071,215.5044,174.9379,221.0001,59.0578,215.5044,9.3947,9.5403,235.24
2021-01-27 18:00:00,255.3407,213.7257,172.1108,220.0181,58.4332,213.7257,9.8756,9.5767,233.0
2021-01-27 17:00:00,253.9623,212.4607,170.9592,219.1228,59.3118,212.4607,10.5739,9.502,235.25
2021-01-27 16:00:00,252.1644,211.1637,170.1631,218.0105,59.3065,211.1637,11.0822,9.2341,235.23
2021-01-27 15:00:00,250.2095,209.8331,169.4567,216.823,59.8938,209.8331,11.5718,8.772,236.8
2021-01-27 14:00:00,247.8488,208.5684,169.2881,215.4453,63.6648,208.5684,11.8686,8.0721,246.515
2021-01-27 13:00:00,243.8154,207.1186,170.4219,213.3025,63.5426,207.1186,11.0856,7.123,245.98
2021-01-27 12:00:00,239.9457,206.0653,172.1849,211.0489,66.1904,206.0653,9.9795,6.1323,252.5634
2021-01-27 11:00:00,233.8696,204.6502,175.4307,208.1858,63.3508,204.6502,7.7522,5.1705,239.9
2021-01-27 10:00:00,230.0818,203.7455,177.4092,205.9986,63.8378,203.7455,6.0859,4.5251,241.0901
2021-01-27 09:00:00,225.7125,202.8758,180.0392,203.5785,51.4825,202.8758,3.7494,4.1349,200.314
2021-01-27 08:00:00,227.1544,203.532,179.9097,203.8037,56.1119,203.532,4.8645,4.2313,210.5
2021-01-27 05:00:00,226.7988,203.317,179.8353,203.3419,58.8121,203.317,5.1798,4.073,215.88
2021-01-26 20:00:00,225.9381,202.921,179.904,202.4772,56.9977,202.921,4.9592,3.7963,211.0
2021-01-26 19:00:00,225.5391,202.7077,179.8763,201.8894,58.6877,202.7077,5.1023,3.5055,214.3
2021-01-26 18:00:00,224.8297,202.3903,179.951,201.0335,57.4687,202.3903,4.8748,3.1063,211.0
2021-01-26 17:00:00,224.4183,202.1857,179.9531,200.3461,59.2615,202.1857,4.8494,2.6642,214.5
2021-01-26 16:00:00,223.4271,201.6061,179.785,199.37,59.2973,201.6061,4.3902,2.1179,214.57
2021-01-26 15:00:00,222.3545,200.9357,179.517,198.3217,60.0353,200.9357,3.7331,1.5498,216.045
2021-01-26 14:00:00,221.1547,199.9946,178.8344,197.0994,57.9824,199.9946,2.6898,1.004,210.055
2021-01-26 13:00:00,220.5135,199.2499,177.9863,196.2059,56.5152,199.2499,1.9291,0.5826,205.985
2021-01-26 12:00:00,220.0845,198.7099,177.3354,195.5315,55.5324,198.7099,1.3444,0.246,203.32
2021-01-26 11:00:00,219.7679,198.3326,176.8973,194.9944,61.8221,198.3326,0.8499,-0.0286,215.73
2021-01-26 10:00:00,218.2515,197.3083,176.3651,193.5643,57.0666,197.3083,-1.0571,-0.2483,203.175
2021-01-26 09:00:00,218.0052,196.6828,175.3603,192.9015,49.4703,196.6828,-2.1975,-0.046,187.5
2021-01-26 08:00:00,218.1075,196.5798,175.052,193.2741,50.8007,196.5798,-2.0251,0.4918,189.9
2021-01-25 20:00:00,218.3637,196.3091,174.2545,193.5068,48.6308,196.3091,-2.02,1.1211,186.0
2021-01-25 19:00:00,218.5152,196.1818,173.8485,194.0245,47.7453,196.1818,-1.5869,1.9063,184.45
2021-01-25 18:00:00,218.6824,196.0622,173.4419,194.6848,47.1201,196.0622,-0.8533,2.7796,183.35
2021-01-25 17:00:00,218.7311,196.0257,173.3204,195.4665,48.4655,196.0257,0.2075,3.6878,185.99
2021-01-25 16:00:00,219.0322,195.7981,172.5639,196.12,46.1516,195.7981,1.2897,4.5579,181.88
2021-01-25 15:00:00,219.2796,195.6551,172.0305,197.1021,53.6075,195.6551,3.0706,5.375,195.05
2021-01-25 14:00:00,219.2662,195.3021,171.3379,197.2436,54.4402,195.3021,3.9581,5.9511,196.34
2021-01-25 13:00:00,219.2729,194.8074,170.3419,197.306,53.8879,194.8074,4.9019,6.4493,195.311
2021-01-25 12:00:00,219.2857,194.3351,169.3845,197.4435,56.1578,194.3351,6.1401,6.8362,198.86
2021-01-25 11:00:00,219.0381,193.7851,168.5321,197.3458,58.9724,193.7851,7.2698,7.0102,203.02
2021-01-25 10:00:00,218.4137,193.1241,167.8345,196.9545,67.9644,193.1241,8.1823,6.9453,214.38
2021-01-25 09:00:00,216.3447,192.0679,167.7911,195.7528,66.0855,192.0679,8.0714,6.6361,210.11
2021-01-25 08:00:00,214.6794,191.2268,167.7743,194.7626,68.4956,191.2268,8.2473,6.2772,212.76
2021-01-25 07:00:00,212.4362,190.2842,168.1321,193.5214,70.5995,190.2842,8.0819,5.7847,215.0
2021-01-25 06:00:00,209.5097,189.2955,169.0813,192.0401,75.6107,189.2955,7.5252,5.2104,220.0
2021-01-25 05:00:00,204.8553,188.0883,171.3214,190.1119,68.7765,188.0883,6.1961,4.6317,204.05
2021-01-22 19:00:00,203.2121,187.5277,171.8432,189.1506,68.7499,187.5277,6.0336,4.2406,204.0
2021-01-22 18:00:00,201.3966,186.9543,172.5121,188.1265,69.4344,186.9543,5.7435,3.7924,204.6
2021-01-22 17:00:00,199.165,186.2677,173.3704,186.9904,69.6348,186.2677,5.2285,3.3046,204.7794
2021-01-22 16:00:00,196.4961,185.5537,174.6112,185.7636,69.7222,185.5537,4.477,2.8237,204.86
2021-01-22 15:00:00,193.1184,184.822,176.5256,184.4466,65.725,184.822,3.4444,2.4104,197.1117
2021-01-22 14:00:00,191.2972,184.3483,177.3994,183.5731,64.1596,184.3483,2.8653,2.1518,194.46
2021-01-22 13:00:00,189.8215,183.9425,178.0635,182.8223,59.6976,183.9425,2.3544,1.9735,187.81
2021-01-22 12:00:00,189.4872,183.7735,178.0598,182.4783,59.6288,183.7735,2.3452,1.8783,187.7159
2021-01-22 11:00:00,189.1367,183.5873,178.038,182.1171,61.8723,183.5873,2.3089,1.7615,189.785
2021-01-22 10:00:00,188.554,183.4455,178.337,181.5883,64.3787,183.4455,2.0183,1.6247,192.0
2021-01-22 09:00:00,187.2281,183.0333,178.8386,180.8703,59.3477,183.0333,1.3925,1.5263,185.0
2021-01-21 17:00:00,187.9583,182.657,177.3557,180.5855,58.8745,182.657,1.2863,1.5598,184.41
2021-01-21 16:00:00,188.666,182.2567,175.8473,180.3217,58.8745,182.2567,1.1921,1.6281,184.41
2021-01-21 15:00:00,189.8562,181.7097,173.5632,180.0398,56.7787,181.7097,1.0545,1.7371,181.78
2021-01-21 14:00:00,190.497,181.3137,172.1303,179.9197,57.2096,181.3137,1.1313,1.9078,182.1821
2021-01-21 13:00:00,190.8333,180.9409,171.0485,179.7637,56.1515,180.9409,1.172,2.1019,180.8595
2021-01-21 12:00:00,191.2532,180.5689,169.8847,179.6881,57.6064,180.5689,1.3415,2.3344,182.257
2021-01-21 11:00:00,191.509,180.1472,168.7854,179.511,55.115,180.1472,1.396,2.5826,179.16
2021-01-21 10:00:00,191.8225,179.8205,167.8185,179.5352,53.784,179.8205,1.7606,2.8793,177.59
2021-01-21 09:00:00,191.9954,179.5995,167.2037,179.6693,61.4977,179.5995,2.3603,3.1589,184.46
2021-01-20 18:00:00,191.759,179.1665,166.5741,179.3389,59.0517,179.1665,2.3919,3.3586,181.5
2021-01-20 17:00:00,191.8645,178.7302,165.5959,179.1899,58.7453,178.7302,2.6987,3.6003,181.142
2021-01-20 16:00:00,192.028,178.2525,164.4769,179.0553,60.2275,178.2525,3.0876,3.8257,182.36
2021-01-20 15:00:00,191.7879,177.8876,163.9874,178.8274,61.2442,177.8876,3.415,4.0102,183.189
2021-01-20 14:00:00,191.409,177.6147,163.8203,178.5266,60.8636,177.6147,3.6988,4.159,182.695
2021-01-20 13:00:00,191.0474,177.3442,163.6409,178.2391,63.5283,177.3442,4.0576,4.274,184.878
2021-01-20 12:00:00,190.4421,176.9846,163.527,177.7812,63.2447,176.9846,4.2342,4.3281,184.48
2021-01-20 11:00:00,189.8496,176.6686,163.4875,177.3192,64.2891,176.6686,4.4386,4.3515,185.3401
2021-01-20 10:00:00,189.0961,176.2659,163.4357,176.7661,63.2278,176.2659,4.5473,4.3298,183.785
2021-01-20 09:00:00,188.4883,175.9517,163.4152,176.282,67.5251,175.9517,4.7783,4.2754,187.23
2021-01-20 08:00:00,187.3283,175.4516,163.5748,175.527,67.2566,175.4516,4.6528,4.1497,186.8
2021-01-19 19:00:00,186.1889,175.0826,163.9762,174.7495,65.4589,175.0826,4.4687,4.0239,184.0
2021-01-19 18:00:00,185.3836,174.7822,164.1809,174.1116,65.0347,174.7822,4.4539,3.9127,183.36
2021-01-19 17:00:00,184.5645,174.3561,164.1476,173.4737,64.7404,174.3561,4.4354,3.7774,182.91
2021-01-19 16:00:00,183.7516,173.9044,164.0572,172.823,64.734,173.9044,4.393,3.6129,182.9
2021-01-19 15:00:00,182.9709,173.3544,163.7379,172.128,64.3508,173.3544,4.276,3.4179,182.285
2021-01-19 14:00:00,182.6539,172.6449,162.6359,171.4275,64.8572,172.6449,4.1271,3.2033,182.7421
2021-01-19 13:00:00,182.0643,171.9152,161.766,170.6472,64.4955,171.9152,3.8306,2.9724,182.13
2021-01-19 12:00:00,181.3747,171.2058,161.037,169.8553,68.2681,171.2058,3.4586,2.7578,185.53
2021-01-19 11:00:00,179.8508,170.3505,160.8502,168.7743,64.8191,170.3505,2.5874,2.5826,179.635
2021-01-19 10:00:00,179.3084,169.6783,160.0482,168.0252,60.6651,169.6783,2.038,2.5814,173.71
2021-01-19 09:00:00,179.1986,169.278,159.3574,167.6332,59.6467,169.278,1.9104,2.7173,172.4
2021-01-15 20:00:00,179.0128,169.01,159.0072,167.3044,55.9434,169.01,1.8531,2.919,168.0
2021-01-15 19:00:00,179.1122,168.8153,158.5185,167.2565,58.1719,168.8153,2.201,3.1855,169.9
2021-01-15 18:00:00,179.3801,168.43,157.4799,167.0742,59.4982,168.43,2.4196,3.4316,171.0
2021-01-15 17:00:00,179.6255,167.9567,156.2878,166.8034,58.415,167.9567,2.5514,3.6846,169.7
2021-01-15 16:00:00,180.7261,167.2718,153.8175,166.6037,58.3363,167.2718,2.8149,3.9679,169.605
2021-01-15 15:00:00,181.6689,166.545,151.4211,166.3967,58.1388,166.545,3.12,4.2562,169.36
2021-01-15 14:00:00,182.4962,165.7796,149.0631,166.1923,59.9326,165.7796,3.4889,4.5402,170.96
2021-01-15 13:00:00,182.7515,165.025,147.2984,165.8635,60.5079,165.025,3.7462,4.803,171.47
2021-01-15 12:00:00,182.8015,164.2476,145.6938,165.4768,58.1795,164.2476,3.9681,5.0673,168.4098
2021-01-15 11:00:00,182.9395,163.5673,144.1951,165.2746,56.8953,163.5673,4.5052,5.3421,166.81
2021-01-15 10:00:00,183.0627,162.9366,142.8106,165.1687,62.2112,162.9366,5.2881,5.5513,171.415
2021-01-15 09:00:00,182.7372,162.1453,141.5534,164.7379,66.9163,162.1453,5.7415,5.6171,175.0
2021-01-14 20:00:00,181.8671,161.248,140.6288,164.0301,66.6305,161.248,5.8718,5.586,174.58
2021-01-14 19:00:00,180.9972,160.2988,139.6005,163.3026,66.3021,160.2988,5.9954,5.5145,174.09
2021-01-14 18:00:00,180.1076,159.3126,138.5177,162.5586,67.4943,159.3126,6.1158,5.3943,175.0
2021-01-14 17:00:00,178.908,158.2943,137.6806,161.7006,66.3768,158.2943,6.088,5.2139,173.26
2021-01-14 16:00:00,177.7086,157.3646,137.0207,160.9034,67.8012,157.3646,6.141,4.9954,174.36
2021-01-14 15:00:00,176.0697,156.5026,136.9356,159.9753,66.4505,156.5026,6.0074,4.709,172.225
2021-01-14 14:00:00,174.5742,155.7201,136.8661,159.1305,71.1899,155.7201,5.9668,4.3844,175.73
2021-01-14 13:00:00,172.3063,154.7958,137.2853,157.9857,70.7644,154.7958,5.4714,3.9888,174.99
2021-01-14 12:00:00,169.9297,153.8171,137.7046,156.813,68.0418,153.8171,4.8348,3.6181,170.575
2021-01-14 11:00:00,168.0557,153.041,138.0263,155.8639,67.23,153.041,4.4015,3.3139,169.36
2021-01-14 10:00:00,166.1617,152.396,138.6303,154.9332,65.1448,152.396,3.9082,3.042,166.4
2021-01-14 09:00:00,164.6603,151.915,139.1696,154.1424,60.7392,151.915,3.523,2.8254,161.0
2021-01-14 08:00:00,163.9017,151.6106,139.3196,153.6694,60.6055,151.6106,3.5299,2.6511,160.85
2021-01-14 06:00:00,163.1483,151.3363,139.5244,153.1742,60.6055,151.3363,3.5027,2.4313,160.85
2021-01-13 17:00:00,162.351,151.064,139.7769,152.6448,59.7691,151.064,3.4171,2.1635,159.87
2021-01-13 16:00:00,161.5745,150.771,139.9675,152.1466,59.4292,150.771,3.3578,1.8501,159.47
2021-01-13 15:00:00,160.7387,150.4053,140.072,151.6415,62.264,150.4053,3.274,1.4731,161.7
2021-01-13 14:00:00,159.459,150.0153,140.5717,150.9478,65.8879,150.0153,2.8925,1.0229,164.36
2021-01-13 13:00:00,157.4888,149.6193,141.7498,150.0228,64.2231,149.6193,2.0925,0.5555,162.16
2021-01-13 12:00:00,155.6295,149.25,142.8704,149.1858,61.0309,149.25,1.265,0.1713,158.34
2021-01-13 11:00:00,154.5881,149.0466,143.5051,148.5544,59.627,149.0466,0.5794,-0.1021,156.8
2021-01-13 10:00:00,153.6857,148.864,144.0423,147.9858,51.1879,148.864,-0.1473,-0.2725,149.1543
2021-01-13 09:00:00,153.7905,148.9192,144.0478,147.9052,49.376,148.9192,-0.2942,-0.3038,147.8
2021-01-13 05:00:00,154.0512,149.0642,144.0771,147.9125,47.4258,149.0642,-0.3396,-0.3063,146.4
2021-01-12 19:00:00,154.2518,149.2532,144.2545,148.0168,49.9782,149.2532,-0.25,-0.2979,148.32
2021-01-12 18:00:00,154.3463,149.3332,144.32,147.9959,49.7467,149.3332,-0.3275,-0.3099,148.15
2021-01-12 17:00:00,154.6277,149.4872,144.3467,147.9852,49.5476,149.4872,-0.4043,-0.3055,148.0
2021-01-12 16:00:00,154.6317,149.4738,144.3159,147.9842,49.4054,149.4738,-0.4813,-0.2808,147.89
2021-01-12 15:00:00,154.6479,149.4445,144.2411,147.9907,49.1347,149.4445,-0.5613,-0.2307,147.675
2021-01-12 14:00:00,154.7646,149.3553,143.9461,148.0125,49.6182,149.3553,-0.6333,-0.1481,148.08
2021-01-12 13:00:00,154.8109,149.286,143.7611,148.0078,47.1676,149.286,-0.7573,-0.0268,146.105
2021-01-12 12:00:00,154.8295,149.273,143.7165,148.139,45.0754,149.273,-0.7035,0.1559,144.505
2021-01-12 11:00:00,154.7535,149.3095,143.8655,148.3897,45.003,149.3095,-0.4616,0.3707,144.45
2021-01-12 10:00:00,154.7459,149.3125,143.8792,148.6614,45.9827,149.3125,-0.1406,0.5788,145.37
2021-01-12 09:00:00,154.7621,149.3044,143.8466,148.8884,49.5287,149.3044,0.1775,0.7587,148.5
2021-01-12 08:00:00,154.8468,149.1919,143.5369,148.9151,49.8253,149.1919,0.2622,0.904,148.75
2021-01-11 18:00:00,154.9603,149.0454,143.1304,148.9265,48.9384,149.0454,0.3411,1.0645,148.0
2021-01-11 17:00:00,155.0762,148.9184,142.7605,148.9904,46.0238,148.9184,0.5132,1.2453,145.63
2021-01-11 16:00:00,155.2076,148.8447,142.4818,149.2222,47.874,148.8447,0.9667,1.4283,147.29
2021-01-11 15:00:00,155.51,148.6557,141.8014,149.3554,51.1297,148.6557,1.3625,1.5437,150.01
2021-01-11 14:00:00,155.9291,148.293,140.657,149.3103,53.6722,148.293,1.5708,1.5891,151.97
2021-01-11 13:00:00,156.2303,147.814,139.3977,149.1269,53.5583,147.814,1.6144,1.5936,151.87
2021-01-11 12:00:00,156.2133,147.3917,138.5701,148.9377,54.5303,147.3917,1.6566,1.5884,152.62
2021-01-11 11:00:00,155.9239,146.9877,138.0515,148.6837,54.6069,146.9877,1.6101,1.5714,152.68
2021-01-11 10:00:00,155.6773,146.5217,137.3661,148.4081,52.9006,146.5217,1.5212,1.5617,151.08
2021-01-11 09:00:00,155.5379,146.1,136.6622,148.2239,49.9691,146.1,1.5485,1.5718,148.5
2021-01-11 08:00:00,155.5024,145.7882,136.074,148.2048,51.7804,145.7882,1.8236,1.5777,150.0
2021-01-08 20:00:00,155.2132,145.6235,136.0338,148.081,54.9646,145.6235,1.9954,1.5162,152.48
2021-01-08 17:00:00,154.6266,145.3809,136.1352,147.7776,53.4009,145.3809,1.9331,1.3964,151.08
2021-01-08 16:00:00,154.1633,145.159,136.1547,147.5499,54.9285,145.159,1.9681,1.2622,152.24
2021-01-08 15:00:00,153.4894,144.8427,136.196,147.2264,53.9178,144.8427,1.866,1.0857,151.32
2021-01-08 14:00:00,152.9472,144.4547,135.9622,146.9441,53.3574,144.4547,1.8022,0.8907,150.81
2021-01-08 13:00:00,152.4236,144.261,136.0985,146.6775,55.0581,144.261,1.7465,0.6628,152.15
2021-01-08 12:00:00,151.6499,144.0227,136.3955,146.3001,54.9753,144.0227,1.5136,0.3918,152.07
2021-01-08 11:00:00,151.1868,143.9204,136.6539,145.9022,53.5798,143.9204,1.2024,0.1114,150.72
2021-01-08 10:00:00,151.0481,143.8897,136.7313,145.5699,56.1337,143.8897,0.9252,-0.1613,152.77
2021-01-08 09:00:00,150.5246,143.7907,137.0568,145.0733,50.3659,143.7907,0.3492,-0.433,147.6
2021-01-08 08:00:00,150.6965,143.8379,136.9792,144.8991,49.6354,143.8379,0.1353,-0.6285,147.01
2021-01-07 20:00:00,151.0205,143.9285,136.8366,144.7535,47.0698,143.9285,-0.0796,-0.8195,145.0
2021-01-07 19:00:00,151.5057,144.0947,136.6837,144.7365,48.2519,144.0947,-0.1481,-1.0044,146.0
2021-01-07 17:00:00,151.909,144.2277,136.5464,144.6494,47.8923,144.2277,-0.3351,-1.2185,145.7157
2021-01-07 16:00:00,152.2452,144.3525,136.4598,144.5758,47.7494,144.3525,-0.54,-1.4394,145.6
2021-01-07 15:00:00,152.5121,144.4625,136.4129,144.5052,46.4492,144.4625,-0.7819,-1.6642,144.54
2021-01-07 14:00:00,152.4958,144.4445,136.3932,144.5028,47.0741,144.4445,-0.9714,-1.8848,145.125
2021-01-07 13:00:00,152.5598,144.484,136.4082,144.4599,47.0741,144.484,-1.2587,-2.1131,145.125
2021-01-07 12:00:00,152.5784,144.4972,136.4159,144.414,46.1836,144.4972,-1.607,-2.3267,144.355
2021-01-07 11:00:00,152.6017,144.5187,136.4356,144.4181,45.9954,144.5187,-1.9499,-2.5067,144.19
2021-01-07 10:00:00,152.598,144.514,136.43,144.4338,45.1296,144.514,-2.3423,-2.6459,143.42
2021-01-07 09:00:00,152.6062,144.5287,136.4511,144.5037,43.0671,144.5287,-2.7307,-2.7218,141.62
2021-01-07 08:00:00,152.6099,144.5978,136.5858,144.7026,40.054,144.5978,-3.0035,-2.7195,139.13
2021-01-07 05:00:00,152.6882,144.8768,137.0654,145.0869,38.1085,144.8768,-3.0544,-2.6486,137.6
2021-01-06 20:00:00,152.4639,145.1345,137.8052,145.6033,39.4012,145.1345,-2.9192,-2.5471,139.2
2021-01-06 19:00:00,152.3483,145.3558,138.3634,146.0449,40.4797,145.3558,-2.8671,-2.4541,140.5
2021-01-06 17:00:00,152.3467,145.5712,138.7956,146.4273,38.2164,145.5712,-2.8912,-2.3508,138.7002
2021-01-06 16:00:00,152.1211,145.8368,139.5526,146.9602,37.8735,145.8368,-2.6967,-2.2157,138.43
2021-01-06 15:00:00,151.9892,146.2065,140.4238,147.5485,38.4189,146.2065,-2.3817,-2.0955,139.145
2021-01-06 14:00:00,155.7771,147.0983,138.4196,148.128,43.4183,147.0983,-2.0179,-2.0239,145.06
2021-01-06 13:00:00,158.6452,147.7797,136.9142,148.3396,43.548,147.7797,-2.1263,-2.0255,145.2
2021-01-06 12:00:00,160.2744,148.3363,136.3983,148.5561,42.6312,148.3363,-2.2481,-2.0003,144.425
2021-01-06 11:00:00,161.7436,148.9252,136.1068,148.841,40.6165,148.9252,-2.2919,-1.9383,142.75
2021-01-06 10:00:00,163.0145,149.5705,136.1265,149.2611,36.6763,149.5705,-2.1439,-1.8499,139.68
2021-01-06 09:00:00,163.6301,150.2354,136.8408,149.9219,41.2625,150.2354,-1.6113,-1.7764,145.0
2021-01-06 08:00:00,164.5072,150.7564,137.0057,150.2613,41.2625,150.7564,-1.4497,-1.8177,145.0
2021-01-05 18:00:00,165.1255,151.2278,137.3301,150.6241,45.2369,151.2278,-1.2223,-1.9097,149.0
2021-01-05 17:00:00,165.6861,151.5544,137.4228,150.7362,46.0952,151.5544,-1.3217,-2.0815,149.8
2021-01-05 16:00:00,166.0687,151.8048,137.5409,150.8007,46.0952,151.8048,-1.5107,-2.2715,149.8
2021-01-05 15:00:00,166.4774,152.0728,137.6682,150.8697,45.1408,152.0728,-1.7299,-2.4617,149.015
2021-01-05 14:00:00,167.3525,152.5223,137.6921,150.9976,45.8556,152.5223,-1.9047,-2.6447,149.73
2021-01-05 13:00:00,168.1037,152.9313,137.7588,151.0851,46.1074,152.9313,-2.1728,-2.8297,149.985
2021-01-05 12:00:00,168.7872,153.3268,137.8663,151.1609,46.1122,153.3268,-2.5095,-2.9939,149.99
2021-01-05 11:00:00,169.4411,153.7271,138.0131,151.2417,45.5314,153.7271,-2.9031,-3.115,149.46
2021-01-05 10:00:00,169.9993,154.1281,138.257,151.3646,44.9251,154.1281,-3.3094,-3.168,148.9
2021-01-05 09:00:00,170.5771,154.5718,138.5664,151.5345,39.2006,154.5718,-3.7228,-3.1326,144.0
2021-01-05 08:00:00,170.8821,155.1674,139.4527,152.0542,41.1497,155.1674,-3.6974,-2.985,146.31
2021-01-04 20:00:00,171.0999,155.6348,140.1696,152.4503,40.1662,155.6348,-3.8464,-2.807,145.52
2021-01-04 19:00:00,171.0842,156.0598,141.0353,152.9283,39.5231,156.0598,-3.9002,-2.5471,145.0
2021-01-04 18:00:00,171.0127,156.5294,142.0461,153.475,38.353,156.5294,-3.8591,-2.2088,144.05
2021-01-04 17:00:00,170.7352,157.0049,143.2746,154.125,38.1215,157.0049,-3.6539,-1.7963,143.86
2021-01-04 16:00:00,170.3115,157.4768,144.6421,154.833,37.9259,157.4768,-3.3194,-1.3319,143.695
2021-01-04 15:00:00,169.6851,157.7964,145.9078,155.6011,40.8019,157.7964,-2.8275,-0.835,147.5
2021-01-04 14:00:00,169.3627,158.0298,146.6969,156.1598,38.2191,158.0298,-2.5458,-0.3369,145.33
2021-01-04 13:00:00,168.7518,158.3128,147.8738,156.9067,38.6017,158.3128,-1.9284,0.2154,145.84
2021-01-04 12:00:00,168.0881,158.5908,149.0935,157.6699,39.4399,158.5908,-1.1641,0.7513,146.96
2021-01-04 11:00:00,167.4908,158.8108,150.1308,158.4085,39.109,158.8108,-0.2858,1.2302,146.67
2021-01-04 10:00:00,166.6734,159.0771,151.4809,159.2181,41.2505,159.0771,0.8689,1.6092,149.52
2021-01-04 09:00:00,166.1005,159.3201,152.5397,159.8869,59.2872,159.3201,2.0399,1.7943,165.9
