date,Upper BBand,Lower BBand,Middle BBand,EMA,RSI,SMA,MACD,MACD Signal,Closing Price
2021-02-22 20:00:00,51.1709,50.2004,50.6856,50.7103,43.9249,50.6856,-0.125,-0.1403,50.46
2021-02-22 19:00:00,51.2139,50.2033,50.7086,50.7276,44.0564,50.7086,-0.1258,-0.1442,50.4699
2021-02-22 18:00:00,51.2981,50.1825,50.7403,50.7454,44.4474,50.7403,-0.126,-0.1487,50.5
2021-02-22 17:00:00,51.3721,50.1699,50.771,50.7623,45.09,50.771,-0.1274,-0.1544,50.55
2021-02-22 16:00:00,51.452,50.1533,50.8026,50.7769,45.2164,50.8026,-0.1325,-0.1612,50.56
2021-02-22 15:00:00,51.5076,50.1537,50.8306,50.7919,46.736,50.8306,-0.138,-0.1684,50.68
2021-02-22 14:00:00,51.5735,50.1424,50.858,50.7996,45.8565,50.858,-0.1554,-0.176,50.62
2021-02-22 13:00:00,51.6358,50.1401,50.888,50.812,44.6792,50.888,-0.1691,-0.1811,50.54
2021-02-22 12:00:00,51.6888,50.1518,50.9203,50.8308,44.3134,50.9203,-0.176,-0.1841,50.515
2021-02-22 11:00:00,51.7478,50.1655,50.9566,50.8525,43.883,50.9566,-0.1798,-0.1862,50.485
2021-02-22 10:00:00,51.8087,50.1843,50.9965,50.8779,44.6051,50.9965,-0.1789,-0.1878,50.55
2021-02-22 09:00:00,51.8541,50.2088,51.0315,50.9005,47.5118,51.0315,-0.1817,-0.19,50.8
2021-02-22 08:00:00,51.9001,50.2159,51.058,50.9074,43.6802,51.058,-0.2082,-0.1921,50.53
2021-02-22 07:00:00,51.935,50.2529,51.094,50.9335,44.1417,51.094,-0.2115,-0.1881,50.57
2021-02-22 06:00:00,51.9925,50.2788,51.1356,50.9585,44.8284,51.1356,-0.2166,-0.1822,50.63
2021-02-22 05:00:00,52.0082,50.3198,51.164,50.9812,40.6643,51.164,-0.2262,-0.1736,50.35
2021-02-19 19:00:00,51.995,50.4069,51.201,51.0247,43.6194,51.201,-0.2066,-0.1605,50.61
2021-02-19 18:00:00,51.9855,50.4591,51.2223,51.0533,43.4667,51.2223,-0.205,-0.149,50.6
2021-02-19 17:00:00,51.9785,50.5194,51.249,51.0846,43.8109,51.249,-0.199,-0.1349,50.63
2021-02-19 16:00:00,51.9685,50.5807,51.2746,51.1159,43.2315,51.2746,-0.1915,-0.1189,50.59
2021-02-19 15:00:00,51.9483,50.6549,51.3016,51.1522,44.2234,51.3016,-0.1751,-0.1008,50.68
2021-02-19 14:00:00,51.9331,50.7215,51.3273,51.1848,44.7628,51.3273,-0.1608,-0.0822,50.7289
2021-02-19 13:00:00,51.9161,50.7866,51.3513,51.2162,44.8287,51.3513,-0.1451,-0.0626,50.735
2021-02-19 12:00:00,51.8925,50.8582,51.3753,51.2494,45.6817,51.3753,-0.1236,-0.0419,50.815
2021-02-19 11:00:00,51.8686,50.9217,51.3952,51.2794,43.9416,51.3952,-0.1025,-0.0215,50.68
2021-02-19 10:00:00,51.8171,51.0296,51.4233,51.3207,45.7247,51.4233,-0.0604,-0.0013,50.85
2021-02-19 09:00:00,51.7737,51.1113,51.4425,51.3532,52.6494,51.4425,-0.0231,0.0135,51.42
2021-02-19 08:00:00,51.7853,51.1123,51.4488,51.3486,52.1579,51.4488,-0.0331,0.0227,51.38
2021-02-19 07:00:00,51.787,51.116,51.4515,51.3464,46.9699,51.4515,-0.0414,0.0367,50.99
2021-02-19 06:00:00,51.7965,51.1025,51.4495,51.371,47.7398,51.4495,-0.0116,0.0562,51.05
2021-02-19 05:00:00,51.7773,51.1377,51.4575,51.3931,49.0347,51.4575,0.0204,0.0731,51.15
2021-02-18 20:00:00,51.7997,51.1033,51.4515,51.4099,52.7706,51.4515,0.0508,0.0863,51.42
2021-02-18 19:00:00,51.8278,51.0439,51.4358,51.4092,52.7706,51.4358,0.0614,0.0952,51.42
2021-02-18 18:00:00,51.8674,50.9636,51.4155,51.4084,53.9078,51.4155,0.074,0.1036,51.5
2021-02-18 17:00:00,51.8718,50.9272,51.3995,51.4021,52.6755,51.3995,0.0809,0.111,51.4
2021-02-18 16:00:00,51.893,50.8693,51.3812,51.4022,54.073,51.3812,0.0987,0.1185,51.5
2021-02-18 15:00:00,51.8921,50.8369,51.3645,51.3955,54.3531,51.3645,0.1099,0.1235,51.5201
2021-02-18 14:00:00,51.8849,50.8128,51.3488,51.3869,54.238,51.3488,0.1204,0.1269,51.51
2021-02-18 13:00:00,51.8838,50.7739,51.3288,51.3784,55.5115,51.3288,0.1331,0.1285,51.605
2021-02-18 12:00:00,51.8784,50.7256,51.302,51.3628,56.5243,51.302,0.1378,0.1273,51.68
2021-02-18 11:00:00,51.8739,50.6602,51.267,51.3409,55.6907,51.267,0.134,0.1247,51.6
2021-02-18 10:00:00,51.851,50.6371,51.244,51.323,55.6393,51.244,0.1355,0.1224,51.595
2021-02-18 09:00:00,51.8344,50.5963,51.2154,51.3043,55.8271,51.2154,0.1359,0.1191,51.61
2021-02-18 08:00:00,51.8007,50.59,51.1954,51.2832,58.4988,51.1954,0.1329,0.1149,51.82
2021-02-18 07:00:00,51.7318,50.5993,51.1655,51.2462,55.1387,51.1655,0.1057,0.1104,51.48
2021-02-18 06:00:00,51.7067,50.5898,51.1482,51.2301,54.9312,51.1482,0.1041,0.1115,51.46
2021-02-18 05:00:00,51.6842,50.5915,51.1379,51.2142,52.7112,51.1379,0.1026,0.1134,51.25
2021-02-17 20:00:00,51.683,50.5914,51.1372,51.2117,54.5671,51.1372,0.1206,0.1161,51.4
2021-02-17 19:00:00,51.6629,50.5849,51.1239,51.1988,54.5671,51.1239,0.1265,0.1149,51.4
2021-02-17 18:00:00,51.6457,50.5867,51.1162,51.1849,54.5671,51.1162,0.1322,0.112,51.4
2021-02-17 17:00:00,51.679,50.5701,51.1245,51.17,55.1518,51.1245,0.1376,0.107,51.45
2021-02-17 16:00:00,51.6939,50.5632,51.1285,51.1507,55.1518,51.1285,0.1374,0.0993,51.45
2021-02-17 15:00:00,51.7262,50.5469,51.1365,51.1301,55.2071,51.1365,0.1351,0.0898,51.455
2021-02-17 14:00:00,51.7565,50.5322,51.1444,51.1077,54.8131,51.1444,0.1297,0.0785,51.41
2021-02-17 13:00:00,51.7891,50.518,51.1535,51.0868,56.0306,51.1535,0.1254,0.0657,51.525
2021-02-17 12:00:00,51.7974,50.5144,51.1559,51.0566,55.194,51.1559,0.1065,0.0508,51.425
2021-02-17 11:00:00,51.8112,50.5096,51.1604,51.0312,57.1382,51.1604,0.091,0.0368,51.61
2021-02-17 10:00:00,51.8112,50.5096,51.1604,50.9913,55.9213,51.1604,0.0511,0.0232,51.46
2021-02-17 09:00:00,51.8257,50.504,51.1649,50.959,51.1876,51.1649,0.0146,0.0163,50.93
2021-02-17 08:00:00,51.8286,50.5185,51.1735,50.961,55.0708,51.1735,0.0218,0.0167,51.29
2021-02-17 07:00:00,51.822,50.4971,51.1595,50.9383,51.9379,51.1595,-0.0059,0.0154,50.97
2021-02-17 06:00:00,51.8236,50.4881,51.1559,50.9361,51.7346,51.1559,-0.0087,0.0208,50.95
2021-02-17 05:00:00,51.8314,50.4636,51.1475,50.9351,50.3121,51.1475,-0.0101,0.0281,50.81
2021-02-16 20:00:00,51.8491,50.426,51.1375,50.9437,52.5581,51.1375,0.0026,0.0377,51.02
2021-02-16 19:00:00,51.8546,50.3992,51.1269,50.9385,50.8408,51.1269,-0.0027,0.0465,50.85
2021-02-16 18:00:00,51.861,50.3801,51.1205,50.9446,52.4605,51.1205,0.0079,0.0588,51.0
2021-02-16 17:00:00,51.9226,50.2552,51.0889,50.9408,53.0046,51.0889,0.006,0.0715,51.05
2021-02-16 16:00:00,51.9748,50.133,51.0539,50.9332,51.6472,51.0539,-0.0015,0.0879,50.91
2021-02-16 15:00:00,52.0237,50.02,51.0219,50.9348,50.5626,51.0219,0.0032,0.1102,50.8
2021-02-16 14:00:00,52.0599,49.9306,50.9952,50.9441,48.86,50.9952,0.0203,0.137,50.6311
2021-02-16 13:00:00,52.0834,49.8709,50.9772,50.9657,51.7023,50.9772,0.059,0.1662,50.91
2021-02-16 12:00:00,52.1198,49.7639,50.9418,50.9696,49.9358,50.9418,0.0792,0.193,50.735
2021-02-16 11:00:00,52.1621,49.6549,50.9085,50.9858,52.8734,50.9085,0.1216,0.2214,51.01
2021-02-16 10:00:00,52.1897,49.5407,50.8652,50.9841,52.0302,50.8652,0.146,0.2464,50.925
2021-02-16 09:00:00,52.203,49.4554,50.8292,50.9882,52.4034,50.8292,0.1836,0.2715,50.96
2021-02-16 08:00:00,52.1989,49.4001,50.7995,50.9901,54.4529,50.7995,0.2254,0.2934,51.15
2021-02-16 07:00:00,52.2008,49.2989,50.7498,50.9791,55.3337,50.7498,0.2561,0.3105,51.23
2021-02-16 06:00:00,52.1674,49.2803,50.7238,50.9618,53.2312,50.7238,0.2835,0.324,51.0
2021-02-16 05:00:00,52.1501,49.2682,50.7092,50.9591,55.0838,50.7092,0.3377,0.3342,51.17
2021-02-12 20:00:00,52.1179,49.2464,50.6822,50.9446,60.8656,50.6822,0.3847,0.3333,51.65
2021-02-12 19:00:00,52.0507,49.2643,50.6575,50.8959,60.1924,50.6575,0.3902,0.3204,51.57
2021-02-12 18:00:00,52.0096,49.2788,50.6442,50.8494,61.7321,50.6442,0.3997,0.303,51.69
2021-02-12 17:00:00,51.9119,49.2751,50.5935,50.7915,61.7321,50.5935,0.3938,0.2788,51.69
2021-02-12 16:00:00,51.8076,49.2994,50.5535,50.7295,61.694,50.5535,0.3805,0.2501,51.685
2021-02-12 15:00:00,51.691,49.317,50.504,50.6636,61.0178,50.504,0.3585,0.2175,51.595
2021-02-12 14:00:00,51.5816,49.3134,50.4475,50.5994,60.7573,50.4475,0.3344,0.1822,51.56
2021-02-12 13:00:00,51.4624,49.3266,50.3945,50.5331,61.3231,50.3945,0.3023,0.1442,51.61
2021-02-12 12:00:00,51.3164,49.376,50.3462,50.4589,61.2184,50.3462,0.2518,0.1047,51.595
2021-02-12 11:00:00,51.1524,49.4323,50.2924,50.3805,58.2692,50.2924,0.1853,0.0679,51.19
2021-02-12 10:00:00,51.0517,49.4504,50.251,50.3247,55.6959,50.251,0.139,0.0385,50.87
2021-02-12 09:00:00,50.9935,49.4492,50.2214,50.2871,55.6132,50.2214,0.1104,0.0134,50.86
2021-02-12 08:00:00,50.931,49.4551,50.193,50.2476,54.2939,50.193,0.0733,-0.0109,50.7
2021-02-12 07:00:00,50.9225,49.4588,50.1907,50.2164,52.6794,50.1907,0.0412,-0.0319,50.51
2021-02-12 06:00:00,50.937,49.4537,50.1953,50.1961,54.5418,50.1953,0.0189,-0.0502,50.7
2021-02-12 05:00:00,50.9193,49.4607,50.19,50.1614,54.2124,50.19,-0.0291,-0.0675,50.66
2021-02-11 20:00:00,50.9193,49.4607,50.19,50.127,48.7357,50.19,-0.0859,-0.0771,50.05
2021-02-11 19:00:00,50.9688,49.4585,50.2137,50.1323,48.2452,50.2137,-0.095,-0.0749,50.0
2021-02-11 18:00:00,50.9922,49.4718,50.232,50.1414,47.7621,50.232,-0.1002,-0.0699,49.95
2021-02-11 17:00:00,51.0021,49.4919,50.247,50.1546,48.1979,50.247,-0.1002,-0.0623,50.0001
2021-02-11 16:00:00,51.0049,49.5058,50.2553,50.1653,48.973,50.2553,-0.1039,-0.0528,50.09
2021-02-11 15:00:00,51.0143,49.517,50.2657,50.1704,46.7626,50.2657,-0.1163,-0.0401,49.8499
2021-02-11 14:00:00,51.0178,49.5502,50.284,50.1925,45.674,50.284,-0.106,-0.021,49.735
2021-02-11 13:00:00,51.0125,49.6005,50.3065,50.2241,45.4393,50.3065,-0.0795,0.0002,49.71
2021-02-11 12:00:00,50.999,49.658,50.3285,50.2596,46.4875,50.3285,-0.0421,0.0201,49.845
2021-02-11 11:00:00,50.9886,49.6937,50.3412,50.2882,48.2819,50.3412,-0.0074,0.0357,50.07
2021-02-11 10:00:00,50.9899,49.7108,50.3503,50.3032,44.5089,50.3503,0.014,0.0465,49.66
2021-02-11 09:00:00,50.9581,49.7849,50.3715,50.3476,51.508,50.3715,0.0829,0.0546,50.45
2021-02-11 08:00:00,50.9581,49.7849,50.3715,50.3405,52.6218,50.3715,0.0892,0.0475,50.56
2021-02-11 07:00:00,50.9511,49.7846,50.3678,50.3253,50.7501,50.3678,0.0848,0.0371,50.36
2021-02-11 06:00:00,50.9506,49.7671,50.3588,50.323,56.7054,50.3588,0.0982,0.0252,50.91
2021-02-11 05:00:00,50.8999,49.7531,50.3265,50.2825,59.9185,50.3265,0.0579,0.0069,51.17
2021-02-10 20:00:00,50.7882,49.7775,50.2828,50.2213,49.221,50.2828,-0.0208,-0.0059,50.17
2021-02-10 19:00:00,50.8044,49.7359,50.2702,50.2248,53.6503,50.2702,-0.0191,-0.0021,50.49
2021-02-10 18:00:00,50.7943,49.7067,50.2505,50.2065,49.6837,50.2505,-0.0493,0.0021,50.2
2021-02-10 17:00:00,50.7948,49.6929,50.2438,50.207,44.9746,50.2438,-0.0576,0.015,49.9
2021-02-10 16:00:00,50.7948,49.6929,50.2438,50.2281,45.9445,50.2438,-0.0368,0.0331,49.97
2021-02-10 15:00:00,50.793,49.6993,50.2462,50.2459,48.717,50.2462,-0.0168,0.0506,50.1611
2021-02-10 14:00:00,50.7931,49.6919,50.2425,50.2518,45.7162,50.2425,-0.0105,0.0674,49.98
2021-02-10 13:00:00,50.7915,49.6981,50.2448,50.2705,45.2027,50.2448,0.016,0.0869,49.95
2021-02-10 12:00:00,50.7923,49.6959,50.2441,50.2926,45.6198,50.2441,0.0528,0.1046,49.98
2021-02-10 11:00:00,50.7944,49.6902,50.2423,50.3142,46.0304,50.2423,0.0959,0.1176,50.01
2021-02-10 10:00:00,50.7964,49.6836,50.24,50.3352,56.0998,50.24,0.1465,0.123,50.6289
2021-02-10 09:00:00,50.7638,49.671,50.2174,50.3149,56.5072,50.2174,0.1459,0.1172,50.65
2021-02-10 08:00:00,50.7247,49.6801,50.2024,50.2918,54.8551,50.2024,0.1408,0.11,50.54
2021-02-10 07:00:00,50.7018,49.6857,50.1938,50.2747,57.1441,50.1938,0.1435,0.1023,50.66
2021-02-10 06:00:00,50.6585,49.7018,50.1801,50.2481,59.1318,50.1801,0.1327,0.092,50.76
2021-02-10 05:00:00,50.5948,49.7347,50.1648,50.2128,56.0268,50.1648,0.1067,0.0818,50.55
2021-02-09 20:00:00,50.5574,49.7462,50.1518,50.1896,53.5922,50.1518,0.0934,0.0756,50.4
2021-02-09 19:00:00,50.5384,49.7338,50.1361,50.175,50.9681,50.1361,0.0903,0.0711,50.25
2021-02-09 18:00:00,50.5307,49.7249,50.1278,50.1699,53.9172,50.1278,0.1004,0.0663,50.4001
2021-02-09 17:00:00,50.5156,49.6986,50.1071,50.154,53.9155,50.1071,0.0964,0.0578,50.4
2021-02-09 16:00:00,50.4992,49.671,50.0851,50.137,54.1104,50.0851,0.09,0.0481,50.41
2021-02-09 15:00:00,50.4773,49.6476,50.0624,50.1182,53.4598,50.0624,0.0795,0.0377,50.37
2021-02-09 14:00:00,50.4563,49.6259,50.0411,50.1008,51.0268,50.0411,0.069,0.0272,50.225
2021-02-09 13:00:00,50.4492,49.5994,50.0243,50.0923,53.254,50.0243,0.0694,0.0168,50.345
2021-02-09 12:00:00,50.4244,49.5828,50.0036,50.0748,52.4175,50.0036,0.0566,0.0036,50.295
2021-02-09 11:00:00,50.4001,49.5731,49.9866,50.0597,55.3876,49.9866,0.0446,-0.0096,50.45
2021-02-09 10:00:00,50.3454,49.5858,49.9656,50.0327,55.3876,49.9656,0.0128,-0.0232,50.45
2021-02-09 09:00:00,50.2821,49.6117,49.9469,50.004,49.132,49.9469,-0.0279,-0.0322,50.09
2021-02-09 08:00:00,50.2715,49.6076,49.9396,49.998,46.0871,49.9396,-0.0429,-0.0332,49.94
2021-02-09 07:00:00,50.2707,49.6064,49.9386,50.002,44.3703,49.9386,-0.046,-0.0308,49.86
2021-02-09 06:00:00,50.278,49.6118,49.9449,50.0118,42.8305,49.9449,-0.0413,-0.027,49.79
2021-02-09 05:00:00,50.2987,49.6184,49.9586,50.0271,44.7105,49.9586,-0.0275,-0.0235,49.9
2021-02-08 20:00:00,50.3111,49.6214,49.9662,50.0359,46.5061,49.9662,-0.0206,-0.0225,50.0001
2021-02-08 19:00:00,50.3176,49.6215,49.9696,50.0384,44.3454,49.9696,-0.0218,-0.0229,49.9
2021-02-08 18:00:00,50.3751,49.6007,49.9879,50.0479,46.9069,49.9879,-0.0128,-0.0232,50.04
2021-02-08 17:00:00,50.4355,49.5723,50.0039,50.0485,47.0947,50.0039,-0.0154,-0.0258,50.05
2021-02-08 16:00:00,50.4892,49.55,50.0196,50.0484,47.0947,50.0196,-0.0194,-0.0284,50.05
2021-02-08 15:00:00,50.5164,49.5441,50.0302,50.0482,44.6075,50.0302,-0.0244,-0.0307,49.93
2021-02-08 14:00:00,50.5421,49.5464,50.0442,50.0564,44.5025,50.0442,-0.0181,-0.0323,49.925
2021-02-08 13:00:00,50.567,49.5504,50.0587,50.0655,44.78,50.0587,-0.0093,-0.0358,49.9419
2021-02-08 12:00:00,50.5871,49.5562,50.0717,50.074,44.9098,50.0717,0.0004,-0.0424,49.95
2021-02-08 11:00:00,50.5971,49.5646,50.0808,50.0825,49.1606,50.0808,0.0118,-0.0532,50.2
2021-02-08 10:00:00,50.6121,49.5612,50.0867,50.0744,50.6644,50.0867,0.0009,-0.0694,50.2811
2021-02-08 09:00:00,50.6137,49.5609,50.0873,50.0602,50.0986,50.0873,-0.0214,-0.087,50.25
2021-02-08 08:00:00,50.6161,49.5606,50.0883,50.0471,51.0078,50.0883,-0.0464,-0.1034,50.3
2021-02-08 07:00:00,50.612,49.5613,50.0866,50.0296,48.4769,50.0866,-0.0826,-0.1176,50.16
2021-02-08 06:00:00,50.6293,49.5587,50.094,50.0206,43.8721,50.094,-0.1135,-0.1263,49.93
2021-02-08 05:00:00,50.6614,49.5632,50.1123,50.0269,45.0568,50.1123,-0.1278,-0.1295,50.0
2021-02-05 20:00:00,50.6836,49.5684,50.126,50.0288,40.1465,50.126,-0.1513,-0.13,49.78
2021-02-05 19:00:00,50.7023,49.5943,50.1483,50.0459,39.1913,50.1483,-0.1567,-0.1247,49.74
2021-02-05 18:00:00,50.7028,49.6318,50.1673,50.067,38.9559,50.1673,-0.1572,-0.1167,49.73
2021-02-05 17:00:00,50.7033,49.674,50.1886,50.0903,38.9559,50.1886,-0.1546,-0.1065,49.73
2021-02-05 16:00:00,50.7017,49.7202,50.211,50.1151,38.7342,50.211,-0.1491,-0.0945,49.72
2021-02-05 15:00:00,50.6843,49.773,50.2286,50.1423,38.8023,50.2286,-0.1388,-0.0808,49.725
2021-02-05 14:00:00,50.6602,49.8207,50.2405,50.1711,39.6101,50.2405,-0.1241,-0.0664,49.785
2021-02-05 13:00:00,50.6422,49.8538,50.248,50.1978,40.0806,50.248,-0.1097,-0.0519,49.82
2021-02-05 12:00:00,50.6277,49.8792,50.2535,50.2238,41.0075,50.2535,-0.0933,-0.0375,49.8889
2021-02-05 11:00:00,50.6189,49.8954,50.2572,50.2469,40.6435,50.2572,-0.078,-0.0235,49.87
2021-02-05 10:00:00,50.62,49.8937,50.2568,50.2729,41.1631,50.2568,-0.0555,-0.0099,49.91
2021-02-05 09:00:00,50.6225,49.8895,50.256,50.2979,43.0241,50.256,-0.0299,0.0015,50.05
2021-02-05 08:00:00,50.6371,49.8617,50.2494,50.315,45.1377,50.2494,-0.0111,0.0094,50.2
2021-02-05 07:00:00,50.6371,49.8551,50.2461,50.323,43.8943,50.2461,-0.0023,0.0145,50.13
2021-02-05 06:00:00,50.6387,49.8615,50.2501,50.3363,43.3626,50.2501,0.0162,0.0188,50.1
2021-02-05 05:00:00,50.6422,49.872,50.2571,50.3526,48.5524,50.2571,0.0426,0.0194,50.45
2021-02-04 20:00:00,50.6345,49.8737,50.2541,50.3458,49.7025,50.2541,0.04,0.0136,50.52
2021-02-04 19:00:00,50.6384,49.8718,50.2551,50.3338,49.7025,50.2551,0.029,0.007,50.52
2021-02-04 18:00:00,50.6465,49.8677,50.2571,50.321,47.198,50.2571,0.0146,0.0015,50.37
2021-02-04 17:00:00,50.6391,49.8638,50.2514,50.3176,46.857,50.2514,0.0112,-0.0018,50.35
2021-02-04 16:00:00,50.6327,49.8602,50.2464,50.3154,47.0037,50.2464,0.0088,-0.0051,50.36
2021-02-04 15:00:00,50.6249,49.8547,50.2398,50.3123,46.518,50.2398,0.0045,-0.0085,50.33
2021-02-04 14:00:00,50.6187,49.8489,50.2338,50.3111,44.8065,50.2338,0.0021,-0.0118,50.225
2021-02-04 13:00:00,50.6178,49.8401,50.2289,50.317,46.8854,50.2289,0.0096,-0.0152,50.3755
2021-02-04 12:00:00,50.6073,49.8352,50.2213,50.313,45.6628,50.2213,0.0038,-0.0214,50.3
2021-02-04 11:00:00,50.6025,49.8321,50.2173,50.3139,45.3407,50.2173,0.0039,-0.0277,50.28
2021-02-04 10:00:00,50.5996,49.8306,50.2151,50.3162,44.8667,50.2151,0.0061,-0.0356,50.25
2021-02-04 09:00:00,50.5967,49.8268,50.2118,50.3208,46.5579,50.2118,0.0119,-0.0461,50.38
2021-02-04 08:00:00,50.5853,49.8255,50.2054,50.3167,47.9004,50.2054,0.0059,-0.0605,50.48
2021-02-04 07:00:00,50.5804,49.8278,50.2041,50.3054,46.8636,50.2041,-0.0121,-0.0771,50.41
2021-02-04 06:00:00,50.6166,49.8082,50.2124,50.2982,47.3845,50.2124,-0.0277,-0.0934,50.45
2021-02-04 05:00:00,50.6252,49.8043,50.2148,50.2878,45.3285,50.2148,-0.0514,-0.1098,50.31
2021-02-03 20:00:00,50.6383,49.8012,50.2198,50.2862,46.0744,50.2198,-0.0665,-0.1244,50.37
2021-02-03 19:00:00,50.6896,49.7753,50.2324,50.2804,46.4438,50.2324,-0.091,-0.1389,50.4
2021-02-03 18:00:00,50.7625,49.7357,50.2491,50.2722,44.2848,50.2491,-0.124,-0.1509,50.25
2021-02-03 17:00:00,50.7983,49.7279,50.2631,50.2737,41.7106,50.2631,-0.149,-0.1577,50.08
2021-02-03 16:00:00,50.8302,49.734,50.2821,50.2871,40.6185,50.2821,-0.1614,-0.1598,50.01
2021-02-03 15:00:00,50.8365,49.755,50.2958,50.3062,40.2319,50.2958,-0.1679,-0.1594,49.985
2021-02-03 14:00:00,50.8389,49.7803,50.3096,50.3283,40.3844,50.3096,-0.1711,-0.1573,50.0
2021-02-03 13:00:00,50.8399,49.8053,50.3226,50.351,38.2736,50.3226,-0.1742,-0.1539,49.86
2021-02-03 12:00:00,50.8303,49.8525,50.3414,50.3848,38.509,50.3414,-0.1614,-0.1488,49.885
2021-02-03 11:00:00,50.8138,49.8924,50.3531,50.4193,38.0093,50.3531,-0.1453,-0.1456,49.8511
2021-02-03 10:00:00,50.7908,49.948,50.3694,50.4585,40.3516,50.3694,-0.1191,-0.1457,50.1016
2021-02-03 09:00:00,50.7867,49.9666,50.3767,50.4831,41.8277,50.3767,-0.1095,-0.1524,50.25
2021-02-03 08:00:00,50.8063,49.9723,50.3893,50.4992,42.4344,50.3893,-0.1108,-0.1631,50.31
2021-02-03 07:00:00,50.8724,49.9489,50.4107,50.5123,42.9361,50.4107,-0.1169,-0.1762,50.36
2021-02-03 06:00:00,51.0147,49.8726,50.4437,50.5228,44.8853,50.4437,-0.128,-0.191,50.55
2021-02-03 05:00:00,51.1146,49.822,50.4683,50.5209,45.1985,50.4683,-0.1598,-0.2067,50.58
2021-02-02 20:00:00,51.2208,49.7698,50.4953,50.5168,40.079,50.4953,-0.201,-0.2184,50.2
2021-02-02 19:00:00,51.2835,49.7718,50.5277,50.5386,40.079,50.5277,-0.2121,-0.2228,50.2
2021-02-02 18:00:00,51.3856,49.7537,50.5697,50.562,39.5232,50.5697,-0.2231,-0.2255,50.16
2021-02-02 17:00:00,51.3904,49.7849,50.5877,50.5897,39.3874,50.5877,-0.2298,-0.2261,50.15
2021-02-02 16:00:00,51.3929,49.8191,50.606,50.62,38.4519,50.606,-0.234,-0.2251,50.08
2021-02-02 15:00:00,51.3866,49.8621,50.6243,50.6573,38.9921,50.6243,-0.2289,-0.2229,50.145
2021-02-02 14:00:00,51.3808,49.8982,50.6395,50.6926,39.2793,50.6395,-0.2256,-0.2214,50.18
2021-02-02 13:00:00,51.3747,49.9309,50.6528,50.728,39.561,50.6528,-0.2218,-0.2203,50.215
2021-02-02 12:00:00,51.3729,49.9658,50.6693,50.7634,38.7727,50.6693,-0.2171,-0.22,50.15
2021-02-02 11:00:00,51.3627,50.0093,50.686,50.8057,39.0759,50.686,-0.2015,-0.2207,50.19
2021-02-02 10:00:00,51.3545,50.0522,50.7034,50.8481,41.0136,50.7034,-0.1826,-0.2255,50.44
2021-02-02 09:00:00,51.3885,50.0649,50.7267,50.8763,42.8199,50.7267,-0.1813,-0.2362,50.66
2021-02-02 08:00:00,51.545,49.9891,50.767,50.8912,41.2276,50.767,-0.1994,-0.2499,50.52
2021-02-02 07:00:00,51.6489,49.9645,50.8067,50.9168,40.5417,50.8067,-0.2054,-0.2625,50.46
2021-02-02 06:00:00,51.7825,49.9302,50.8564,50.9483,42.8799,50.8564,-0.2039,-0.2768,50.75
2021-02-02 05:00:00,51.8671,49.9116,50.8894,50.9619,44.1532,50.8894,-0.2286,-0.295,50.9
2021-02-01 20:00:00,51.972,49.876,50.924,50.9662,41.5821,50.924,-0.2721,-0.3116,50.67
2021-02-01 19:00:00,52.0482,49.8739,50.961,50.9866,41.3551,50.961,-0.3002,-0.3215,50.65
2021-02-01 18:00:00,52.0898,49.8909,50.9904,51.0099,38.7081,50.9904,-0.3296,-0.3269,50.42
2021-02-01 17:00:00,52.1789,49.9071,51.043,51.0505,38.4746,51.043,-0.339,-0.3262,50.4
2021-02-01 16:00:00,52.262,49.9334,51.0977,51.0954,38.3612,51.0977,-0.344,-0.323,50.39
2021-02-01 15:00:00,52.3299,49.9735,51.1517,51.1441,38.602,51.1517,-0.3444,-0.3177,50.425
2021-02-01 14:00:00,52.3949,50.0169,51.2059,51.1936,36.5101,51.2059,-0.3434,-0.311,50.235
2021-02-01 13:00:00,52.4337,50.0977,51.2657,51.2598,37.187,51.2657,-0.3178,-0.3029,50.34
2021-02-01 12:00:00,52.4961,50.1623,51.3292,51.3232,36.9664,51.3292,-0.2912,-0.2992,50.3195
2021-02-01 11:00:00,52.5421,50.2443,51.3932,51.3924,38.9697,51.3932,-0.2509,-0.3012,50.63
2021-02-01 10:00:00,52.5925,50.298,51.4452,51.445,41.1938,51.4452,-0.2275,-0.3138,50.95
2021-02-01 09:00:00,52.651,50.3234,51.4872,51.4791,44.2449,51.4872,-0.2269,-0.3354,51.35
2021-02-01 08:00:00,52.7577,50.3,51.5289,51.488,43.6396,51.5289,-0.2635,-0.3625,51.29
2021-02-01 07:00:00,52.8301,50.3017,51.5659,51.5017,44.4165,51.5659,-0.3003,-0.3873,51.39
2021-02-01 06:00:00,52.8754,50.3104,51.5929,51.5094,42.2293,51.5929,-0.353,-0.409,51.17
2021-02-01 05:00:00,52.8944,50.3401,51.6172,51.5328,44.4585,51.6172,-0.3929,-0.423,51.46
2021-01-29 20:00:00,52.9196,50.3521,51.6359,51.5378,35.8844,51.6359,-0.4675,-0.4306,50.7
2021-01-29 19:00:00,52.9418,50.4339,51.6879,51.5956,35.8844,51.6879,-0.4786,-0.4213,50.7
2021-01-29 18:00:00,52.9271,50.5266,51.7269,51.6574,35.0224,51.7269,-0.4858,-0.407,50.6301
2021-01-29 17:00:00,52.9047,50.6404,51.7725,51.7282,34.6566,51.7725,-0.4808,-0.3873,50.6
2021-01-29 16:00:00,52.8664,50.772,51.8192,51.806,34.4184,51.8192,-0.4643,-0.3639,50.5799
2021-01-29 15:00:00,52.804,50.9224,51.8632,51.8906,35.222,51.8632,-0.4345,-0.3388,50.71
2021-01-29 14:00:00,52.7423,51.0668,51.9045,51.972,34.5532,51.9045,-0.4034,-0.3149,50.6511
2021-01-29 13:00:00,52.6503,51.254,51.9522,52.0631,34.9015,51.9522,-0.3519,-0.2928,50.71
2021-01-29 12:00:00,52.5536,51.464,52.0088,52.1564,37.5745,52.0088,-0.287,-0.278,51.14
2021-01-29 11:00:00,52.6117,51.5253,52.0685,52.2265,42.9758,52.0685,-0.2437,-0.2758,51.87
2021-01-29 10:00:00,52.7614,51.4576,52.1095,52.2511,41.1845,52.1095,-0.2593,-0.2838,51.71
2021-01-29 09:00:00,52.8095,51.4752,52.1423,52.2884,43.1499,52.1423,-0.2591,-0.2899,51.95
2021-01-29 08:00:00,52.9132,51.4435,52.1783,52.3117,40.7586,52.1783,-0.2795,-0.2976,51.74
2021-01-29 07:00:00,52.9966,51.4454,52.221,52.3512,42.4005,52.221,-0.2801,-0.3022,51.94
2021-01-29 06:00:00,53.1413,51.3967,52.269,52.3795,40.5484,52.269,-0.2972,-0.3077,51.78
2021-01-29 05:00:00,53.3025,51.3561,52.3293,52.4209,37.5135,52.3293,-0.2984,-0.3103,51.53
2021-01-28 20:00:00,53.5263,51.3017,52.414,52.4823,41.3496,52.414,-0.2701,-0.3133,52.0
2021-01-28 19:00:00,53.7789,51.2018,52.4903,52.5156,41.7004,52.4903,-0.2779,-0.3241,52.04
2021-01-28 18:00:00,53.9945,51.1361,52.5653,52.5484,41.3408,52.5653,-0.2879,-0.3356,52.0101
2021-01-28 17:00:00,54.1585,51.1148,52.6367,52.5855,41.674,52.6367,-0.2935,-0.3476,52.0502
2021-01-28 16:00:00,54.2978,51.1122,52.705,52.6224,41.4442,52.705,-0.3004,-0.3611,52.03
2021-01-28 15:00:00,54.4222,51.1258,52.774,52.6633,43.1956,52.774,-0.3028,-0.3762,52.245
2021-01-28 14:00:00,54.5589,51.1227,52.8408,52.6921,43.1416,52.8408,-0.3233,-0.3946,52.24
2021-01-28 13:00:00,54.708,51.1196,52.9138,52.7233,42.6141,52.9138,-0.3443,-0.4125,52.19
2021-01-28 12:00:00,54.8562,51.1278,52.992,52.7601,42.7675,52.992,-0.361,-0.4295,52.21
2021-01-28 11:00:00,54.9733,51.1574,53.0653,52.798,45.8812,53.0653,-0.379,-0.4466,52.6
2021-01-28 10:00:00,55.0685,51.1735,53.121,52.8117,43.8548,53.121,-0.4363,-0.4635,52.4
2021-01-28 09:00:00,55.1662,51.2078,53.187,52.84,41.7463,53.187,-0.4827,-0.4704,52.2
2021-01-28 08:00:00,55.2592,51.2665,53.2628,52.8842,38.3915,53.2628,-0.5146,-0.4673,51.9
2021-01-28 07:00:00,55.2997,51.3813,53.3405,52.9521,39.2659,53.3405,-0.5172,-0.4554,52.02
2021-01-28 06:00:00,55.375,51.4793,53.4272,53.0163,41.0745,53.4272,-0.5252,-0.44,52.26
2021-01-28 05:00:00,55.444,51.5643,53.5042,53.0685,36.4785,53.5042,-0.5522,-0.4187,51.87
2021-01-27 20:00:00,55.461,51.72,53.5905,53.1512,37.4189,53.5905,-0.539,-0.3853,52.0
2021-01-27 19:00:00,55.4505,51.8778,53.6642,53.2306,37.4189,53.6642,-0.5275,-0.3469,52.0
2021-01-27 18:00:00,55.4458,52.0486,53.7472,53.3154,36.2374,53.7472,-0.5052,-0.3018,51.9
2021-01-27 17:00:00,55.3632,52.2552,53.8092,53.413,36.5711,53.8092,-0.4591,-0.2509,51.95
2021-01-27 16:00:00,55.2598,52.4685,53.8642,53.5139,37.4377,53.8642,-0.3988,-0.1989,52.08
2021-01-27 15:00:00,55.1487,52.6816,53.9152,53.6128,39.7489,53.9152,-0.3292,-0.1489,52.41
2021-01-27 14:00:00,55.0646,52.8648,53.9647,53.6958,43.8747,53.9647,-0.2691,-0.1039,52.93
2021-01-27 13:00:00,55.0316,52.9705,54.001,53.7486,45.3627,54.001,-0.2416,-0.0626,53.1
2021-01-27 12:00:00,55.0027,53.0456,54.0241,53.7933,40.7337,54.0241,-0.2202,-0.0178,52.695
2021-01-27 11:00:00,54.912,53.2067,54.0593,53.8691,43.6936,54.0593,-0.1484,0.0328,53.03
2021-01-27 10:00:00,54.8543,53.3163,54.0853,53.9269,43.5753,54.0853,-0.0888,0.0781,53.02
2021-01-27 09:00:00,54.7819,53.4384,54.1102,53.9895,47.013,54.1102,-0.0103,0.1198,53.38
2021-01-27 08:00:00,54.7473,53.5143,54.1308,54.0315,49.2017,54.1308,0.0533,0.1523,53.59
2021-01-27 07:00:00,54.7311,53.5506,54.1408,54.062,54.8433,54.1408,0.1123,0.1771,54.07
2021-01-27 06:00:00,54.736,53.525,54.1305,54.0614,57.7786,54.1305,0.1371,0.1933,54.29
2021-01-27 05:00:00,54.7336,53.4867,54.1102,54.0456,57.7786,54.1102,0.1444,0.2073,54.29
2021-01-26 20:00:00,54.7322,53.4428,54.0875,54.0288,56.3907,54.0875,0.1516,0.223,54.15
2021-01-26 19:00:00,54.7333,53.409,54.0712,54.0204,55.8901,54.0712,0.1729,0.2408,54.1
2021-01-26 18:00:00,54.7312,53.3885,54.0598,54.0149,55.8901,54.0598,0.2026,0.2578,54.1
2021-01-26 17:00:00,54.7564,53.3105,54.0335,54.0091,57.7471,54.0335,0.2375,0.2717,54.2499
2021-01-26 16:00:00,54.7661,53.2375,54.0018,53.9925,60.065,54.0018,0.2635,0.2802,54.43
2021-01-26 15:00:00,54.753,53.174,53.9635,53.9623,61.4552,53.9635,0.2744,0.2844,54.535
2021-01-26 14:00:00,54.7208,53.1205,53.9207,53.9228,60.4014,53.9207,0.2736,0.2869,54.4101
2021-01-26 13:00:00,54.6951,53.0695,53.8823,53.8892,59.1916,53.8823,0.2813,0.2902,54.27
2021-01-26 12:00:00,54.6756,53.0244,53.85,53.8629,60.5967,53.85,0.3014,0.2924,54.38
2021-01-26 11:00:00,54.6343,52.9996,53.817,53.8273,61.8219,53.817,0.3115,0.2901,54.475
2021-01-26 10:00:00,54.5752,52.9844,53.7798,53.7826,59.7954,53.7798,0.3101,0.2848,54.23
2021-01-26 09:00:00,54.5573,52.9255,53.7414,53.7517,65.1139,53.7414,0.3287,0.2785,54.62
2021-01-26 08:00:00,54.4827,52.888,53.6854,53.6919,64.7251,53.6854,0.308,0.2659,54.57
2021-01-26 07:00:00,54.4099,52.8461,53.628,53.6313,63.8686,53.628,0.2823,0.2554,54.46
2021-01-26 06:00:00,54.3702,52.7612,53.5657,53.5742,61.8327,53.5657,0.2564,0.2486,54.21
2021-01-26 05:00:00,54.3526,52.6708,53.5117,53.5303,65.8499,53.5117,0.2452,0.2467,54.49
2021-01-25 20:00:00,54.3028,52.5766,53.4397,53.4641,59.1635,53.4397,0.1988,0.247,53.76
2021-01-25 19:00:00,54.3324,52.4524,53.3924,53.4437,57.3961,53.3924,0.211,0.2591,53.6
2021-01-25 18:00:00,54.3537,52.351,53.3524,53.4329,57.5466,53.3524,0.2399,0.2711,53.61
2021-01-25 17:00:00,54.3384,52.3184,53.3284,53.4207,62.0519,53.3284,0.2721,0.2789,53.8965
2021-01-25 16:00:00,54.2992,52.2791,53.2891,53.3879,64.1445,53.2891,0.2802,0.2806,54.02
2021-01-25 15:00:00,54.2393,52.2503,53.2448,53.3443,61.8591,53.2448,0.2738,0.2807,53.793
2021-01-25 14:00:00,54.2,52.2168,53.2084,53.3134,61.4098,53.2084,0.2848,0.2824,53.7501
2021-01-25 13:00:00,54.1666,52.1695,53.168,53.2832,62.4021,53.168,0.2991,0.2819,53.81
2021-01-25 12:00:00,54.1235,52.1227,53.1231,53.2469,61.9557,53.1231,0.3068,0.2776,53.765
2021-01-25 11:00:00,54.0848,52.0663,53.0756,53.2112,65.9061,53.0756,0.3168,0.2702,54.0
2021-01-25 10:00:00,54.0012,52.0406,53.0209,53.1568,64.8932,53.0209,0.3011,0.2586,53.89
2021-01-25 09:00:00,53.9307,52.0005,52.9656,53.1062,63.6599,52.9656,0.2878,0.248,53.76
2021-01-25 08:00:00,53.8533,52.0032,52.9282,53.0611,62.8842,52.9282,0.2799,0.238,53.68
2021-01-25 07:00:00,53.7823,51.9963,52.8893,53.0185,62.2017,52.8893,0.2739,0.2275,53.61
2021-01-25 06:00:00,53.7129,52.0044,52.8587,52.9777,63.0016,52.8587,0.2694,0.2159,53.66
2021-01-25 05:00:00,53.6296,52.0271,52.8283,52.9306,64.6077,52.8283,0.2546,0.2025,53.76
2021-01-22 20:00:00,53.5197,52.0743,52.797,52.8734,60.1932,52.797,0.2219,0.1895,53.31
2021-01-22 19:00:00,53.4803,52.0844,52.7823,52.8433,60.0863,52.7823,0.2227,0.1814,53.3
2021-01-22 18:00:00,53.4527,52.0953,52.774,52.8118,59.8779,52.774,0.2215,0.171,53.28
2021-01-22 17:00:00,53.4167,52.0626,52.7397,52.7795,59.5718,52.7397,0.2187,0.1584,53.25
2021-01-22 16:00:00,53.3781,52.0346,52.7063,52.7471,59.7186,52.7063,0.2151,0.1434,53.26
2021-01-22 15:00:00,53.3317,52.013,52.6723,52.7117,60.2931,52.6723,0.2064,0.1254,53.3
2021-01-22 14:00:00,53.2668,52.0145,52.6407,52.6711,61.5815,52.6407,0.1881,0.1052,53.39
2021-01-22 13:00:00,53.1802,52.0232,52.6017,52.6215,61.3151,52.6017,0.1529,0.0844,53.36
2021-01-22 12:00:00,53.0824,52.0482,52.5653,52.5706,58.6982,52.5653,0.1089,0.0673,53.0764
2021-01-22 11:00:00,53.0403,52.0249,52.5326,52.5357,57.3571,52.5326,0.0799,0.0569,52.94
2021-01-22 10:00:00,53.0151,51.9914,52.5033,52.5078,56.4552,52.5033,0.0556,0.0512,52.85
2021-01-22 09:00:00,52.9991,51.9521,52.4756,52.4842,53.7219,52.4756,0.033,0.05,52.59
2021-01-22 08:00:00,52.9963,51.9243,52.4603,52.4769,53.7219,52.4603,0.0301,0.0543,52.59
2021-01-22 07:00:00,52.9879,51.9098,52.4489,52.4691,50.8383,52.4489,0.026,0.0604,52.33
2021-01-22 06:00:00,53.0039,51.9172,52.4605,52.4787,50.9564,52.4605,0.0469,0.0689,52.34
2021-01-22 05:00:00,53.0099,51.9252,52.4675,52.4883,51.652,52.4675,0.0718,0.0744,52.4
2021-01-21 20:00:00,53.0215,51.9302,52.4759,52.4944,57.891,52.4759,0.0965,0.0751,52.89
2021-01-21 19:00:00,53.0059,51.9372,52.4715,52.4671,56.1132,52.4715,0.0767,0.0697,52.72
2021-01-21 18:00:00,53.0099,51.9358,52.4729,52.4497,55.7948,52.4729,0.0676,0.068,52.69
2021-01-21 17:00:00,52.9941,51.9256,52.4599,52.4331,55.9255,52.4599,0.0581,0.0681,52.7
2021-01-21 16:00:00,52.986,51.9271,52.4565,52.4147,54.2682,52.4565,0.044,0.0706,52.54
2021-01-21 15:00:00,52.9865,51.9272,52.4569,52.406,53.4336,52.4569,0.0418,0.0772,52.4611
2021-01-21 14:00:00,52.9917,51.9293,52.4605,52.4022,52.1375,52.4605,0.0463,0.0861,52.34
2021-01-21 13:00:00,52.9994,51.9375,52.4685,52.4065,52.3702,52.4685,0.0638,0.096,52.36
2021-01-21 12:00:00,53.001,51.942,52.4715,52.4097,50.9959,52.4715,0.0831,0.1041,52.23
2021-01-21 11:00:00,52.9995,51.9528,52.4762,52.4221,55.9145,52.4762,0.1198,0.1093,52.64
2021-01-21 10:00:00,52.9896,51.95,52.4698,52.4071,54.5981,52.4698,0.1231,0.1067,52.5125
2021-01-21 09:00:00,52.9859,51.9389,52.4624,52.3998,56.8826,52.4624,0.1385,0.1027,52.6899
2021-01-21 08:00:00,52.9777,51.9402,52.4589,52.3798,57.6729,52.4589,0.1382,0.0937,52.75
2021-01-21 07:00:00,52.9557,51.9408,52.4482,52.3543,58.5894,52.4482,0.1296,0.0826,52.82
2021-01-21 06:00:00,52.9387,51.9478,52.4432,52.3222,59.2394,52.4432,0.1096,0.0708,52.87
2021-01-21 05:00:00,52.9227,51.9558,52.4392,52.2844,61.6183,52.4392,0.0774,0.0611,53.05
2021-01-20 20:00:00,52.9,51.9705,52.4352,52.2316,53.6157,52.4352,0.0168,0.0571,52.25
2021-01-20 19:00:00,52.9377,51.9728,52.4552,52.2303,53.6157,52.4552,0.0207,0.0671,52.25
2021-01-20 18:00:00,52.9452,51.988,52.4666,52.229,53.5024,52.4666,0.0254,0.0788,52.24
2021-01-20 17:00:00,53.1108,51.7463,52.4286,52.2282,54.9283,52.4286,0.0321,0.0921,52.35
2021-01-20 16:00:00,53.187,51.6001,52.3936,52.2198,53.5129,52.3936,0.0289,0.1071,52.22
2021-01-20 15:00:00,53.2468,51.479,52.3629,52.2198,54.1451,52.3629,0.0376,0.1266,52.27
2021-01-20 14:00:00,53.3108,51.3404,52.3256,52.2164,52.236,52.3256,0.0432,0.1489,52.095
2021-01-20 13:00:00,53.3443,51.2569,52.3006,52.2247,51.8484,52.3006,0.0675,0.1753,52.06
2021-01-20 12:00:00,53.3772,51.1726,52.2749,52.2361,51.4129,52.2749,0.101,0.2023,52.02
2021-01-20 11:00:00,53.4019,51.1022,52.2521,52.251,52.6796,52.2521,0.1464,0.2276,52.13
2021-01-20 10:00:00,53.4171,51.0384,52.2277,52.2593,54.0548,52.2277,0.1911,0.2479,52.2475
2021-01-20 09:00:00,53.4218,50.9818,52.2018,52.2602,59.59,52.2018,0.2333,0.2621,52.68
2021-01-20 08:00:00,53.3997,50.9173,52.1585,52.2312,58.3508,52.1585,0.2398,0.2693,52.55
2021-01-20 07:00:00,53.3828,50.8555,52.1192,52.2092,59.7124,52.1192,0.2578,0.2767,52.65
2021-01-20 06:00:00,53.3575,50.7875,52.0725,52.1788,61.2317,52.0725,0.2669,0.2814,52.76
2021-01-20 05:00:00,53.3079,50.7464,52.0272,52.1387,61.2317,52.0272,0.2634,0.285,52.76
2021-01-19 20:00:00,53.249,50.7233,51.9862,52.0959,56.9516,51.9862,0.2551,0.2904,52.3
2021-01-19 19:00:00,53.2303,50.6827,51.9565,52.0818,61.2121,51.9565,0.2877,0.2992,52.6
2021-01-19 18:00:00,53.1855,50.6395,51.9125,52.0461,60.7389,51.9125,0.2945,0.3021,52.55
2021-01-19 17:00:00,53.1395,50.6022,51.8708,52.0113,61.0268,51.8708,0.304,0.304,52.57
2021-01-19 16:00:00,53.0857,50.5713,51.8285,51.9728,61.1669,51.8285,0.3096,0.304,52.58
2021-01-19 15:00:00,53.0249,50.5468,51.7858,51.9309,60.0131,51.7858,0.3113,0.3026,52.45
2021-01-19 14:00:00,52.973,50.522,51.7475,51.8951,59.2937,51.7475,0.3222,0.3004,52.37
2021-01-19 13:00:00,52.9252,50.4978,51.7115,51.8624,60.3432,51.7115,0.3396,0.295,52.45
2021-01-19 12:00:00,52.8633,50.4857,51.6745,51.8219,58.938,51.6745,0.3486,0.2838,52.29
2021-01-19 11:00:00,52.8149,50.4708,51.6428,51.7896,62.9109,51.6428,0.3714,0.2676,52.585
2021-01-19 10:00:00,52.7275,50.4901,51.6088,51.7347,61.5961,51.6088,0.3651,0.2417,52.43
2021-01-19 09:00:00,52.6582,50.5054,51.5818,51.6868,65.0477,51.5818,0.3674,0.2108,52.67
2021-01-19 08:00:00,52.5457,50.5492,51.5474,51.6189,66.2438,51.5474,0.3407,0.1717,52.75
2021-01-19 07:00:00,52.3951,50.6051,51.5001,51.5409,69.0035,51.5001,0.2934,0.1295,52.93
2021-01-19 06:00:00,52.1703,50.7293,51.4498,51.4451,68.4386,51.4498,0.2105,0.0885,52.85
2021-01-19 05:00:00,51.8988,50.9008,51.3998,51.3483,66.5218,51.3998,0.1097,0.058,52.59
2021-01-15 20:00:00,51.5984,51.1272,51.3628,51.2626,49.5473,51.3628,0.006,0.045,51.1
2021-01-15 19:00:00,51.5874,51.1581,51.3728,51.2738,53.0365,51.3728,0.0253,0.0548,51.3
2021-01-15 18:00:00,51.5888,51.1535,51.3711,51.272,53.0365,51.3711,0.0291,0.0621,51.3
2021-01-15 17:00:00,51.6486,51.0616,51.3551,51.2701,50.5984,51.3551,0.0335,0.0704,51.15
2021-01-15 16:00:00,51.688,51.0002,51.3441,51.2784,54.1299,51.3441,0.054,0.0796,51.345
2021-01-15 15:00:00,51.7214,50.9305,51.3259,51.2738,53.2401,51.3259,0.0595,0.086,51.29
2021-01-15 14:00:00,51.7369,50.889,51.3129,51.2727,54.0696,51.3129,0.0712,0.0927,51.335
2021-01-15 13:00:00,51.7474,50.8495,51.2984,51.2684,55.2722,51.2984,0.0806,0.098,51.4
2021-01-15 12:00:00,51.7435,50.8287,51.2861,51.2593,56.5822,51.2861,0.0848,0.1024,51.47
2021-01-15 11:00:00,51.7311,50.8147,51.2729,51.2448,55.2644,51.2729,0.0817,0.1068,51.38
2021-01-15 10:00:00,51.7255,50.7976,51.2616,51.2354,55.1181,51.2616,0.0858,0.113,51.37
2021-01-15 09:00:00,51.7186,50.7845,51.2516,51.2262,53.3481,51.2516,0.0908,0.1198,51.25
2021-01-15 08:00:00,51.7169,50.7809,51.2489,51.2245,56.0175,51.2489,0.1081,0.1271,51.4
2021-01-15 07:00:00,51.7064,50.775,51.2407,51.2124,58.4684,51.2407,0.1133,0.1318,51.53
2021-01-15 06:00:00,51.6936,50.7405,51.2171,51.1905,56.7811,51.2171,0.1051,0.1365,51.41
2021-01-15 05:00:00,51.6828,50.7193,51.2011,51.1754,54.8606,51.2011,0.1052,0.1443,51.28
2021-01-14 20:00:00,51.6897,50.6778,51.1837,51.1682,55.2255,51.1837,0.1172,0.1541,51.3
2021-01-14 19:00:00,51.684,50.6574,51.1707,51.1591,55.2255,51.1707,0.1286,0.1633,51.3
2021-01-14 18:00:00,51.6753,50.6462,51.1607,51.1494,55.2255,51.1607,0.1414,0.172,51.3
2021-01-14 17:00:00,51.7245,50.5303,51.1274,51.139,55.2255,51.1274,0.1556,0.1796,51.3
2021-01-14 16:00:00,51.7582,50.4293,51.0937,51.1279,55.0951,51.0937,0.1716,0.1856,51.29
2021-01-14 15:00:00,51.7969,50.3146,51.0557,51.1167,55.8819,51.0557,0.1904,0.1891,51.34
2021-01-14 14:00:00,51.802,50.2401,51.0211,51.1013,55.8819,51.0211,0.2066,0.1888,51.34
2021-01-14 13:00:00,51.8009,50.1705,50.9857,51.0848,59.4519,50.9857,0.2243,0.1843,51.565
2021-01-14 12:00:00,51.7754,50.1034,50.9394,51.0517,60.3311,50.9394,0.2206,0.1743,51.6181
2021-01-14 11:00:00,51.7282,50.0572,50.8927,51.0126,60.689,50.8927,0.2074,0.1627,51.64
2021-01-14 10:00:00,51.6753,50.0081,50.8417,50.9694,57.2166,50.8417,0.1852,0.1516,51.33
2021-01-14 09:00:00,51.6382,49.9839,50.8111,50.9445,58.671,50.8111,0.1858,0.1431,51.42
2021-01-14 08:00:00,51.5844,49.9711,50.7777,50.9117,57.8658,50.7777,0.1747,0.1325,51.35
2021-01-14 07:00:00,51.5331,49.965,50.7491,50.8815,59.9632,50.7491,0.1651,0.1219,51.48
2021-01-14 06:00:00,51.4571,49.9844,50.7207,50.8402,59.0809,50.7207,0.1372,0.1111,51.4
2021-01-14 05:00:00,51.3885,50.0049,50.6967,50.8016,57.3785,50.6967,0.1077,0.1046,51.25
2021-01-13 20:00:00,51.3354,50.0074,50.6714,50.7707,51.8244,50.6714,0.0839,0.1038,50.82
2021-01-13 19:00:00,51.3253,49.9988,50.6621,50.7673,51.8244,50.6621,0.0959,0.1088,50.82
2021-01-13 18:00:00,51.3145,49.9883,50.6514,50.7636,51.55,50.6514,0.1099,0.112,50.8
2021-01-13 17:00:00,51.3055,49.9833,50.6444,50.7611,53.0093,50.6444,0.1283,0.1125,50.9
2021-01-13 16:00:00,51.2885,49.9796,50.6341,50.7516,53.0093,50.6341,0.1396,0.1086,50.9
2021-01-13 15:00:00,51.2708,49.9767,50.6237,50.7413,54.8973,50.6237,0.1521,0.1009,51.03
2021-01-13 14:00:00,51.2378,49.979,50.6084,50.7214,55.5594,50.6084,0.1525,0.0881,51.075
2021-01-13 13:00:00,51.198,49.9878,50.5929,50.697,55.1351,50.5929,0.1463,0.0719,51.0385
2021-01-13 12:00:00,51.1581,49.9935,50.5758,50.6735,55.5778,50.5758,0.1399,0.0534,51.07
2021-01-13 11:00:00,51.1205,50.0084,50.5644,50.6461,56.9817,50.5644,0.1265,0.0317,51.17
2021-01-13 10:00:00,51.0863,50.028,50.5571,50.61,56.8236,50.5571,0.0974,0.0081,51.155
2021-01-13 09:00:00,51.0344,50.0559,50.5451,50.5724,53.1014,50.5451,0.0604,-0.0143,50.82
2021-01-13 08:00:00,51.0464,50.0505,50.5485,50.5553,54.5953,50.5485,0.0463,-0.0329,50.93
2021-01-13 07:00:00,51.0119,50.057,50.5345,50.5295,52.6033,50.5345,0.0165,-0.0527,50.76
2021-01-13 06:00:00,51.0182,50.0548,50.5365,50.5136,54.6483,50.5365,-0.0044,-0.0701,50.91
2021-01-13 05:00:00,51.0431,50.0406,50.5418,50.4863,55.9089,50.5418,-0.0464,-0.0865,51.0
2021-01-12 20:00:00,51.0562,50.0328,50.5445,50.4508,46.6572,50.5445,-0.1084,-0.0965,50.3
2021-01-12 19:00:00,51.0672,50.0511,50.5591,50.4612,46.5021,50.5591,-0.1148,-0.0935,50.29
2021-01-12 18:00:00,51.0861,50.0695,50.5778,50.473,44.312,50.5778,-0.1202,-0.0882,50.15
2021-01-12 17:00:00,51.0818,50.1118,50.5968,50.4953,46.2741,50.5968,-0.1111,-0.0802,50.3
2021-01-12 16:00:00,51.0961,50.1346,50.6154,50.5088,45.9657,50.6154,-0.1131,-0.0725,50.28
2021-01-12 15:00:00,51.0956,50.1645,50.6301,50.5246,44.3445,50.6301,-0.112,-0.0623,50.175
2021-01-12 14:00:00,51.0939,50.2122,50.6531,50.5487,44.88,50.6531,-0.0983,-0.0499,50.2182
2021-01-12 13:00:00,51.0791,50.2585,50.6688,50.5715,43.2197,50.6688,-0.0838,-0.0378,50.11
2021-01-12 12:00:00,51.0405,50.3284,50.6844,50.6033,47.0153,50.6844,-0.053,-0.0263,50.41
2021-01-12 11:00:00,51.0386,50.3323,50.6854,50.6166,47.1488,50.6854,-0.0435,-0.0197,50.42
2021-01-12 10:00:00,51.034,50.3429,50.6884,50.6302,48.0719,50.6884,-0.0318,-0.0137,50.49
2021-01-12 09:00:00,51.0335,50.344,50.6888,50.6399,49.963,50.6888,-0.0234,-0.0092,50.63
2021-01-12 08:00:00,51.0387,50.3255,50.6821,50.6405,50.651,50.6821,-0.0267,-0.0056,50.68
2021-01-12 07:00:00,51.0374,50.3228,50.6801,50.6378,48.022,50.6801,-0.0356,-0.0004,50.49
2021-01-12 06:00:00,51.0354,50.3328,50.6841,50.648,48.6818,50.6841,-0.0271,0.0085,50.54
2021-01-12 05:00:00,51.0353,50.3403,50.6878,50.6555,48.1307,50.6878,-0.0209,0.0173,50.5
2021-01-11 19:00:00,51.034,50.3529,50.6934,50.6662,49.2817,50.6934,-0.0087,0.0269,50.59
2021-01-11 18:00:00,51.0365,50.3437,50.6901,50.6714,49.2817,50.6901,-0.0021,0.0358,50.59
2021-01-11 17:00:00,51.0527,50.3082,50.6804,50.677,49.2817,50.6804,0.0064,0.0453,50.59
2021-01-11 16:00:00,51.0768,50.2581,50.6675,50.683,49.0371,50.6675,0.0171,0.055,50.57
2021-01-11 15:00:00,51.0926,50.2203,50.6564,50.6908,49.4986,50.6564,0.0325,0.0645,50.61
2021-01-11 14:00:00,51.1086,50.177,50.6428,50.6964,48.5029,50.6428,0.0477,0.0725,50.525
2021-01-11 13:00:00,51.1244,50.1382,50.6313,50.7082,50.8399,50.6313,0.075,0.0787,50.73
2021-01-11 12:00:00,51.1302,50.0958,50.613,50.7067,53.529,50.613,0.0879,0.0796,50.9511
2021-01-11 11:00:00,51.1159,50.0547,50.5853,50.6899,51.7886,50.5853,0.0805,0.0776,50.795
2021-01-11 10:00:00,51.1071,50.0245,50.5658,50.6826,53.3348,50.5658,0.0859,0.0768,50.92
2021-01-11 09:00:00,51.077,50.0163,50.5466,50.6663,48.4556,50.5466,0.0787,0.0745,50.51
2021-01-11 08:00:00,51.0758,50.0094,50.5426,50.677,52.465,50.5426,0.1102,0.0735,50.82
2021-01-11 07:00:00,51.0566,49.9907,50.5236,50.6672,56.0825,50.5236,0.1172,0.0643,51.07
2021-01-11 06:00:00,50.9968,50.0111,50.504,50.6394,56.2324,50.504,0.099,0.0511,51.08
2021-01-11 05:00:00,50.9384,50.0415,50.49,50.609,52.0166,50.49,0.0734,0.0391,50.74
2021-01-08 20:00:00,50.9182,50.0377,50.478,50.6,53.6322,50.478,0.0741,0.0306,50.85
2021-01-08 19:00:00,50.886,50.0486,50.4673,50.5828,51.9264,50.4673,0.0628,0.0197,50.72
2021-01-08 18:00:00,50.8753,50.052,50.4636,50.5733,53.9544,50.4636,0.0607,0.0089,50.8574
2021-01-08 17:00:00,50.8989,50.0372,50.4681,50.5537,52.1478,50.4681,0.0432,-0.0041,50.72
2021-01-08 16:00:00,50.9283,50.0218,50.4751,50.5422,54.3221,50.4751,0.0341,-0.0159,50.865
2021-01-08 15:00:00,50.9401,50.015,50.4776,50.52,51.9865,50.4776,0.0073,-0.0284,50.69
2021-01-08 14:00:00,50.9703,50.0008,50.4856,50.5082,50.447,50.4856,-0.0092,-0.0373,50.58
2021-01-08 13:00:00,51.0067,49.9877,50.4972,50.5033,48.412,50.4972,-0.0189,-0.0444,50.44
2021-01-08 12:00:00,51.0377,49.9854,50.5116,50.5076,49.3924,50.5116,-0.0168,-0.0507,50.51
2021-01-08 11:00:00,51.0783,49.9755,50.5269,50.5075,49.2505,50.5269,-0.021,-0.0592,50.5
2021-01-08 10:00:00,51.0936,49.9779,50.5358,50.508,48.2688,50.5358,-0.025,-0.0688,50.43
2021-01-08 09:00:00,51.1016,49.9853,50.5434,50.5134,50.8497,50.5434,-0.0226,-0.0797,50.62
2021-01-08 08:00:00,51.1599,49.9623,50.5611,50.506,50.7156,50.5611,-0.0386,-0.094,50.61
2021-01-08 07:00:00,51.2203,49.9405,50.5804,50.4989,51.2562,50.5804,-0.0575,-0.1078,50.65
2021-01-08 06:00:00,51.2745,49.9223,50.5984,50.4884,51.5217,50.5984,-0.0847,-0.1204,50.67
2021-01-08 05:00:00,51.3242,49.9073,50.6158,50.4759,49.2343,50.6158,-0.1204,-0.1293,50.49
2021-01-07 20:00:00,51.3847,49.8981,50.6414,50.4749,46.6666,50.6414,-0.1458,-0.1315,50.3
2021-01-07 19:00:00,51.4534,49.9008,50.6771,50.487,45.2579,50.6771,-0.1567,-0.128,50.2
2021-01-07 18:00:00,51.4658,49.9403,50.7031,50.5068,45.7249,50.7031,-0.1582,-0.1208,50.24
2021-01-07 17:00:00,51.4591,49.9691,50.7141,50.5252,45.1809,50.7141,-0.1619,-0.1114,50.2002
2021-01-07 16:00:00,51.449,50.0045,50.7267,50.5476,44.9099,50.7267,-0.1602,-0.0988,50.18
2021-01-07 15:00:00,51.4371,50.0504,50.7437,50.573,44.9238,50.7437,-0.1536,-0.0835,50.1813
2021-01-07 14:00:00,51.4224,50.099,50.7607,50.6,44.1406,50.7607,-0.1432,-0.0659,50.12
2021-01-07 13:00:00,51.3985,50.1629,50.7807,50.6331,45.0497,50.7807,-0.1215,-0.0466,50.21
2021-01-07 12:00:00,51.3785,50.2156,50.797,50.6623,46.4365,50.797,-0.1012,-0.0279,50.345
2021-01-07 11:00:00,51.3688,50.2383,50.8035,50.6841,46.9017,50.8035,-0.0876,-0.0096,50.39
2021-01-07 10:00:00,51.3607,50.2583,50.8095,50.7044,45.2522,50.8095,-0.0735,0.0099,50.25
2021-01-07 09:00:00,51.352,50.2734,50.8127,50.7358,47.6005,50.8127,-0.0403,0.0307,50.48
2021-01-07 08:00:00,51.3951,50.2004,50.7977,50.7534,49.5456,50.7977,-0.0206,0.0485,50.66
2021-01-07 07:00:00,51.4043,50.1704,50.7874,50.7598,46.2424,50.7874,-0.0136,0.0658,50.38
2021-01-07 06:00:00,51.3984,50.1864,50.7924,50.786,47.8652,50.7924,0.0241,0.0856,50.53
2021-01-07 05:00:00,51.3992,50.1836,50.7914,50.8037,48.7472,50.7914,0.0566,0.101,50.61
2021-01-06 20:00:00,51.4025,50.1703,50.7864,50.8171,53.2527,50.7864,0.0891,0.1121,50.99
2021-01-06 19:00:00,51.3882,50.1578,50.773,50.8051,52.5838,50.773,0.0906,0.1179,50.93
2021-01-06 18:00:00,51.3777,50.1437,50.7607,50.7965,52.7053,50.7607,0.0973,0.1247,50.94
2021-01-06 17:00:00,51.3674,50.1214,50.7444,50.7866,52.5994,50.7444,0.1034,0.1315,50.93
2021-01-06 16:00:00,51.3577,50.0957,50.7267,50.7767,52.5994,50.7267,0.1107,0.1386,50.93
2021-01-06 15:00:00,51.3522,50.0566,50.7044,50.7662,51.9969,50.7044,0.1184,0.1456,50.87
2021-01-06 14:00:00,51.3409,50.0477,50.6943,50.759,53.0962,50.6943,0.1326,0.1524,50.9711
2021-01-06 13:00:00,51.3204,50.0388,50.6796,50.7444,51.0572,50.6796,0.1386,0.1573,50.765
2021-01-06 12:00:00,51.3142,50.0239,50.6691,50.743,49.9864,50.6691,0.1651,0.162,50.66
2021-01-06 11:00:00,51.3153,49.9995,50.6574,50.7487,55.4599,50.6574,0.2073,0.1612,51.15
2021-01-06 10:00:00,51.2805,49.9674,50.6239,50.721,55.9433,50.6239,0.2082,0.1497,51.19
2021-01-06 09:00:00,51.2385,49.9338,50.5861,50.6886,55.9433,50.5861,0.2023,0.135,51.19
2021-01-06 08:00:00,51.1762,49.9501,50.5631,50.6541,55.9433,50.5631,0.1918,0.1182,51.19
2021-01-06 07:00:00,51.1276,49.9746,50.5511,50.6171,56.7249,50.5511,0.1757,0.0998,51.26
2021-01-06 06:00:00,51.0984,49.9932,50.5458,50.5728,57.9548,50.5458,0.1453,0.0808,51.37
2021-01-06 05:00:00,51.0718,50.0118,50.5418,50.5178,54.5796,50.5418,0.0933,0.0647,50.98
2021-01-05 20:00:00,51.1633,49.9523,50.5578,50.4859,50.545,50.5578,0.0653,0.0575,50.57
2021-01-05 19:00:00,51.2742,49.9007,50.5875,50.4801,50.6511,50.5875,0.0703,0.0556,50.58
2021-01-05 18:00:00,51.3236,49.8899,50.6068,50.4732,51.8072,50.6068,0.0746,0.0519,50.69
2021-01-05 17:00:00,51.3399,49.821,50.5805,50.4583,51.8083,50.5805,0.0679,0.0462,50.6901
2021-01-05 16:00:00,51.3504,49.7578,50.5541,50.4423,52.1104,50.5541,0.0583,0.0408,50.72
2021-01-05 15:00:00,51.3503,49.7072,50.5288,50.4231,51.9291,50.5288,0.0421,0.0364,50.7
2021-01-05 14:00:00,51.3473,49.6617,50.5045,50.404,50.4796,50.5045,0.023,0.0349,50.54
2021-01-05 13:00:00,51.3492,49.6224,50.4858,50.3947,50.757,50.4858,0.0144,0.0379,50.57
2021-01-05 12:00:00,51.3612,49.555,50.4581,50.3826,48.7138,50.4581,0.0003,0.0438,50.345
2021-01-05 11:00:00,51.383,49.4869,50.435,50.3852,45.6624,50.435,0.0051,0.0547,50.03
2021-01-05 10:00:00,51.4249,49.4016,50.4133,50.4097,48.4958,50.4133,0.0433,0.0671,50.35
2021-01-05 09:00:00,51.4787,49.2699,50.3743,50.4138,50.1892,50.3743,0.0588,0.073,50.53
2021-01-05 08:00:00,51.5023,49.1633,50.3328,50.4058,49.9074,50.3328,0.0595,0.0765,50.5
2021-01-05 07:00:00,51.5067,49.0895,50.2981,50.3993,49.5395,50.2981,0.0625,0.0808,50.46
2021-01-05 06:00:00,51.4946,49.0664,50.2805,50.3951,50.7097,50.2805,0.0694,0.0854,50.59
2021-01-05 05:00:00,51.4734,49.0415,50.2575,50.3816,50.4486,50.2575,0.0641,0.0894,50.56
2021-01-04 20:00:00,51.4527,49.0248,50.2388,50.3693,49.5004,50.2388,0.0594,0.0957,50.45
2021-01-04 19:00:00,51.4416,49.0186,50.2301,50.3638,49.0721,50.2301,0.0638,0.1047,50.4
2021-01-04 18:00:00,51.4317,48.9806,50.2061,50.3613,47.8758,50.2061,0.0735,0.1149,50.26
2021-01-04 17:00:00,51.4333,48.9816,50.2075,50.3683,50.3881,50.2075,0.0991,0.1253,50.5674
2021-01-04 16:00:00,51.4216,48.9808,50.2012,50.3545,50.0801,50.2012,0.0991,0.1318,50.53
2021-01-04 15:00:00,51.4135,48.9803,50.1969,50.3424,49.4307,50.1969,0.1014,0.14,50.45
2021-01-04 14:00:00,51.4034,48.9771,50.1902,50.335,48.2929,50.1902,0.111,0.1497,50.31
2021-01-04 13:00:00,51.3976,48.9728,50.1852,50.3367,46.9326,50.1852,0.1359,0.1594,50.145
2021-01-04 12:00:00,51.3992,48.9746,50.1869,50.3499,46.1962,50.1869,0.1825,0.1652,50.0562
2021-01-04 11:00:00,51.401,48.978,50.1895,50.3702,49.5157,50.1895,0.2483,0.1609,50.5
2021-01-04 10:00:00,51.3846,48.9727,50.1787,50.3612,52.2125,50.1787,0.2836,0.1391,50.83
2021-01-04 09:00:00,51.3411,48.9773,50.1592,50.3289,54.5628,50.1592,0.2909,0.1029,51.1
2021-01-04 08:00:00,51.2685,49.0025,50.1355,50.2757,55.9145,50.1355,0.2684,0.056,51.25
2021-01-04 07:00:00,51.1719,49.0465,50.1092,50.2086,57.8541,50.1092,0.2206,0.0028,51.46
2021-01-04 06:00:00,51.0329,49.1255,50.0792,50.1222,57.8541,50.0792,0.135,-0.0516,51.46
2021-01-04 05:00:00,50.9118,49.2045,50.0582,50.03,55.8077,50.0582,0.0238,-0.0983,51.16
2020-12-31 20:00:00,50.8428,49.2482,50.0455,49.9521,44.9565,50.0455,-0.088,-0.1288,49.9
2020-12-31 19:00:00,50.9733,49.2004,50.0868,49.9556,44.9565,50.0868,-0.1011,-0.139,49.9
2020-12-31 18:00:00,51.0684,49.1799,50.1242,49.9595,45.4532,50.1242,-0.1163,-0.1484,49.96
2020-12-31 17:00:00,51.0744,49.1893,50.1318,49.9594,45.5342,50.1318,-0.1402,-0.1565,49.97
2020-12-31 16:00:00,51.0757,49.1934,50.1345,49.9587,45.6128,50.1345,-0.1696,-0.1606,49.98
2020-12-31 15:00:00,51.0807,49.2017,50.1412,49.9573,43.3435,50.1412,-0.2057,-0.1583,49.74
2020-12-31 14:00:00,51.0835,49.2282,50.1558,49.9722,42.4734,50.1558,-0.2244,-0.1464,49.65
2020-12-31 13:00:00,51.0779,49.2508,50.1643,49.9945,39.7918,50.1643,-0.2358,-0.1269,49.38
2020-12-31 12:00:00,51.0535,49.3135,50.1835,50.0368,37.7128,50.1835,-0.2195,-0.0997,49.18
2020-12-31 11:00:00,51.0036,49.4068,50.2052,50.0959,38.3861,50.2052,-0.1751,-0.0697,49.2851
2020-12-31 10:00:00,50.9553,49.5067,50.231,50.1518,39.5212,50.231,-0.1265,-0.0434,49.46
2020-12-31 09:00:00,50.9243,49.5933,50.2588,50.1996,42.8096,50.2588,-0.0806,-0.0226,49.93
2020-12-31 08:00:00,50.9333,49.6188,50.2761,50.2181,42.5145,50.2761,-0.0685,-0.0081,49.9
2020-12-31 07:00:00,50.942,49.6494,50.2957,50.2401,43.2334,50.2957,-0.0492,0.007,50.0
2020-12-31 06:00:00,50.9613,49.6702,50.3157,50.2566,44.6191,50.3157,-0.0339,0.021,50.19
2020-12-31 05:00:00,50.9777,49.6784,50.3281,50.2612,39.5954,50.3281,-0.0332,0.0347,49.68
2020-12-30 20:00:00,50.9979,49.7369,50.3674,50.3013,44.3199,50.3674,0.02,0.0517,50.3
2020-12-30 19:00:00,51.0328,49.7354,50.3841,50.3014,44.9895,50.3841,0.0245,0.0597,50.38
2020-12-30 18:00:00,51.0734,49.7281,50.4007,50.296,45.1544,50.4007,0.0218,0.0684,50.4
2020-12-30 17:00:00,51.1004,49.6511,50.3757,50.2888,43.6575,50.3757,0.016,0.0801,50.25
2020-12-30 16:00:00,51.1133,49.6082,50.3607,50.2915,42.7513,50.3607,0.0236,0.0961,50.16
2020-12-30 15:00:00,51.1248,49.5727,50.3487,50.3006,43.0114,50.3487,0.0421,0.1143,50.195
2020-12-30 14:00:00,51.1632,49.4846,50.3239,50.3079,42.431,50.3239,0.0616,0.1323,50.135
2020-12-30 13:00:00,51.2015,49.3963,50.2989,50.3198,42.7113,50.2989,0.0916,0.15,50.175
2020-12-30 12:00:00,51.2342,49.3096,50.2719,50.3298,43.194,50.2719,0.1246,0.1646,50.245
2020-12-30 11:00:00,51.274,49.1998,50.2369,50.3356,44.1941,50.2369,0.1577,0.1745,50.39
2020-12-30 10:00:00,51.2984,49.0951,50.1967,50.3319,44.6769,50.1967,0.183,0.1787,50.46
2020-12-30 09:00:00,51.2873,49.0455,50.1664,50.323,45.3611,50.1664,0.2054,0.1777,50.56
2020-12-30 08:00:00,51.2662,48.9969,50.1316,50.3067,47.2498,50.1316,0.2208,0.1708,50.83
2020-12-30 07:00:00,51.209,48.9755,50.0922,50.2706,46.8536,50.0922,0.2099,0.1582,50.78
2020-12-30 06:00:00,51.1711,48.986,50.0786,50.2355,49.4375,50.0786,0.1979,0.1453,51.14
