date,Middle BBand,Upper BBand,Lower BBand,EMA,RSI,SMA,MACD Signal,MACD,Closing Price
2021-02-22 20:00:00,23.1283,24.022,22.2347,23.2622,62.1548,23.1283,0.2281,0.2422,23.63
2021-02-22 19:00:00,23.0923,23.9893,22.1954,23.2368,62.3852,23.0923,0.2245,0.2539,23.64
2021-02-22 18:00:00,23.056,23.9496,22.1624,23.209,63.756,23.056,0.2172,0.264,23.7
2021-02-22 17:00:00,23.0113,23.9057,22.117,23.1752,63.756,23.0113,0.2055,0.267,23.7
2021-02-22 16:00:00,22.9693,23.8486,22.0901,23.139,62.7358,22.9693,0.1902,0.2669,23.62
2021-02-22 15:00:00,22.931,23.7935,22.0685,23.1058,66.4657,22.931,0.171,0.2711,23.785
2021-02-22 14:00:00,22.8872,23.7041,22.0702,23.059,66.2896,22.8872,0.146,0.2556,23.77
2021-02-22 13:00:00,22.8435,23.6052,22.0818,23.0099,69.2181,22.8435,0.1185,0.2338,23.895
2021-02-22 12:00:00,22.7995,23.4588,22.1403,22.9489,67.2011,22.7995,0.0897,0.1897,23.715
2021-02-22 11:00:00,22.7607,23.3309,22.1905,22.8961,67.2011,22.7607,0.0647,0.1491,23.715
2021-02-22 10:00:00,22.7215,23.1732,22.2697,22.8396,63.6841,22.7215,0.0437,0.095,23.4303
2021-02-22 09:00:00,22.6964,23.0636,22.3292,22.7989,56.3726,22.6964,0.0308,0.0536,22.97
2021-02-22 08:00:00,22.6831,23.0384,22.3277,22.7871,55.8122,22.6831,0.0252,0.0468,22.94
2021-02-22 07:00:00,22.6784,23.0237,22.3331,22.7765,56.514,22.6784,0.0197,0.0406,22.97
2021-02-22 06:00:00,22.6737,23.0067,22.3408,22.7632,53.2969,22.6737,0.0145,0.029,22.8
2021-02-22 05:00:00,22.6821,23.0389,22.3252,22.7606,52.4976,22.6821,0.0109,0.0311,22.76
2021-02-19 20:00:00,22.6901,23.0639,22.3162,22.7607,54.9999,22.6901,0.0059,0.0373,22.87
2021-02-19 19:00:00,22.6901,23.0639,22.3162,22.7531,54.6197,22.6901,-0.002,0.0336,22.85
2021-02-19 18:00:00,22.6997,23.1034,22.2961,22.7464,55.0695,22.6997,-0.0109,0.0303,22.87
2021-02-19 17:00:00,22.7175,23.1903,22.2447,22.7379,55.0695,22.7175,-0.0212,0.0237,22.87
2021-02-19 16:00:00,22.7339,23.2581,22.2096,22.7288,55.0695,22.7339,-0.0324,0.0149,22.87
2021-02-19 15:00:00,22.749,23.3126,22.1853,22.7191,54.5626,22.749,-0.0443,0.0034,22.84
2021-02-19 14:00:00,22.7651,23.3646,22.1655,22.7107,55.1642,22.7651,-0.0562,-0.0082,22.87
2021-02-19 13:00:00,22.7782,23.4031,22.1533,22.6997,52.993,22.7782,-0.0682,-0.0259,22.74
2021-02-19 12:00:00,22.7938,23.4373,22.1503,22.697,53.7674,22.7938,-0.0788,-0.0349,22.78
2021-02-19 11:00:00,22.8065,23.4633,22.1498,22.6912,56.3548,22.8065,-0.0897,-0.05,22.91
2021-02-19 10:00:00,22.8107,23.4717,22.1498,22.6762,54.053,22.8107,-0.0996,-0.0818,22.77
2021-02-19 09:00:00,22.8173,23.4805,22.1542,22.6697,50.0496,22.8173,-0.1041,-0.1069,22.5499
2021-02-19 08:00:00,22.8352,23.4975,22.1729,22.6779,49.4714,22.8352,-0.1034,-0.115,22.52
2021-02-19 07:00:00,22.8541,23.5117,22.1965,22.6888,49.0904,22.8541,-0.1005,-0.1206,22.5
2021-02-19 06:00:00,22.8819,23.5476,22.2162,22.7019,50.0016,22.8819,-0.0954,-0.124,22.55
2021-02-19 05:00:00,22.9083,23.5821,22.2345,22.7123,50.0016,22.9083,-0.0883,-0.1316,22.55
2021-02-18 20:00:00,22.9314,23.6021,22.2608,22.7235,46.4738,22.9314,-0.0774,-0.1394,22.36
2021-02-18 19:00:00,22.9586,23.5998,22.3174,22.7486,47.8461,22.9586,-0.062,-0.1279,22.4399
2021-02-18 18:00:00,22.9824,23.5974,22.3675,22.7699,48.3663,22.9824,-0.0455,-0.1196,22.47
2021-02-18 17:00:00,22.9981,23.5833,22.4129,22.7906,48.3663,22.9981,-0.027,-0.1102,22.47
2021-02-18 16:00:00,23.015,23.5665,22.4634,22.8127,48.1914,23.015,-0.0061,-0.0967,22.46
2021-02-18 15:00:00,23.0345,23.5461,22.5229,22.837,50.0764,23.0345,0.0165,-0.0771,22.575
2021-02-18 14:00:00,23.0463,23.5306,22.5621,22.8551,49.6627,23.0463,0.0399,-0.0626,22.55
2021-02-18 13:00:00,23.0566,23.5104,22.6029,22.8761,49.4846,23.0566,0.0655,-0.0406,22.539
2021-02-18 12:00:00,23.0686,23.4845,22.6528,22.8994,51.7212,23.0686,0.0921,-0.0108,22.6781
2021-02-18 11:00:00,23.0735,23.474,22.673,22.9146,50.0243,23.0735,0.1178,0.0131,22.57
2021-02-18 10:00:00,23.0822,23.4486,22.7158,22.9384,53.9224,23.0822,0.1439,0.0545,22.8
2021-02-18 09:00:00,23.0789,23.4569,22.7009,22.9479,54.4574,23.0789,0.1663,0.0832,22.83
2021-02-18 08:00:00,23.0797,23.4557,22.7038,22.9561,58.5778,23.0797,0.1871,0.1155,23.05
2021-02-18 07:00:00,23.0754,23.4556,22.6952,22.9496,57.8776,23.0754,0.2049,0.1326,23.0
2021-02-18 06:00:00,23.0704,23.4583,22.6824,22.9461,56.0087,23.0704,0.223,0.1577,22.87
2021-02-18 05:00:00,23.0756,23.4568,22.6944,22.9514,61.4859,23.0756,0.2393,0.2006,23.14
2021-02-17 20:00:00,23.0758,23.4571,22.6945,22.9384,67.6903,23.0758,0.249,0.225,23.4018
2021-02-17 19:00:00,23.0649,23.4265,22.7034,22.9064,67.2084,23.0649,0.255,0.2262,23.3623
2021-02-17 18:00:00,23.0567,23.4017,22.7117,22.875,66.7286,23.0567,0.2623,0.2284,23.3229
2021-02-17 17:00:00,22.9982,23.6239,22.3724,22.8441,66.7286,22.9982,0.2707,0.2319,23.3229
2021-02-17 16:00:00,22.94,23.7357,22.1443,22.811,66.032,22.94,0.2804,0.2331,23.2637
2021-02-17 15:00:00,22.8848,23.8034,21.9661,22.7798,65.3899,22.8848,0.2923,0.2371,23.2095
2021-02-17 14:00:00,22.8304,23.8531,21.8077,22.7502,64.8052,22.8304,0.3061,0.2444,23.1602
2021-02-17 13:00:00,22.7783,23.8843,21.6722,22.7219,63.3073,22.7783,0.3215,0.2552,23.0369
2021-02-17 12:00:00,22.7284,23.9154,21.5414,22.7002,62.4419,22.7284,0.338,0.2778,22.9679
2021-02-17 11:00:00,22.6814,23.9364,21.4263,22.6817,64.9815,22.6814,0.3531,0.3096,23.0862
2021-02-17 10:00:00,22.6317,23.9357,21.3278,22.6538,65.0049,22.6317,0.3639,0.3337,23.0873
2021-02-17 09:00:00,22.5793,23.9314,21.2271,22.6239,70.5697,22.5793,0.3715,0.3594,23.3328
2021-02-17 08:00:00,22.5132,23.9048,21.1216,22.5751,70.8051,22.5132,0.3745,0.362,23.3426
2021-02-17 07:00:00,22.4435,23.8709,21.0161,22.5221,69.8323,22.4435,0.3777,0.3591,23.244
2021-02-17 06:00:00,22.3676,23.8575,20.8776,22.4723,69.1364,22.3676,0.3823,0.3602,23.175
2021-02-17 05:00:00,22.2949,23.8321,20.7577,22.4239,68.9386,22.2949,0.3878,0.3634,23.1552
2021-02-16 20:00:00,22.2236,23.7928,20.6544,22.3734,66.6659,22.2236,0.3939,0.3642,22.9383
2021-02-16 19:00:00,22.1601,23.7622,20.5581,22.3345,67.5344,22.1601,0.4014,0.3821,22.9777
2021-02-16 18:00:00,22.0967,23.7148,20.4786,22.2901,69.0562,22.0967,0.4062,0.3952,23.0468
2021-02-16 17:00:00,22.0283,23.6534,20.4032,22.2379,67.8559,22.0283,0.4089,0.3993,22.9284
2021-02-16 16:00:00,21.9639,23.5944,20.3334,22.1903,67.137,21.9639,0.4113,0.4107,22.8594
2021-02-16 15:00:00,21.9001,23.5352,20.2651,22.1442,67.9767,21.9001,0.4115,0.4263,22.8988
2021-02-16 14:00:00,21.837,23.4591,20.2149,22.0921,67.2339,21.837,0.4077,0.436,22.8249
2021-02-16 13:00:00,21.7787,23.3803,20.1771,22.0416,67.3346,21.7787,0.4007,0.4496,22.8298
2021-02-16 12:00:00,21.7177,23.2936,20.1417,21.9872,66.0575,21.7177,0.3885,0.4598,22.7016
2021-02-16 11:00:00,21.6616,23.2131,20.1102,21.938,69.1746,21.6616,0.3706,0.4793,22.8545
2021-02-16 10:00:00,21.5999,23.1032,20.0966,21.8747,70.549,21.5999,0.3435,0.4816,22.9198
2021-02-16 09:00:00,21.5376,22.9702,20.1049,21.8027,69.9278,21.5376,0.3089,0.471,22.8495
2021-02-16 08:00:00,21.4798,22.8338,20.1258,21.7305,73.7284,21.4798,0.2684,0.4576,23.027
2021-02-16 07:00:00,21.414,22.6473,20.1808,21.6411,76.4045,21.414,0.2211,0.4159,23.1454
2021-02-16 06:00:00,21.3434,22.4023,20.2844,21.5373,75.9115,21.3434,0.1724,0.3445,23.0764
2021-02-16 05:00:00,21.2737,22.1214,20.426,21.4312,76.7979,21.2737,0.1294,0.2554,23.1158
2021-02-12 20:00:00,21.2069,21.7086,20.7052,21.315,58.3417,21.2069,0.0979,0.1339,21.5675
2021-02-12 19:00:00,21.1915,21.6761,20.7069,21.2976,58.6288,21.1915,0.0889,0.1346,21.5774
2021-02-12 18:00:00,21.1714,21.64,20.7029,21.2783,59.4778,21.1714,0.0775,0.1325,21.607
2021-02-12 17:00:00,21.1566,21.5964,20.7169,21.2556,58.9025,21.1566,0.0637,0.1249,21.5774
2021-02-12 16:00:00,21.1451,21.5575,20.7328,21.2334,59.4464,21.1451,0.0484,0.1164,21.5971
2021-02-12 15:00:00,21.1326,21.5108,20.7545,21.2083,58.3707,21.1326,0.0314,0.1018,21.54
2021-02-12 14:00:00,21.1217,21.4699,20.7736,21.1855,58.8371,21.1217,0.0139,0.0875,21.5577
2021-02-12 13:00:00,21.1127,21.4276,20.7978,21.1598,59.8704,21.1127,-0.0046,0.0663,21.5971
2021-02-12 12:00:00,21.1004,21.3631,20.8376,21.1296,58.3685,21.1004,-0.0223,0.0341,21.5133
2021-02-12 11:00:00,21.089,21.3046,20.8734,21.1032,55.2239,21.089,-0.0364,0.0011,21.3506
2021-02-12 10:00:00,21.0871,21.2943,20.88,21.0861,53.1507,21.0871,-0.0457,-0.0245,21.2519
2021-02-12 09:00:00,21.0906,21.3116,20.8696,21.0747,46.1626,21.0906,-0.051,-0.0467,20.966
2021-02-12 08:00:00,21.0957,21.3119,20.8794,21.0822,46.8616,21.0957,-0.0521,-0.0453,20.9955
2021-02-12 07:00:00,21.1004,21.314,20.8869,21.0882,47.3234,21.1004,-0.0538,-0.0458,21.0153
2021-02-12 06:00:00,21.0991,21.3152,20.883,21.0932,47.7785,21.0991,-0.0558,-0.0479,21.035
2021-02-12 05:00:00,21.0962,21.318,20.8743,21.0972,48.6838,21.0962,-0.0578,-0.0518,21.0744
2021-02-11 20:00:00,21.0912,21.3212,20.8612,21.0988,46.7326,21.0912,-0.0593,-0.06,20.9955
2021-02-11 19:00:00,21.0971,21.3261,20.8682,21.1059,46.7326,21.0971,-0.0592,-0.0617,20.9955
2021-02-11 18:00:00,21.1063,21.3404,20.8723,21.1135,45.523,21.1063,-0.0585,-0.0628,20.9462
2021-02-11 17:00:00,21.1234,21.3818,20.865,21.1251,46.7525,21.1234,-0.0575,-0.0584,21.0053
2021-02-11 16:00:00,21.1422,21.4419,20.8425,21.1333,48.2261,21.1422,-0.0572,-0.0579,21.0744
2021-02-11 15:00:00,21.157,21.4843,20.8296,21.1374,46.4815,21.157,-0.057,-0.0635,21.0005
2021-02-11 14:00:00,21.1719,21.5102,20.8337,21.1468,46.8888,21.1719,-0.0554,-0.0622,21.0202
2021-02-11 13:00:00,21.1862,21.5337,20.8387,21.1556,46.4808,21.1862,-0.0537,-0.0616,21.0024
2021-02-11 12:00:00,21.2029,21.5615,20.8444,21.1661,47.4198,21.2029,-0.0518,-0.0581,21.0498
2021-02-11 11:00:00,21.2174,21.5849,20.8498,21.1741,48.7486,21.2174,-0.0502,-0.0577,21.1159
2021-02-11 10:00:00,21.2288,21.6043,20.8534,21.1782,47.4309,21.2288,-0.0483,-0.063,21.0547
2021-02-11 09:00:00,21.2367,21.607,20.8663,21.1867,46.791,21.2367,-0.0446,-0.0626,21.0251
2021-02-11 08:00:00,21.2444,21.6064,20.8824,21.1978,45.9429,21.2444,-0.0401,-0.0583,20.9857
2021-02-11 07:00:00,21.2541,21.6032,20.905,21.2124,48.3648,21.2541,-0.0356,-0.0478,21.1139
2021-02-11 06:00:00,21.2636,21.6125,20.9147,21.2192,48.1616,21.2636,-0.0325,-0.0468,21.104
2021-02-11 05:00:00,21.2712,21.6157,20.9266,21.2272,45.4646,21.2712,-0.0289,-0.0439,20.9758
2021-02-10 20:00:00,21.2889,21.6255,20.9523,21.2445,49.0715,21.2889,-0.0252,-0.0265,21.1632
2021-02-10 19:00:00,21.3044,21.6586,20.9502,21.2501,50.4983,21.3044,-0.0249,-0.0229,21.2322
2021-02-10 18:00:00,21.3165,21.6848,20.9483,21.2514,50.2988,21.3165,-0.0254,-0.0251,21.2224
2021-02-10 17:00:00,21.3353,21.738,20.9325,21.2534,50.1043,21.3353,-0.0254,-0.0264,21.2125
2021-02-10 16:00:00,21.3527,21.7773,20.9281,21.2562,51.567,21.3527,-0.0252,-0.0268,21.2865
2021-02-10 15:00:00,21.367,21.8102,20.9238,21.2541,50.4483,21.367,-0.0248,-0.0344,21.2273
2021-02-10 14:00:00,21.3833,21.8404,20.9261,21.2559,49.413,21.3833,-0.0224,-0.0376,21.173
2021-02-10 13:00:00,21.4017,21.8681,20.9354,21.2617,51.7286,21.4017,-0.0186,-0.0356,21.2933
2021-02-10 12:00:00,21.4148,21.8902,20.9394,21.2595,52.9707,21.4148,-0.0143,-0.0448,21.3555
2021-02-10 11:00:00,21.4225,21.9013,20.9438,21.2529,48.4167,21.4225,-0.0067,-0.0622,21.1188
2021-02-10 10:00:00,21.4422,21.9178,20.9665,21.2621,48.7973,21.4422,0.0072,-0.0594,21.1385
2021-02-10 09:00:00,21.4484,21.9127,20.9841,21.2706,45.3722,21.4484,0.0238,-0.0569,20.9758
2021-02-10 08:00:00,21.461,21.8927,21.0293,21.291,44.7223,21.461,0.044,-0.0364,20.9462
2021-02-10 07:00:00,21.4679,21.8722,21.0636,21.3147,44.2953,21.4679,0.0641,-0.0067,20.9265
2021-02-10 06:00:00,21.4695,21.8654,21.0737,21.3415,48.8563,21.4695,0.0818,0.0334,21.173
2021-02-10 05:00:00,21.462,21.8877,21.0362,21.3531,50.8822,21.462,0.0939,0.0589,21.2717
2021-02-09 20:00:00,21.4521,21.9077,20.9965,21.3587,55.0767,21.4521,0.1027,0.0806,21.459
2021-02-09 19:00:00,21.4301,21.9425,20.9177,21.3518,57.7406,21.4301,0.1082,0.088,21.5675
2021-02-09 18:00:00,21.4025,21.9688,20.8362,21.3369,56.823,21.4025,0.1132,0.0851,21.5182
2021-02-09 17:00:00,21.369,22.0171,20.7208,21.3244,55.5158,21.369,0.1203,0.0852,21.4492
2021-02-09 16:00:00,21.3381,22.0529,20.6232,21.3158,55.5158,21.3381,0.129,0.0912,21.4492
2021-02-09 15:00:00,21.3075,22.077,20.5379,21.3066,56.7779,21.3075,0.1385,0.0975,21.5034
2021-02-09 14:00:00,21.2744,22.0912,20.4577,21.2931,56.4297,21.2744,0.1488,0.0986,21.4837
2021-02-09 13:00:00,21.2424,22.0983,20.3865,21.2799,56.0014,21.2424,0.1613,0.1005,21.459
2021-02-09 12:00:00,21.2097,22.1041,20.3153,21.2676,52.9258,21.2097,0.1765,0.104,21.2895
2021-02-09 11:00:00,21.1825,22.1144,20.2505,21.2661,52.3052,21.1825,0.1946,0.1243,21.2569
2021-02-09 10:00:00,21.157,22.1206,20.1933,21.2667,52.7111,21.157,0.2122,0.1516,21.2766
2021-02-09 09:00:00,21.1292,22.125,20.1334,21.266,55.3038,21.1292,0.2274,0.1823,21.3999
2021-02-09 08:00:00,21.098,22.1164,20.0796,21.2568,54.0812,21.098,0.2386,0.2063,21.3308
2021-02-09 07:00:00,21.0729,22.104,20.0418,21.2517,58.0268,21.0729,0.2467,0.241,21.5083
2021-02-09 06:00:00,21.0447,22.073,20.0164,21.234,60.8897,21.0447,0.2481,0.2637,21.6267
2021-02-09 05:00:00,21.0157,22.0256,20.0059,21.2069,60.4178,21.0157,0.2442,0.2767,21.5971
2021-02-08 20:00:00,20.9871,21.9779,19.9964,21.18,65.2373,20.9871,0.2361,0.2923,21.7845
2021-02-08 19:00:00,20.9546,21.9017,20.0075,21.1383,64.5173,20.9546,0.222,0.2889,21.7352
2021-02-08 18:00:00,20.9191,21.8254,20.0128,21.0971,64.2308,20.9191,0.2053,0.2854,21.7154
2021-02-08 17:00:00,20.8849,21.7447,20.0251,21.0545,64.2308,20.8849,0.1853,0.2788,21.7154
2021-02-08 16:00:00,20.8501,21.6554,20.0447,21.0089,64.518,20.8501,0.162,0.2662,21.7271
2021-02-08 15:00:00,20.8148,21.5533,20.0764,20.9594,63.9663,20.8148,0.1359,0.2452,21.6859
2021-02-08 14:00:00,20.7806,21.446,20.1153,20.9093,62.6223,20.7806,0.1086,0.219,21.5872
2021-02-08 13:00:00,20.7511,21.3455,20.1567,20.8625,65.5061,20.7511,0.0809,0.1924,21.7077
2021-02-08 12:00:00,20.715,21.1927,20.2373,20.8042,59.8381,20.715,0.0531,0.1434,21.3259
2021-02-08 11:00:00,20.6943,21.1147,20.2739,20.7682,60.521,20.6943,0.0305,0.1176,21.353
2021-02-08 10:00:00,20.6709,21.0128,20.3289,20.7279,57.0302,20.6709,0.0087,0.0802,21.1533
2021-02-08 09:00:00,20.6511,20.9443,20.358,20.6986,53.4969,20.6511,-0.0091,0.0517,20.9758
2021-02-08 08:00:00,20.6376,20.906,20.3692,20.6794,52.8726,20.6376,-0.0243,0.0326,20.9462
2021-02-08 07:00:00,20.631,20.8777,20.3844,20.661,53.5678,20.631,-0.0386,0.0107,20.9758
2021-02-08 06:00:00,20.6268,20.8529,20.4006,20.6393,49.7345,20.6268,-0.0509,-0.0203,20.7983
2021-02-08 05:00:00,20.6261,20.8504,20.4018,20.6284,48.3608,20.6261,-0.0585,-0.0416,20.7391
2021-02-05 20:00:00,20.6218,20.8422,20.4015,20.6207,42.5421,20.6218,-0.0628,-0.0621,20.5123
2021-02-05 19:00:00,20.6294,20.8498,20.409,20.6282,42.7466,20.6294,-0.0629,-0.0642,20.5223
2021-02-05 18:00:00,20.6346,20.8521,20.4172,20.6355,42.9421,20.6346,-0.0626,-0.0671,20.532
2021-02-05 17:00:00,20.6507,20.904,20.3975,20.6427,42.4278,20.6507,-0.0615,-0.0708,20.5123
2021-02-05 16:00:00,20.6662,20.9396,20.3928,20.6516,42.6134,20.6662,-0.0592,-0.0724,20.5222
2021-02-05 15:00:00,20.68,20.9645,20.3955,20.6606,41.4998,20.68,-0.0559,-0.0744,20.4778
2021-02-05 14:00:00,20.6992,21.0037,20.3947,20.6732,41.3777,20.6992,-0.0512,-0.0714,20.4729
2021-02-05 13:00:00,20.7153,21.0214,20.4093,20.687,41.7145,20.7153,-0.0462,-0.0661,20.4926
2021-02-05 12:00:00,20.7288,21.03,20.4277,20.7004,40.5423,20.7288,-0.0412,-0.0603,20.4432
2021-02-05 11:00:00,20.7405,21.023,20.4579,20.7181,40.861,20.7405,-0.0364,-0.047,20.463
2021-02-05 10:00:00,20.7517,21.0153,20.488,20.7357,42.7724,20.7517,-0.0338,-0.0313,20.5796
2021-02-05 09:00:00,20.7602,21.0174,20.5029,20.7465,44.1541,20.7602,-0.0344,-0.0227,20.6602
2021-02-05 08:00:00,20.7646,21.0194,20.5098,20.7524,45.9066,20.7646,-0.0373,-0.0197,20.7589
2021-02-05 07:00:00,20.7567,21.026,20.4874,20.752,45.4883,20.7567,-0.0417,-0.0255,20.7391
2021-02-05 06:00:00,20.7485,21.0339,20.463,20.7529,46.7104,20.7485,-0.0458,-0.0306,20.8082
2021-02-05 05:00:00,20.7383,21.0361,20.4405,20.7491,43.7909,20.7383,-0.0496,-0.0437,20.6701
2021-02-04 20:00:00,20.7297,21.0488,20.4107,20.7545,44.1247,20.7297,-0.051,-0.0457,20.6898
2021-02-04 19:00:00,20.7228,21.0538,20.3919,20.759,43.7099,20.7228,-0.0523,-0.0496,20.6701
2021-02-04 18:00:00,20.7117,21.0705,20.3528,20.7651,43.7099,20.7117,-0.053,-0.0519,20.6701
2021-02-04 17:00:00,20.712,21.0707,20.3533,20.7717,43.514,20.712,-0.0533,-0.054,20.6602
2021-02-04 16:00:00,20.7113,21.0705,20.3522,20.7794,44.1076,20.7113,-0.0532,-0.0549,20.6997
2021-02-04 15:00:00,20.711,21.0702,20.3518,20.7849,42.6905,20.711,-0.0527,-0.0593,20.6257
2021-02-04 14:00:00,20.7079,21.0716,20.3442,20.7958,43.8365,20.7079,-0.0511,-0.0565,20.7046
2021-02-04 13:00:00,20.6998,21.074,20.3256,20.8021,42.8164,20.6998,-0.0498,-0.0601,20.6504
2021-02-04 12:00:00,20.6936,21.077,20.3102,20.8126,41.1247,20.6936,-0.0472,-0.0584,20.5616
2021-02-04 11:00:00,20.6924,21.0776,20.3072,20.8299,41.2309,20.6924,-0.0444,-0.0462,20.5696
2021-02-04 10:00:00,20.6904,21.0788,20.3019,20.8478,43.6774,20.6904,-0.044,-0.0309,20.749
2021-02-04 09:00:00,20.6805,21.0774,20.2835,20.8547,45.0995,20.6805,-0.0472,-0.0291,20.8476
2021-02-04 08:00:00,20.6677,21.067,20.2683,20.8551,43.8627,20.6677,-0.0517,-0.0365,20.7786
2021-02-04 07:00:00,20.6558,21.0623,20.2493,20.8604,40.7278,20.6558,-0.0555,-0.0384,20.6109
2021-02-04 06:00:00,20.669,21.0939,20.2441,20.8776,42.4815,20.669,-0.0598,-0.0231,20.7391
2021-02-04 05:00:00,20.6736,21.1044,20.2428,20.8872,41.3549,20.6736,-0.069,-0.0164,20.68
2021-02-03 20:00:00,20.6795,21.1154,20.2437,20.9015,46.3251,20.6795,-0.0822,-0.0015,21.0153
2021-02-03 19:00:00,20.6792,21.114,20.2443,20.8936,45.5813,20.6792,-0.1023,-0.0166,20.9758
2021-02-03 18:00:00,20.6779,21.1094,20.2464,20.8879,44.8424,20.6779,-0.1238,-0.0317,20.9364
2021-02-03 17:00:00,20.7101,21.321,20.0992,20.8846,46.6805,20.7101,-0.1468,-0.0464,21.0547
2021-02-03 16:00:00,20.7384,21.4758,20.0009,20.8729,44.8598,20.7384,-0.1719,-0.0766,20.9561
2021-02-03 15:00:00,20.7706,21.6193,19.9218,20.8671,43.7457,20.7706,-0.1957,-0.1039,20.8969
2021-02-03 14:00:00,20.8008,21.7266,19.8751,20.8651,41.7549,20.8008,-0.2186,-0.1313,20.7934
2021-02-03 13:00:00,20.8378,21.8445,19.8311,20.87,41.8231,20.8378,-0.2404,-0.1538,20.7983
2021-02-03 12:00:00,20.8728,21.9427,19.8029,20.875,42.3062,20.8728,-0.2621,-0.1808,20.834
2021-02-03 11:00:00,20.9051,22.0258,19.7845,20.8778,41.5635,20.9051,-0.2824,-0.2162,20.7934
2021-02-03 10:00:00,20.9347,22.0884,19.7811,20.8836,36.2683,20.9347,-0.299,-0.2542,20.5221
2021-02-03 09:00:00,20.9711,22.139,19.8031,20.9086,35.6557,20.9711,-0.3102,-0.2713,20.4926
2021-02-03 08:00:00,21.0095,22.1879,19.8312,20.9372,35.7668,21.0095,-0.3199,-0.2862,20.5025
2021-02-03 07:00:00,21.0493,22.237,19.8616,20.9672,33.9763,21.0493,-0.3283,-0.302,20.4137
2021-02-03 06:00:00,21.0996,22.3031,19.8961,21.0054,34.7036,21.0996,-0.3349,-0.3088,20.4827
2021-02-03 05:00:00,21.1509,22.3757,19.926,21.0415,31.6738,21.1509,-0.3414,-0.3201,20.3348
2021-02-02 20:00:00,21.2081,22.4354,19.9807,21.0902,35.3763,21.2081,-0.3467,-0.3147,20.68
2021-02-02 19:00:00,21.2518,22.4941,20.0094,21.1185,34.5308,21.2518,-0.3548,-0.3383,20.6405
2021-02-02 18:00:00,21.2932,22.5341,20.0523,21.1514,35.0855,21.2932,-0.3589,-0.3596,20.6898
2021-02-02 17:00:00,21.3349,22.5761,20.0938,21.1833,31.6914,21.3349,-0.3587,-0.3866,20.532
2021-02-02 16:00:00,21.381,22.6019,20.1601,21.2282,30.1468,21.381,-0.3517,-0.3993,20.463
2021-02-02 15:00:00,21.4303,22.6179,20.2426,21.281,30.1468,21.4303,-0.3398,-0.4027,20.463
2021-02-02 14:00:00,21.4773,22.6188,20.3357,21.3374,30.7501,21.4773,-0.324,-0.4012,20.5271
2021-02-02 13:00:00,21.5238,22.6195,20.4281,21.3932,30.3354,21.5238,-0.3047,-0.4,20.5074
2021-02-02 12:00:00,21.5678,22.601,20.5347,21.4543,29.2085,21.5678,-0.2809,-0.3906,20.4531
2021-02-02 11:00:00,21.6149,22.5659,20.6638,21.5234,29.2918,21.6149,-0.2535,-0.3674,20.463
2021-02-02 10:00:00,21.6617,22.5146,20.8088,21.5965,28.5035,21.6617,-0.225,-0.3334,20.4236
2021-02-02 09:00:00,21.7177,22.4503,20.9852,21.6774,33.8903,21.7177,-0.1979,-0.2812,21.0054
2021-02-02 08:00:00,21.7595,22.4673,21.0517,21.7238,31.1176,21.7595,-0.1771,-0.2697,20.8772
2021-02-02 07:00:00,21.8072,22.4614,21.1529,21.7821,30.6853,21.8072,-0.154,-0.238,20.8575
2021-02-02 06:00:00,21.8528,22.4213,21.2844,21.8459,32.1482,21.8528,-0.133,-0.1922,21.0054
2021-02-02 05:00:00,21.8936,22.383,21.4042,21.9039,30.6568,21.8936,-0.1182,-0.1459,20.9364
2021-02-01 20:00:00,21.9386,22.299,21.5783,21.9706,43.6367,21.9386,-0.1112,-0.0777,21.9028
2021-02-01 19:00:00,21.9531,22.3404,21.5658,21.9753,43.6385,21.9531,-0.1196,-0.0879,21.9029
2021-02-01 18:00:00,21.9672,22.3765,21.558,21.9803,43.992,21.9672,-0.1276,-0.0996,21.9225
2021-02-01 17:00:00,21.9863,22.4367,21.5359,21.9843,41.2167,21.9863,-0.1346,-0.1152,21.8042
2021-02-01 16:00:00,22.0093,22.4897,21.529,21.9967,42.9303,22.0093,-0.1394,-0.1213,21.9028
2021-02-01 15:00:00,22.0336,22.5615,21.5058,22.0031,41.6403,22.0336,-0.144,-0.1374,21.8486
2021-02-01 14:00:00,22.0565,22.6091,21.5039,22.0138,40.578,22.0565,-0.1456,-0.1504,21.8042
2021-02-01 13:00:00,22.0811,22.6522,21.5101,22.0283,37.5242,22.0811,-0.1444,-0.1603,21.6809
2021-02-01 12:00:00,22.1134,22.6993,21.5274,22.0522,35.7364,22.1134,-0.1404,-0.1581,21.6119
2021-02-01 11:00:00,22.147,22.7298,21.5642,22.0826,36.2376,22.147,-0.136,-0.1459,21.6464
2021-02-01 10:00:00,22.1733,22.7341,21.6124,22.1127,36.9533,22.1733,-0.1335,-0.1318,21.6957
2021-02-01 09:00:00,22.1999,22.7431,21.6567,22.1414,40.5111,22.1999,-0.134,-0.1168,21.9225
2021-02-01 08:00:00,22.2163,22.7548,21.6779,22.1565,42.2195,22.2163,-0.1382,-0.1191,22.0212
2021-02-01 07:00:00,22.232,22.774,21.6899,22.1658,42.7422,22.232,-0.143,-0.1303,22.0507
2021-02-01 06:00:00,22.25,22.8028,21.6973,22.1738,41.3381,22.25,-0.1462,-0.1458,21.9916
2021-02-01 05:00:00,22.2635,22.8101,21.717,22.1864,38.6727,22.2635,-0.1463,-0.1574,21.8831
2021-01-29 20:00:00,22.2786,22.8071,21.7502,22.2073,39.6219,22.2786,-0.1435,-0.1589,21.9423
2021-01-29 19:00:00,22.2869,22.8016,21.7721,22.2255,38.897,22.2869,-0.1397,-0.1645,21.9127
2021-01-29 18:00:00,22.2961,22.7933,21.7988,22.2471,39.3522,22.2961,-0.1335,-0.1662,21.9422
2021-01-29 17:00:00,22.3076,22.7872,21.828,22.2682,37.7048,22.3076,-0.1253,-0.169,21.8732
2021-01-29 16:00:00,22.324,22.7759,21.8721,22.2954,38.4266,22.324,-0.1144,-0.1631,21.9225
2021-01-29 15:00:00,22.3388,22.7655,21.9121,22.3211,36.1828,22.3388,-0.1022,-0.1582,21.8289
2021-01-29 14:00:00,22.3561,22.7385,21.9736,22.3551,36.6586,22.3561,-0.0882,-0.1401,21.8634
2021-01-29 13:00:00,22.3745,22.7106,22.0383,22.389,36.7252,22.3745,-0.0753,-0.1185,21.8683
2021-01-29 12:00:00,22.3957,22.6773,22.1141,22.4249,40.1107,22.3957,-0.0644,-0.0897,22.105
2021-01-29 11:00:00,22.4182,22.711,22.1254,22.4469,42.5601,22.4182,-0.0581,-0.0758,22.2578
2021-01-29 10:00:00,22.4409,22.7819,22.0998,22.46,43.3862,22.4409,-0.0537,-0.0724,22.3071
2021-01-29 09:00:00,22.4567,22.8149,22.0984,22.4705,41.6339,22.4567,-0.049,-0.0721,22.2283
2021-01-29 08:00:00,22.4675,22.817,22.118,22.4872,41.6339,22.4675,-0.0432,-0.0626,22.2283
2021-01-29 07:00:00,22.4686,22.8152,22.1221,22.5051,42.5571,22.4686,-0.0384,-0.0496,22.2874
2021-01-29 06:00:00,22.4726,22.8135,22.1317,22.5201,43.331,22.4726,-0.0356,-0.0383,22.3367
2021-01-29 05:00:00,22.4765,22.8138,22.1393,22.5327,43.1311,22.4765,-0.0349,-0.0283,22.3269
2021-01-28 20:00:00,22.4864,22.8229,22.1499,22.5469,45.786,22.4864,-0.0366,-0.0141,22.4945
2021-01-28 19:00:00,22.493,22.8374,22.1485,22.5506,45.786,22.493,-0.0422,-0.0129,22.4945
2021-01-28 18:00:00,22.5038,22.8677,22.1399,22.5544,48.0627,22.5038,-0.0495,-0.0112,22.6326
2021-01-28 17:00:00,22.5081,22.8808,22.1353,22.549,46.2161,22.5081,-0.0591,-0.0229,22.534
2021-01-28 16:00:00,22.5153,22.8981,22.1326,22.5501,46.3755,22.5153,-0.0681,-0.0275,22.5438
2021-01-28 15:00:00,22.5226,22.9153,22.1298,22.5505,48.0577,22.5226,-0.0783,-0.0339,22.6474
2021-01-28 14:00:00,22.5257,22.9238,22.1276,22.5438,47.5851,22.5257,-0.0894,-0.0521,22.6207
2021-01-28 13:00:00,22.5284,22.9301,22.1267,22.5385,44.1656,22.5284,-0.0987,-0.072,22.4353
2021-01-28 12:00:00,22.5377,22.9432,22.1321,22.5456,45.0728,22.5377,-0.1053,-0.0773,22.4945
2021-01-28 11:00:00,22.5461,22.958,22.1341,22.5491,43.5791,22.5461,-0.1124,-0.0891,22.4156
2021-01-28 10:00:00,22.5587,22.9772,22.1403,22.5584,44.6803,22.5587,-0.1182,-0.0948,22.4896
2021-01-28 09:00:00,22.5702,22.9993,22.1412,22.5631,46.2622,22.5702,-0.124,-0.1082,22.5931
2021-01-28 08:00:00,22.5804,23.0255,22.1354,22.561,42.5146,22.5804,-0.128,-0.1342,22.3959
2021-01-28 07:00:00,22.5975,23.0522,22.1428,22.5724,41.328,22.5975,-0.1264,-0.1455,22.3367
2021-01-28 06:00:00,22.6268,23.1218,22.1318,22.5887,38.2476,22.6268,-0.1217,-0.1517,22.1888
2021-01-28 05:00:00,22.6616,23.1752,22.1481,22.6162,38.2476,22.6616,-0.1142,-0.1423,22.1888
2021-01-27 20:00:00,22.6886,23.1846,22.1925,22.6457,39.5409,22.6886,-0.1071,-0.1283,22.2874
2021-01-27 19:00:00,22.7021,23.1752,22.2289,22.6704,40.6026,22.7021,-0.1018,-0.1186,22.3663
2021-01-27 18:00:00,22.7172,23.1752,22.2592,22.6914,40.6026,22.7172,-0.0976,-0.1126,22.3663
2021-01-27 17:00:00,22.73,23.1692,22.2908,22.7138,40.2277,22.73,-0.0939,-0.1032,22.3466
2021-01-27 16:00:00,22.7438,23.1593,22.3283,22.7392,41.1055,22.7438,-0.0916,-0.0877,22.4156
2021-01-27 15:00:00,22.7557,23.1529,22.3584,22.7615,42.2515,22.7557,-0.0926,-0.0737,22.5044
2021-01-27 14:00:00,22.7668,23.1539,22.3797,22.7792,46.1181,22.7668,-0.0973,-0.0638,22.7805
2021-01-27 13:00:00,22.7658,23.1529,22.3788,22.7791,48.5735,22.7658,-0.1057,-0.0783,22.9383
2021-01-27 12:00:00,22.758,23.1403,22.3756,22.7681,45.785,22.758,-0.1125,-0.1117,22.7806
2021-01-27 11:00:00,22.7527,23.138,22.3674,22.7673,41.362,22.7527,-0.1127,-0.1368,22.5537
2021-01-27 10:00:00,22.7547,23.1364,22.3729,22.782,34.7664,22.7547,-0.1067,-0.1436,22.2628
2021-01-27 09:00:00,22.7685,23.1054,22.4315,22.8178,36.7293,22.7685,-0.0975,-0.1207,22.4058
2021-01-27 08:00:00,22.7734,23.0928,22.454,22.8462,37.4339,22.7734,-0.0917,-0.1042,22.4551
2021-01-27 07:00:00,22.7793,23.081,22.4776,22.8732,39.9526,22.7793,-0.0886,-0.0867,22.6227
2021-01-27 06:00:00,22.7911,23.0952,22.4871,22.8905,41.052,22.7911,-0.0891,-0.0801,22.6917
2021-01-27 05:00:00,22.799,23.1046,22.4934,22.9042,43.1855,22.799,-0.0913,-0.0775,22.82
2021-01-26 20:00:00,22.8105,23.1432,22.4779,22.91,41.8369,22.8105,-0.0947,-0.0862,22.7608
2021-01-26 19:00:00,22.826,23.1896,22.4624,22.9203,41.6136,22.826,-0.0969,-0.09,22.7509
2021-01-26 18:00:00,22.8385,23.2164,22.4606,22.932,41.7686,22.8385,-0.0986,-0.0926,22.7608
2021-01-26 17:00:00,22.8668,23.3336,22.3999,22.9438,41.3462,22.8668,-0.1001,-0.0955,22.7411
2021-01-26 16:00:00,22.8944,23.4222,22.3665,22.9578,40.512,22.8944,-0.1012,-0.0958,22.7016
2021-01-26 15:00:00,22.9236,23.5005,22.3467,22.9754,40.691,22.9236,-0.1026,-0.0908,22.7142
2021-01-26 14:00:00,22.9505,23.56,22.341,22.9934,41.133,22.9505,-0.1055,-0.0844,22.746
2021-01-26 13:00:00,22.9768,23.6161,22.3375,23.0105,41.8149,22.9768,-0.1108,-0.0782,22.7953
2021-01-26 12:00:00,22.9983,23.655,22.3416,23.0254,42.3579,22.9983,-0.119,-0.0741,22.8347
2021-01-26 11:00:00,23.0196,23.6947,22.3444,23.0385,43.2537,23.0196,-0.1302,-0.0719,22.8998
2021-01-26 10:00:00,23.0416,23.7422,22.3409,23.0481,43.3746,23.0416,-0.1447,-0.0747,22.9087
2021-01-26 09:00:00,23.0618,23.7807,22.3429,23.0577,47.8267,23.0618,-0.1622,-0.0781,23.2144
2021-01-26 08:00:00,23.0674,23.7935,22.3413,23.0469,48.1348,23.0674,-0.1833,-0.1123,23.2341
2021-01-26 07:00:00,23.072,23.804,22.34,23.0339,43.9457,23.072,-0.201,-0.1564,22.9975
2021-01-26 06:00:00,23.0736,23.8052,22.3421,23.0365,37.6585,23.0736,-0.2122,-0.1864,22.6917
2021-01-26 05:00:00,23.0845,23.8026,22.3664,23.0602,39.4523,23.0845,-0.2186,-0.1907,22.82
2021-01-25 20:00:00,23.0953,23.8069,22.3837,23.0768,37.913,23.0953,-0.2256,-0.2066,22.7509
2021-01-25 19:00:00,23.1081,23.8082,22.408,23.0993,38.0466,23.1081,-0.2303,-0.2168,22.7608
2021-01-25 18:00:00,23.117,23.8059,22.4281,23.1226,38.1766,23.117,-0.2337,-0.2277,22.7706
2021-01-25 17:00:00,23.1443,23.841,22.4476,23.1469,39.0803,23.1443,-0.2352,-0.2392,22.8397
2021-01-25 16:00:00,23.1729,23.8874,22.4584,23.1681,37.2336,23.1729,-0.2342,-0.2576,22.7509
2021-01-25 15:00:00,23.2064,23.9329,22.48,23.1969,36.1949,23.2064,-0.2284,-0.2681,22.7016
2021-01-25 14:00:00,23.2403,23.9642,22.5164,23.231,34.5189,23.2403,-0.2184,-0.2727,22.6227
2021-01-25 13:00:00,23.2758,23.9792,22.5724,23.273,34.3104,23.2758,-0.2048,-0.2666,22.6129
2021-01-25 12:00:00,23.3123,23.9874,22.6372,23.3185,35.0108,23.3123,-0.1894,-0.2539,22.677
2021-01-25 11:00:00,23.3417,23.9794,22.704,23.3627,32.4471,23.3417,-0.1733,-0.2405,22.5537
2021-01-25 10:00:00,23.3769,23.9499,22.8038,23.4185,33.2588,23.3769,-0.1564,-0.2074,22.6326
2021-01-25 09:00:00,23.4129,23.927,22.8987,23.4727,37.1938,23.4129,-0.1437,-0.1701,22.9777
2021-01-25 08:00:00,23.4405,23.9471,22.9338,23.5069,36.1506,23.4405,-0.1371,-0.1552,22.9284
2021-01-25 07:00:00,23.4753,23.9801,22.9706,23.5468,39.1695,23.4753,-0.1326,-0.1289,23.1651
2021-01-25 06:00:00,23.5121,24.0784,22.9459,23.5731,39.9762,23.5121,-0.1335,-0.1175,23.2243
2021-01-25 05:00:00,23.5463,24.1607,22.9319,23.5971,37.9161,23.5463,-0.1376,-0.1073,23.1257
2021-01-22 20:00:00,23.5825,24.2208,22.9441,23.6297,45.277,23.5825,-0.1451,-0.0827,23.6089
2021-01-22 19:00:00,23.6029,24.2811,22.9247,23.6311,44.4256,23.6029,-0.1607,-0.0993,23.5694
2021-01-22 18:00:00,23.6249,24.3393,22.9105,23.6353,44.5932,23.6249,-0.1761,-0.115,23.5793
2021-01-22 17:00:00,23.6588,24.4531,22.8644,23.6392,43.3533,23.6588,-0.1914,-0.1344,23.5201
2021-01-22 16:00:00,23.6936,24.5499,22.8373,23.6474,43.589,23.6936,-0.2056,-0.1512,23.5349
2021-01-22 15:00:00,23.727,24.6325,22.8214,23.6552,41.6464,23.727,-0.2192,-0.1719,23.4412
2021-01-22 14:00:00,23.7608,24.6965,22.8251,23.6699,42.1142,23.7608,-0.231,-0.1863,23.4725
2021-01-22 13:00:00,23.794,24.7565,22.8314,23.6836,43.4277,23.794,-0.2422,-0.2051,23.5596
2021-01-22 12:00:00,23.8255,24.8169,22.8341,23.6921,42.5449,23.8255,-0.2515,-0.2351,23.5152
2021-01-22 11:00:00,23.8574,24.8682,22.8466,23.7043,39.8258,23.8574,-0.2556,-0.2654,23.3823
2021-01-22 10:00:00,23.8934,24.9109,22.876,23.7265,39.6168,23.8934,-0.2531,-0.2866,23.3722
2021-01-22 09:00:00,23.9266,24.9389,22.9144,23.7509,32.2573,23.9266,-0.2448,-0.3086,23.0468
2021-01-22 08:00:00,23.9664,24.9298,23.003,23.7995,31.5239,23.9664,-0.2288,-0.299,23.0172
2021-01-22 07:00:00,24.009,24.9118,23.1061,23.8535,33.0214,24.009,-0.2113,-0.2793,23.1454
2021-01-22 06:00:00,24.0468,24.8951,23.1984,23.9023,32.784,24.0468,-0.1943,-0.2632,23.1355
2021-01-22 05:00:00,24.0842,24.8649,23.3036,23.9552,30.151,24.0842,-0.177,-0.2379,23.027
2021-01-21 20:00:00,24.1276,24.8065,23.4488,24.0192,37.5113,24.1276,-0.1618,-0.191,23.5892
2021-01-21 19:00:00,24.1552,24.8113,23.4992,24.0488,39.301,24.1552,-0.1545,-0.1857,23.6976
2021-01-21 18:00:00,24.1812,24.8243,23.5381,24.0731,40.3153,24.1812,-0.1467,-0.1872,23.7568
2021-01-21 17:00:00,24.2049,24.8359,23.5739,24.0949,39.3059,24.2049,-0.1366,-0.1924,23.7174
2021-01-21 16:00:00,24.2305,24.8424,23.6186,24.1209,38.5524,24.2305,-0.1226,-0.1923,23.6878
2021-01-21 15:00:00,24.2545,24.835,23.674,24.1508,38.8633,24.2545,-0.1052,-0.1863,23.7075
2021-01-21 14:00:00,24.2759,24.8204,23.7314,24.1814,35.067,24.2759,-0.0849,-0.178,23.5596
2021-01-21 13:00:00,24.3009,24.776,23.8258,24.2242,35.7829,24.3009,-0.0617,-0.1497,23.6089
2021-01-21 12:00:00,24.3281,24.7294,23.9269,24.2667,37.3302,24.3281,-0.0397,-0.1164,23.7124
2021-01-21 11:00:00,24.3494,24.6792,24.0197,24.3049,38.7974,24.3494,-0.0205,-0.0827,23.8061
2021-01-21 10:00:00,24.3663,24.6279,24.1047,24.3393,41.6276,24.3663,-0.005,-0.0482,23.9738
2021-01-21 09:00:00,24.3775,24.5962,24.1588,24.3645,47.5441,24.3775,0.0058,-0.0204,24.2696
2021-01-21 08:00:00,24.3791,24.5953,24.163,24.371,47.0592,24.3791,0.0124,-0.0148,24.2499
2021-01-21 07:00:00,24.3763,24.6011,24.1516,24.3794,46.0958,24.3763,0.0191,-0.0054,24.2105
2021-01-21 06:00:00,24.3776,24.5989,24.1563,24.391,46.2994,24.3776,0.0253,0.0107,24.2203
2021-01-21 05:00:00,24.376,24.6026,24.1494,24.4028,46.4979,24.376,0.0289,0.0301,24.2302
2021-01-20 20:00:00,24.3737,24.6075,24.1399,24.4147,54.9213,24.3737,0.0286,0.0534,24.5951
2021-01-20 19:00:00,24.3605,24.5873,24.1338,24.4023,54.272,24.3605,0.0224,0.0452,24.5655
2021-01-20 18:00:00,24.351,24.5663,24.1358,24.391,53.6264,24.351,0.0167,0.0371,24.5359
2021-01-20 17:00:00,24.3313,24.5809,24.0817,24.3811,51.8747,24.3313,0.0117,0.0292,24.457
2021-01-20 16:00:00,24.3149,24.5925,24.0372,24.3758,52.1126,24.3149,0.0073,0.0267,24.4669
2021-01-20 15:00:00,24.2984,24.5958,24.001,24.3695,53.0484,24.2984,0.0024,0.0222,24.5061
2021-01-20 14:00:00,24.2817,24.5869,23.9764,24.3601,52.3248,24.2817,-0.0025,0.0121,24.4718
2021-01-20 13:00:00,24.2637,24.5849,23.9425,24.3524,52.1363,24.2637,-0.0062,0.0025,24.4627
2021-01-20 12:00:00,24.2474,24.5761,23.9188,24.3448,50.1522,24.2474,-0.0084,-0.0088,24.3682
2021-01-20 11:00:00,24.2386,24.5681,23.909,24.3432,47.2859,24.2386,-0.0083,-0.0135,24.24
2021-01-20 10:00:00,24.2374,24.5672,23.9077,24.3503,48.4183,24.2374,-0.007,-0.0063,24.294
2021-01-20 09:00:00,24.2307,24.5638,23.8976,24.3542,48.0954,24.2307,-0.0072,-0.0024,24.2795
2021-01-20 08:00:00,24.227,24.5603,23.8936,24.3593,47.6645,24.227,-0.0084,0.004,24.2598
2021-01-20 07:00:00,24.2296,24.5652,23.894,24.3662,49.042,24.2296,-0.0114,0.0141,24.3288
2021-01-20 06:00:00,24.2345,24.58,23.8891,24.3688,50.8691,24.2345,-0.0178,0.0198,24.4175
2021-01-20 05:00:00,24.2391,24.5976,23.8806,24.3654,52.1205,24.2391,-0.0273,0.0178,24.4767
2021-01-19 20:00:00,24.2434,24.6159,23.8709,24.3578,51.93,24.2434,-0.0385,0.0089,24.4669
2021-01-19 19:00:00,24.2477,24.6331,23.8623,24.3502,52.3326,24.2477,-0.0504,-0.0016,24.4866
2021-01-19 18:00:00,24.2582,24.6842,23.8322,24.3408,50.8595,24.2582,-0.0626,-0.0169,24.4077
2021-01-19 17:00:00,24.2871,24.8467,23.7275,24.3362,49.7333,24.2871,-0.074,-0.0283,24.3485
2021-01-19 16:00:00,24.3174,24.9762,23.6585,24.3354,48.9797,24.3174,-0.0854,-0.0363,24.3091
2021-01-19 15:00:00,24.3486,25.0869,23.6103,24.3372,51.2059,24.3486,-0.0977,-0.042,24.4274
2021-01-19 14:00:00,24.37,25.152,23.5879,24.331,49.7923,24.37,-0.1117,-0.0607,24.3516
2021-01-19 13:00:00,24.3957,25.223,23.5684,24.3295,49.0312,24.3957,-0.1244,-0.076,24.3111
2021-01-19 12:00:00,24.4234,25.2921,23.5546,24.3308,49.0039,24.4234,-0.1365,-0.0902,24.3097
2021-01-19 11:00:00,24.4485,25.3458,23.5512,24.3323,49.1636,24.4485,-0.1481,-0.107,24.3189
2021-01-19 10:00:00,24.4695,25.3831,23.5559,24.3332,46.3775,24.4695,-0.1584,-0.1277,24.1661
2021-01-19 09:00:00,24.4925,25.4092,23.5759,24.3447,47.7653,24.4925,-0.1661,-0.1368,24.2499
2021-01-19 08:00:00,24.5117,25.4312,23.5921,24.3513,46.3035,24.5117,-0.1734,-0.155,24.171
2021-01-19 07:00:00,24.5347,25.4535,23.6159,24.3637,46.1213,24.5347,-0.178,-0.1678,24.1611
2021-01-19 06:00:00,24.5511,25.4602,23.642,24.3777,46.7344,24.5511,-0.1805,-0.1808,24.2006
2021-01-19 05:00:00,24.5735,25.48,23.667,24.3899,47.9672,24.5735,-0.1804,-0.1987,24.2795
2021-01-15 20:00:00,24.5939,25.5005,23.6872,24.3975,41.6427,24.5939,-0.1758,-0.2268,23.9442
2021-01-15 19:00:00,24.6251,25.5042,23.746,24.4287,41.9325,24.6251,-0.1631,-0.2252,23.9639
2021-01-15 18:00:00,24.658,25.509,23.8069,24.4608,42.074,24.658,-0.1476,-0.2218,23.9738
2021-01-15 17:00:00,24.6774,25.4908,23.8639,24.4944,42.4899,24.6774,-0.129,-0.2153,24.0034
2021-01-15 16:00:00,24.6954,25.4714,23.9194,24.5282,41.1784,24.6954,-0.1074,-0.2069,23.9343
2021-01-15 15:00:00,24.7175,25.4416,23.9933,24.5692,41.7038,24.7175,-0.0826,-0.1861,23.9738
2021-01-15 14:00:00,24.7345,25.4103,24.0588,24.6103,43.445,24.7345,-0.0567,-0.1609,24.102
2021-01-15 13:00:00,24.746,25.3893,24.1028,24.6453,44.9091,24.746,-0.0306,-0.1394,24.2055
2021-01-15 12:00:00,24.7565,25.3739,24.1392,24.6757,42.8708,24.7565,-0.0035,-0.1205,24.0921
2021-01-15 11:00:00,24.7704,25.3447,24.1961,24.7159,43.9156,24.7704,0.0258,-0.0831,24.1676
2021-01-15 10:00:00,24.7785,25.3246,24.2325,24.7537,46.3945,24.7785,0.053,-0.0418,24.3387
2021-01-15 09:00:00,24.779,25.3235,24.2345,24.7823,48.5312,24.779,0.0767,-0.0059,24.4767
2021-01-15 08:00:00,24.7805,25.3219,24.2391,24.8034,49.7981,24.7805,0.0974,0.0259,24.5556
2021-01-15 07:00:00,24.7795,25.3227,24.2363,24.8205,50.5961,24.7795,0.1152,0.0582,24.6049
2021-01-15 06:00:00,24.7894,25.3302,24.2485,24.8354,50.4426,24.7894,0.1295,0.0934,24.5951
2021-01-15 05:00:00,24.7982,25.3348,24.2617,24.852,53.839,24.7982,0.1385,0.1381,24.8022
2021-01-14 20:00:00,24.7966,25.3334,24.2598,24.8554,63.2488,24.7966,0.1386,0.172,25.2755
2021-01-14 19:00:00,24.7825,25.2896,24.2754,24.8264,62.9883,24.7825,0.1303,0.1646,25.2558
2021-01-14 18:00:00,24.7749,25.2598,24.29,24.7968,62.861,24.7749,0.1217,0.1547,25.2459
2021-01-14 17:00:00,24.7598,25.2122,24.3073,24.7658,60.4977,24.7598,0.1134,0.1409,25.0684
2021-01-14 16:00:00,24.7483,25.1861,24.3105,24.745,61.6566,24.7483,0.1066,0.1392,25.1227
2021-01-14 15:00:00,24.7366,25.1519,24.3213,24.7189,62.0746,24.7366,0.0984,0.1296,25.1424
2021-01-14 14:00:00,24.7207,25.1083,24.3331,24.6897,61.0537,24.7207,0.0906,0.1134,25.0635
2021-01-14 13:00:00,24.7074,25.0738,24.3409,24.6639,59.5402,24.7074,0.0849,0.0991,24.9501
2021-01-14 12:00:00,24.6945,25.053,24.336,24.6442,58.2445,24.6945,0.0814,0.091,24.8564
2021-01-14 11:00:00,24.6836,25.0416,24.3255,24.6296,57.7906,24.6836,0.079,0.0888,24.8238
2021-01-14 10:00:00,24.6722,25.0334,24.3109,24.6162,58.4984,24.6722,0.0765,0.0881,24.8613
2021-01-14 09:00:00,24.6641,25.0188,24.3094,24.5993,55.5927,24.6641,0.0737,0.0821,24.6542
2021-01-14 08:00:00,24.669,25.027,24.3109,24.5955,59.8353,24.669,0.0716,0.0943,24.8712
2021-01-14 07:00:00,24.6579,25.0108,24.305,24.5765,60.2393,24.6579,0.0659,0.0864,24.8909
2021-01-14 06:00:00,24.6454,24.9908,24.2999,24.5548,60.1091,24.6454,0.0608,0.073,24.881
2021-01-14 05:00:00,24.6322,24.9708,24.2937,24.5323,61.4709,24.6322,0.0577,0.0559,24.9501
2021-01-13 20:00:00,24.6096,24.951,24.2681,24.5035,55.9593,24.6096,0.0582,0.0263,24.5556
2021-01-13 19:00:00,24.601,24.9599,24.2422,24.4999,55.8065,24.601,0.0661,0.0282,24.5457
2021-01-13 18:00:00,24.5905,24.9729,24.2081,24.4967,56.7582,24.5905,0.0756,0.0312,24.5951
2021-01-13 17:00:00,24.5767,24.9864,24.167,24.4899,55.1187,24.5767,0.0867,0.0297,24.4858
2021-01-13 16:00:00,24.5639,25.0068,24.121,24.4902,54.5291,24.5639,0.101,0.0383,24.4471
2021-01-13 15:00:00,24.5524,25.0238,24.081,24.4932,55.887,24.5524,0.1167,0.0528,24.5211
2021-01-13 14:00:00,24.5387,25.036,24.0415,24.4912,55.6736,24.5387,0.1327,0.0629,24.5063
2021-01-13 13:00:00,24.5233,25.0515,23.9951,24.4902,54.3207,24.5233,0.1501,0.0765,24.4126
2021-01-13 12:00:00,24.5129,25.0612,23.9647,24.4956,53.4533,24.5129,0.1685,0.1022,24.3534
2021-01-13 11:00:00,24.5036,25.0716,23.9355,24.5054,56.3857,24.5036,0.185,0.1396,24.5211
2021-01-13 10:00:00,24.4886,25.0773,23.8999,24.5043,56.4738,24.4886,0.1964,0.1682,24.526
2021-01-13 09:00:00,24.4728,25.0817,23.864,24.5028,63.7953,24.4728,0.2035,0.2017,24.9008
2021-01-13 08:00:00,24.4359,25.0705,23.8012,24.4753,63.3113,24.4359,0.2039,0.2035,24.8613
2021-01-13 07:00:00,24.3981,25.0613,23.7348,24.4487,61.9594,24.3981,0.204,0.2067,24.7528
2021-01-13 06:00:00,24.3557,25.0823,23.629,24.4277,64.0328,24.3557,0.2033,0.2189,24.8515
2021-01-13 05:00:00,24.3172,25.0568,23.5775,24.3985,67.9918,24.3172,0.1994,0.2213,25.029
2021-01-12 20:00:00,24.2712,24.9997,23.5427,24.355,65.2202,24.2712,0.194,0.203,24.7923
2021-01-12 19:00:00,24.234,24.9661,23.502,24.3249,64.3499,24.234,0.1917,0.2008,24.7233
2021-01-12 18:00:00,24.1992,24.9343,23.4641,24.2974,65.4813,24.1992,0.1895,0.2021,24.7726
2021-01-12 17:00:00,24.1801,24.8837,23.4765,24.2646,64.143,24.1801,0.1863,0.1958,24.6643
2021-01-12 16:00:00,24.1643,24.8447,23.484,24.2371,64.1406,24.1643,0.184,0.1959,24.6641
2021-01-12 15:00:00,24.1476,24.8021,23.493,24.2076,62.8928,24.1476,0.181,0.1933,24.5636
2021-01-12 14:00:00,24.1332,24.7692,23.4971,24.1831,62.4579,24.1332,0.1779,0.1973,24.529
2021-01-12 13:00:00,24.1173,24.7366,23.498,24.1592,61.867,24.1173,0.1731,0.2031,24.4816
2021-01-12 12:00:00,24.1045,24.7088,23.5001,24.137,64.7399,24.1045,0.1656,0.2124,24.6197
2021-01-12 11:00:00,24.0803,24.6577,23.503,24.1037,68.7799,24.0803,0.1539,0.2071,24.8004
2021-01-12 10:00:00,24.0554,24.5671,23.5437,24.0556,65.7866,24.0554,0.1406,0.1789,24.5384
2021-01-12 09:00:00,24.0408,24.5205,23.5611,24.0223,65.5159,24.0408,0.131,0.167,24.5162
2021-01-12 08:00:00,24.0237,24.4698,23.5776,23.9883,65.1607,24.0237,0.122,0.1516,24.4866
2021-01-12 07:00:00,23.9987,24.4217,23.5757,23.9539,62.4163,23.9987,0.1146,0.1328,24.2696
2021-01-12 06:00:00,23.9826,24.3998,23.5654,23.9322,63.0712,23.9826,0.11,0.129,24.2992
2021-01-12 05:00:00,23.9658,24.3711,23.5606,23.9068,62.176,23.9658,0.1053,0.1192,24.2302
2021-01-11 20:00:00,23.9497,24.35,23.5494,23.8845,61.5321,23.9497,0.1018,0.112,24.1809
2021-01-11 19:00:00,23.9293,24.3426,23.5161,23.8641,60.4919,23.9293,0.0993,0.1062,24.102
2021-01-11 18:00:00,23.9155,24.3324,23.4986,23.8477,60.4919,23.9155,0.0976,0.1053,24.102
2021-01-11 17:00:00,23.9037,24.3189,23.4885,23.8302,60.6836,23.9037,0.0956,0.1026,24.1118
2021-01-11 16:00:00,23.8912,24.3031,23.4793,23.8107,59.8222,23.8912,0.0939,0.0967,24.0428
2021-01-11 15:00:00,23.8764,24.2973,23.4555,23.7947,60.9283,23.8764,0.0932,0.0948,24.102
2021-01-11 14:00:00,23.8587,24.2849,23.4325,23.7735,60.576,23.8587,0.0928,0.0849,24.0724
2021-01-11 13:00:00,23.8422,24.2722,23.4122,23.7529,60.576,23.8422,0.0947,0.0741,24.0724
2021-01-11 12:00:00,23.8261,24.2566,23.3956,23.7309,60.3533,23.8261,0.0999,0.0592,24.0527
2021-01-11 11:00:00,23.8064,24.2477,23.3651,23.7087,57.2608,23.8064,0.1101,0.0413,23.7913
2021-01-11 10:00:00,23.7977,24.25,23.3454,23.703,56.4555,23.7977,0.1273,0.0445,23.7272
2021-01-11 09:00:00,23.7911,24.2529,23.3293,23.7013,53.178,23.7911,0.148,0.0545,23.4809
2021-01-11 08:00:00,23.7988,24.2472,23.3505,23.7166,56.8154,23.7988,0.1714,0.0915,23.6976
2021-01-11 07:00:00,23.7942,24.2494,23.339,23.7179,56.1559,23.7942,0.1914,0.1154,23.6483
2021-01-11 06:00:00,23.7831,24.2676,23.2985,23.7227,56.6578,23.7831,0.2104,0.1492,23.6779
2021-01-11 05:00:00,23.7669,24.2946,23.2393,23.7257,56.6578,23.7669,0.2257,0.1871,23.6779
2021-01-08 20:00:00,23.7502,24.3185,23.1819,23.729,66.4626,23.7502,0.2353,0.2328,24.2006
2021-01-08 19:00:00,23.718,24.29,23.1459,23.6965,66.3564,23.718,0.2359,0.2345,24.1907
2021-01-08 18:00:00,23.69,24.2487,23.1313,23.6624,66.0446,23.69,0.2363,0.2344,24.1611
2021-01-08 17:00:00,23.6588,24.2134,23.1042,23.628,65.7376,23.6588,0.2367,0.2337,24.1316
2021-01-08 16:00:00,23.6286,24.1756,23.0815,23.5933,64.9202,23.6286,0.2375,0.2325,24.0527
2021-01-08 15:00:00,23.6,24.145,23.0549,23.5616,65.7735,23.6,0.2387,0.2356,24.097
2021-01-08 14:00:00,23.5676,24.1061,23.0291,23.5247,63.6708,23.5676,0.2395,0.2317,23.8949
2021-01-08 13:00:00,23.5408,24.0913,22.9902,23.4992,66.7674,23.5408,0.2414,0.2438,24.0528
2021-01-08 12:00:00,23.5114,24.0433,22.9794,23.461,67.724,23.5114,0.2409,0.2397,24.1002
2021-01-08 11:00:00,23.4886,23.9743,23.0029,23.4169,66.7848,23.4886,0.2411,0.2261,24.0034
2021-01-08 10:00:00,23.4638,23.9167,23.0108,23.3765,64.0008,23.4638,0.2449,0.2154,23.7371
2021-01-08 09:00:00,23.4447,23.8981,22.9912,23.3516,64.9757,23.4447,0.2523,0.2257,23.7864
2021-01-08 08:00:00,23.4245,23.8692,22.9798,23.3216,65.1676,23.4245,0.2589,0.2305,23.7963
2021-01-08 07:00:00,23.3946,23.8556,22.9335,23.2889,64.6632,23.3946,0.266,0.2322,23.747
2021-01-08 06:00:00,23.3768,23.823,22.9306,23.2573,62.7876,23.3768,0.2745,0.2361,23.5694
2021-01-08 05:00:00,23.3601,23.8138,22.9063,23.2358,65.0113,23.3601,0.2841,0.2557,23.6878
2021-01-07 20:00:00,23.3459,23.7841,22.9078,23.2046,66.1436,23.3459,0.2912,0.265,23.747
2021-01-07 19:00:00,23.3331,23.7453,22.9209,23.1672,66.0483,23.3331,0.2977,0.2669,23.7371
2021-01-07 18:00:00,23.3058,23.7158,22.8958,23.1279,64.7042,23.3058,0.3054,0.2665,23.599
2021-01-07 17:00:00,23.2578,23.8259,22.6898,23.0954,64.4124,23.2578,0.3151,0.2762,23.5694
2021-01-07 16:00:00,23.2085,23.9026,22.5144,23.0627,64.5844,23.2085,0.3248,0.2876,23.5793
2021-01-07 15:00:00,23.1622,23.9326,22.3917,23.0271,64.7516,23.1622,0.3341,0.2969,23.5892
2021-01-07 14:00:00,23.1138,23.9501,22.2776,22.9883,63.5663,23.1138,0.3434,0.3034,23.461
2021-01-07 13:00:00,23.0673,23.9735,22.1612,22.9557,64.6988,23.0673,0.3534,0.3204,23.53
2021-01-07 12:00:00,23.0207,23.9697,22.0717,22.9161,64.6988,23.0207,0.3617,0.3304,23.53
2021-01-07 11:00:00,22.9836,23.9372,22.0299,22.8738,67.6765,22.9836,0.3695,0.3383,23.7124
2021-01-07 10:00:00,22.9324,23.8887,21.9762,22.8159,66.4249,22.9324,0.3773,0.325,23.5596
2021-01-07 09:00:00,22.881,23.8623,21.8997,22.7646,64.2679,22.881,0.3904,0.3188,23.313
2021-01-07 08:00:00,22.8259,23.8865,21.7653,22.7268,63.17,22.8259,0.4084,0.3313,23.1947
2021-01-07 07:00:00,22.7658,23.935,21.5965,22.6946,62.9868,22.7658,0.4276,0.3545,23.175
2021-01-07 06:00:00,22.6879,24.0355,21.3402,22.6614,63.9088,22.6879,0.4459,0.3811,23.2341
2021-01-07 05:00:00,22.6077,24.0949,21.1204,22.6219,65.7702,22.6077,0.4621,0.4033,23.3525
2021-01-06 20:00:00,22.5242,24.1126,20.9357,22.5715,64.6933,22.5242,0.4768,0.4139,23.2243
2021-01-06 19:00:00,22.4472,24.1142,20.7803,22.5265,64.6933,22.4472,0.4925,0.4343,23.2243
2021-01-06 18:00:00,22.372,24.0948,20.6492,22.4784,64.4521,22.372,0.5071,0.4541,23.1947
2021-01-06 17:00:00,22.2868,24.0892,20.4844,22.429,63.8959,22.2868,0.5203,0.4758,23.1257
2021-01-06 16:00:00,22.201,24.079,20.3231,22.381,63.6208,22.201,0.5315,0.5035,23.0911
2021-01-06 15:00:00,22.1161,24.0549,20.1772,22.332,64.7103,22.1161,0.5385,0.5352,23.17
2021-01-06 14:00:00,22.0281,24.0067,20.0496,22.2742,68.2408,22.0281,0.5393,0.5597,23.4166
2021-01-06 13:00:00,21.9321,23.9113,19.9529,22.1954,67.1314,21.9321,0.5342,0.5578,23.2588
2021-01-06 12:00:00,21.8428,23.8163,19.8693,22.1221,66.4589,21.8428,0.5283,0.5633,23.1651
2021-01-06 11:00:00,21.7591,23.7141,19.804,22.0501,66.6699,21.7591,0.5195,0.5717,23.1801
2021-01-06 10:00:00,21.6695,23.602,19.737,21.9722,64.6335,21.6695,0.5065,0.5726,22.8988
2021-01-06 09:00:00,21.586,23.5153,19.6567,21.9083,69.2205,21.586,0.49,0.594,23.2144
2021-01-06 08:00:00,21.49,23.3717,19.6084,21.8182,68.1978,21.49,0.464,0.5806,23.0665
2021-01-06 07:00:00,21.4136,23.2175,19.6096,21.7321,71.249,21.4136,0.4348,0.57,23.2637
2021-01-06 06:00:00,21.3347,23.0106,19.6588,21.6265,72.8238,21.3347,0.401,0.5282,23.3623
2021-01-06 05:00:00,21.2548,22.7558,19.7538,21.5068,69.933,21.2548,0.3693,0.4571,22.9186
2021-01-05 20:00:00,21.193,22.5618,19.8243,21.4094,63.5131,21.193,0.3473,0.4049,22.1592
2021-01-05 19:00:00,21.1595,22.4804,19.8386,21.3577,62.8154,21.1595,0.3329,0.4096,22.0902
2021-01-05 18:00:00,21.1358,22.4139,19.8578,21.3072,64.5174,21.1358,0.3137,0.4168,22.1887
2021-01-05 17:00:00,21.0717,22.3248,19.8187,21.2464,64.047,21.0717,0.288,0.4098,22.1395
2021-01-05 16:00:00,21.0086,22.2305,19.7867,21.1848,63.3409,21.0086,0.2575,0.4,22.0655
2021-01-05 15:00:00,20.9476,22.1346,19.7607,21.1241,64.4304,20.9476,0.2219,0.3892,22.1314
2021-01-05 14:00:00,20.8845,22.013,19.756,21.0546,69.4092,20.8845,0.18,0.363,22.4156
2021-01-05 13:00:00,20.8119,21.8096,19.8141,20.9607,67.3801,20.8119,0.1343,0.2954,22.1789
2021-01-05 12:00:00,20.7482,21.6253,19.8712,20.8767,65.8919,20.7482,0.094,0.2288,22.0179
2021-01-05 11:00:00,20.6908,21.4448,19.9368,20.798,62.1805,20.6908,0.0603,0.157,21.6595
2021-01-05 10:00:00,20.6458,21.3201,19.9716,20.7386,58.9317,20.6458,0.0361,0.0995,21.39
2021-01-05 09:00:00,20.6107,21.2342,19.9872,20.6937,50.5112,20.6107,0.0203,0.0521,20.8378
2021-01-05 08:00:00,20.597,21.218,19.9761,20.6837,50.3355,20.597,0.0124,0.0471,20.8279
2021-01-05 07:00:00,20.5861,21.2019,19.9703,20.6738,50.6835,20.5861,0.0037,0.041,20.8476
2021-01-05 06:00:00,20.5756,21.1839,19.9672,20.6618,51.8976,20.5756,-0.0056,0.0306,20.9166
2021-01-05 05:00:00,20.5654,21.1606,19.9702,20.6442,52.7704,20.5654,-0.0147,0.0099,20.966
2021-01-04 20:00:00,20.5568,21.136,19.9777,20.6221,47.0917,20.5568,-0.0208,-0.0218,20.6404
2021-01-04 19:00:00,20.5591,21.1401,19.9782,20.6208,45.3621,20.5591,-0.0206,-0.0286,20.5518
2021-01-04 18:00:00,20.5591,21.1401,19.9782,20.6255,45.1694,20.5591,-0.0186,-0.028,20.5419
2021-01-04 17:00:00,20.569,21.1585,19.9795,20.6313,44.9818,20.569,-0.0163,-0.0258,20.532
2021-01-04 16:00:00,20.5802,21.1791,19.9813,20.6382,45.0563,20.5802,-0.0139,-0.0215,20.537
2021-01-04 15:00:00,20.5892,21.1934,19.9851,20.6451,45.681,20.5892,-0.012,-0.0163,20.5791
2021-01-04 14:00:00,20.5962,21.2046,19.9879,20.6497,46.7897,20.5962,-0.0109,-0.0137,20.6535
2021-01-04 13:00:00,20.5991,21.2093,19.9889,20.6494,43.9469,20.5991,-0.0102,-0.0178,20.4926
2021-01-04 12:00:00,20.6055,21.2151,19.9958,20.6602,42.1171,20.6055,-0.0083,-0.0063,20.3941
2021-01-04 11:00:00,20.6153,21.2205,20.0101,20.6786,40.9969,20.6153,-0.0088,0.0184,20.3348
2021-01-04 10:00:00,20.627,21.2235,20.0305,20.7023,47.5886,20.627,-0.0155,0.0558,20.7737
2021-01-04 09:00:00,20.6239,21.2183,20.0295,20.6974,49.7611,20.6239,-0.0334,0.058,20.8969
2021-01-04 08:00:00,20.6267,21.2272,20.0263,20.6836,51.022,20.6267,-0.0562,0.0474,20.966
2021-01-04 07:00:00,20.6272,21.2288,20.0257,20.6642,52.8722,20.6272,-0.0821,0.0261,21.0646
2021-01-04 06:00:00,20.6233,21.2148,20.0318,20.6366,54.5945,20.6233,-0.1092,-0.0114,21.1533
2021-01-04 05:00:00,20.6194,21.1981,20.0406,20.6009,59.3723,20.6194,-0.1336,-0.0682,21.3801
2020-12-31 20:00:00,20.6101,21.1475,20.0728,20.5472,30.4759,20.6101,-0.15,-0.1628,20.2658
2020-12-31 19:00:00,20.6371,21.1837,20.0905,20.5666,29.6195,20.6371,-0.1468,-0.1676,20.2461
2020-12-31 18:00:00,20.6618,21.2023,20.1212,20.5887,29.1979,20.6618,-0.1416,-0.1694,20.2362
2020-12-31 17:00:00,20.6828,21.2042,20.1614,20.613,29.1979,20.6828,-0.1347,-0.1682,20.2362
2020-12-31 16:00:00,20.7051,21.2051,20.2052,20.639,29.229,20.7051,-0.1263,-0.1643,20.2381
2020-12-31 15:00:00,20.7251,21.1959,20.2544,20.6666,29.7528,20.7251,-0.1168,-0.157,20.2701
2020-12-31 14:00:00,20.7427,21.1826,20.3029,20.694,30.1643,20.7427,-0.1067,-0.1487,20.2954
2020-12-31 13:00:00,20.7589,21.1662,20.3515,20.7215,30.4025,20.7589,-0.0962,-0.1386,20.3102
2020-12-31 12:00:00,20.7743,21.146,20.4026,20.7498,30.799,20.7743,-0.0856,-0.1251,20.3351
2020-12-31 11:00:00,20.7884,21.1226,20.4542,20.7784,32.3043,20.7884,-0.0757,-0.1086,20.4273
2020-12-31 10:00:00,20.7995,21.106,20.493,20.8027,33.5661,20.7995,-0.0675,-0.0953,20.5007
2020-12-31 09:00:00,20.812,21.0987,20.5253,20.8235,34.1167,20.812,-0.0606,-0.0845,20.532
2020-12-31 08:00:00,20.8266,21.0992,20.5541,20.8436,35.5342,20.8266,-0.0546,-0.0727,20.6109
2020-12-31 07:00:00,20.8395,21.1063,20.5726,20.8596,37.4125,20.8395,-0.05,-0.0645,20.7095
2020-12-31 06:00:00,20.8539,21.1376,20.5703,20.87,37.4125,20.8539,-0.0464,-0.0632,20.7095
