date,Lower BBand,Middle BBand,Upper BBand,EMA,RSI,SMA,MACD_Signal,MACD,Closing Price
2021-02-22 20:00:00,21.6872,23.9287,26.1702,23.7236,56.1214,23.9287,0.4204,0.4618,24.78
2021-02-22 19:00:00,21.6882,23.9257,26.1631,23.6878,56.1214,23.9257,0.4101,0.4855,24.78
2021-02-22 18:00:00,21.6883,23.9255,26.1627,23.6507,55.9,23.9255,0.3913,0.5086,24.69
2021-02-22 17:00:00,21.6886,23.9245,26.1604,23.6155,56.3974,23.9245,0.3619,0.5398,24.85
2021-02-22 16:00:00,21.6875,23.926,26.1645,23.5737,55.9882,23.926,0.3175,0.5556,24.68
2021-02-22 15:00:00,21.6878,23.9202,26.1526,23.5362,58.5631,23.9202,0.2579,0.5849,25.49
2021-02-22 14:00:00,21.7034,23.901,26.0987,23.4699,58.8918,23.901,0.1762,0.5313,25.59
2021-02-22 13:00:00,21.7218,23.8755,26.0292,23.3981,59.0876,23.8755,0.0874,0.4451,25.65
2021-02-22 12:00:00,21.7431,23.862,25.981,23.3217,58.7447,23.862,-0.002,0.3224,25.4974
2021-02-22 11:00:00,21.7543,23.8556,25.9568,23.248,58.1401,23.8556,-0.0831,0.1767,25.23
2021-02-22 10:00:00,21.7658,23.8436,25.9214,23.1808,56.4768,23.8436,-0.148,0.0153,24.5208
2021-02-22 09:00:00,21.7643,23.8466,25.9288,23.1354,52.4963,23.8466,-0.1889,-0.1187,22.9999
2021-02-22 05:00:00,21.7941,23.8732,25.9524,23.14,52.0143,23.8732,-0.2064,-0.1331,22.83
2021-02-19 20:00:00,21.8338,23.9011,25.9683,23.1505,52.229,23.9011,-0.2248,-0.1323,22.9
2021-02-19 19:00:00,21.8696,23.9327,25.9958,23.159,52.8109,23.9327,-0.2479,-0.1364,23.09
2021-02-19 18:00:00,21.8781,23.9362,25.9943,23.1613,52.7837,23.9362,-0.2758,-0.159,23.08
2021-02-19 17:00:00,21.8832,23.9382,25.9932,23.1641,52.8437,23.9382,-0.3049,-0.1846,23.1
2021-02-19 16:00:00,21.8867,23.9396,25.9925,23.1662,52.1488,23.9396,-0.335,-0.2166,22.84
2021-02-19 15:00:00,21.8974,23.9432,25.989,23.1773,52.4999,23.9432,-0.3647,-0.2278,22.96
2021-02-19 14:00:00,21.9074,23.9469,25.9864,23.1846,53.4434,23.9469,-0.3989,-0.2509,23.28
2021-02-19 13:00:00,21.9026,23.9449,25.9872,23.1814,52.499,23.9449,-0.4359,-0.3095,22.92
2021-02-19 12:00:00,21.9011,23.9444,25.9878,23.1903,52.6449,23.9444,-0.4675,-0.343,22.97
2021-02-19 11:00:00,21.9183,23.9512,25.9842,23.1977,54.5401,23.9512,-0.4986,-0.3859,23.606
2021-02-19 10:00:00,21.8635,23.9317,25.9998,23.1839,53.5155,23.9317,-0.5267,-0.4999,23.21
2021-02-19 09:00:00,21.7808,23.909,26.0372,23.183,51.8166,23.909,-0.5335,-0.5977,22.58
2021-02-19 08:00:00,21.7368,23.8982,26.0597,23.2035,51.176,23.8982,-0.5174,-0.6497,22.35
2021-02-19 07:00:00,21.6085,23.8732,26.1379,23.2324,48.5438,23.8732,-0.4843,-0.6832,21.45
2021-02-19 06:00:00,21.5243,23.859,26.1938,23.2928,50.8816,23.859,-0.4346,-0.6245,22.23
2021-02-19 05:00:00,21.4071,23.8352,26.2633,23.3288,50.186,23.8352,-0.3871,-0.6198,22.0
2021-02-18 20:00:00,21.2794,23.8104,26.3413,23.3739,50.5225,23.8104,-0.329,-0.5814,22.11
2021-02-18 19:00:00,21.1789,23.7887,26.3986,23.4167,50.5225,23.7887,-0.2659,-0.5351,22.11
2021-02-18 18:00:00,21.0777,23.7664,26.4551,23.461,51.7735,23.7664,-0.1986,-0.4682,22.52
2021-02-18 17:00:00,20.9664,23.7387,26.511,23.4929,51.8354,23.7387,-0.1312,-0.4178,22.5401
2021-02-18 16:00:00,20.8595,23.711,26.5626,23.5252,50.946,23.711,-0.0595,-0.3494,22.23
2021-02-18 15:00:00,20.8036,23.6959,26.5882,23.5691,53.3189,23.6959,0.0129,-0.2255,22.99
2021-02-18 14:00:00,20.6934,23.6625,26.6317,23.5888,54.7035,23.6625,0.0725,-0.1414,23.41
2021-02-18 13:00:00,20.6109,23.6307,26.6505,23.5948,54.7368,23.6307,0.126,-0.0748,23.42
2021-02-18 12:00:00,20.5009,23.5914,26.6818,23.6007,56.7042,23.5914,0.1762,0.0103,24.0
2021-02-18 11:00:00,20.4117,23.5487,26.6857,23.5872,55.8431,23.5487,0.2176,0.0597,23.68
2021-02-18 10:00:00,20.3609,23.5214,26.6818,23.5841,59.4008,23.5214,0.2571,0.1545,24.66
2021-02-18 09:00:00,20.3253,23.484,26.6427,23.5476,58.4716,23.484,0.2828,0.1735,24.31
2021-02-18 08:00:00,20.2675,23.444,26.6206,23.5217,59.9756,23.444,0.3101,0.2307,24.7
2021-02-18 06:00:00,20.2037,23.394,26.5844,23.4818,61.1656,23.394,0.3299,0.2608,25.0
2021-02-17 20:00:00,20.1619,23.344,26.5262,23.4303,60.6538,23.344,0.3472,0.2648,24.8
2021-02-17 19:00:00,20.1208,23.2977,26.4746,23.3839,61.3294,23.2977,0.3678,0.2864,24.97
2021-02-17 18:00:00,20.0854,23.2485,26.4117,23.3301,60.891,23.2485,0.3882,0.2925,24.796
2021-02-17 17:00:00,20.0531,23.2036,26.3541,23.2805,60.8509,23.2036,0.4121,0.3138,24.78
2021-02-17 16:00:00,20.0191,23.1573,26.2955,23.2296,60.8893,23.1573,0.4366,0.3381,24.79
2021-02-17 15:00:00,19.9961,23.1143,26.2324,23.1767,61.5771,23.1143,0.4613,0.3631,24.97
2021-02-17 14:00:00,19.9878,23.0724,26.1571,23.1159,61.0482,23.0724,0.4858,0.3714,24.75
2021-02-17 13:00:00,19.9734,23.0323,26.0911,23.0605,61.487,23.0323,0.5144,0.399,24.866
2021-02-17 12:00:00,19.9747,22.9968,26.0189,22.9993,60.3255,22.9968,0.5433,0.4166,24.3855
2021-02-17 11:00:00,19.9577,22.9626,25.9675,22.9524,61.3833,22.9626,0.575,0.4819,24.6647
2021-02-17 10:00:00,19.929,22.915,25.901,22.8943,61.6892,22.915,0.5982,0.5298,24.745
2021-02-17 09:00:00,19.8905,22.8604,25.8303,22.8316,63.3715,22.8604,0.6153,0.5752,25.18
2021-02-17 08:00:00,19.8111,22.7816,25.7521,22.752,65.0559,22.7816,0.6254,0.5803,25.6
2021-02-17 07:00:00,19.7551,22.6949,25.6347,22.6554,62.9826,22.6949,0.6367,0.5358,24.7
2021-02-17 06:00:00,19.6444,22.6166,25.5888,22.5861,62.8623,22.6166,0.6619,0.5627,24.65
2021-02-16 20:00:00,19.5399,22.5389,25.5379,22.5162,62.767,22.5389,0.6867,0.594,24.61
2021-02-16 19:00:00,19.4487,22.4634,25.4781,22.4452,62.8463,22.4634,0.7098,0.6293,24.63
2021-02-16 18:00:00,19.3698,22.3886,25.4073,22.3711,62.7769,22.3886,0.73,0.6633,24.6
2021-02-16 17:00:00,19.2973,22.3142,25.3312,22.2956,63.4364,22.3142,0.7466,0.7,24.77
2021-02-16 16:00:00,19.2353,22.2362,25.2371,22.2117,63.1227,22.2362,0.7583,0.7194,24.63
2021-02-16 15:00:00,19.1876,22.1637,25.1399,22.1297,64.3244,22.1637,0.768,0.748,24.94
2021-02-16 14:00:00,19.1368,22.0796,25.0223,22.0344,62.96,22.0796,0.773,0.742,24.33
2021-02-16 13:00:00,19.0886,22.0107,24.9329,21.9566,62.9988,22.0107,0.7808,0.7856,24.34
2021-02-16 12:00:00,19.0066,21.9311,24.8555,21.8758,62.3595,21.9311,0.7796,0.8289,24.06
2021-02-16 11:00:00,18.8621,21.8429,24.8237,21.8018,65.4577,21.8429,0.7672,0.9005,24.84
2021-02-16 10:00:00,18.721,21.7338,24.7467,21.6988,66.5838,21.7338,0.7339,0.8995,25.11
2021-02-16 09:00:00,18.6729,21.6327,24.5924,21.5832,65.2786,21.6327,0.6925,0.8576,24.51
2021-02-16 08:00:00,18.5983,21.54,24.4817,21.484,66.0823,21.54,0.6512,0.8528,24.7
2021-02-16 07:00:00,18.5238,21.4393,24.3549,21.3749,65.8648,21.4393,0.6009,0.8148,24.6
2021-02-16 06:00:00,18.4929,21.3483,24.2038,21.2656,65.6482,21.3483,0.5474,0.7647,24.5
2021-02-16 05:00:00,18.4689,21.259,24.0491,21.156,66.9006,21.259,0.4931,0.6998,24.8
2021-02-12 20:00:00,18.483,21.1657,23.8483,21.0324,63.4745,21.1657,0.4414,0.5763,23.3
2021-02-12 19:00:00,18.4293,21.098,23.7667,20.9556,63.2249,21.098,0.4076,0.5629,23.2
2021-02-12 18:00:00,18.3787,21.032,23.6853,20.8795,63.1754,21.032,0.3688,0.5479,23.18
2021-02-12 17:00:00,18.3291,20.965,23.6009,20.8015,62.8808,20.965,0.3241,0.5227,23.06
2021-02-12 16:00:00,18.2823,20.9002,23.5181,20.725,63.3795,20.9002,0.2744,0.4953,23.18
2021-02-12 15:00:00,18.2465,20.8332,23.4198,20.6417,63.3392,20.8332,0.2192,0.4408,23.1631
2021-02-12 14:00:00,18.2051,20.7631,23.3211,20.5563,62.6873,20.7631,0.1638,0.3665,22.89
2021-02-12 13:00:00,18.1573,20.697,23.2367,20.4772,64.7087,20.697,0.1131,0.2943,23.3779
2021-02-12 12:00:00,18.1228,20.6181,23.1134,20.3788,62.3997,20.6181,0.0678,0.1481,22.433
2021-02-12 11:00:00,18.0472,20.5531,23.059,20.3092,60.8454,20.5531,0.0478,0.0555,21.85
2021-02-12 10:00:00,17.9444,20.4936,23.0428,20.257,61.1923,20.4936,0.0458,-0.0041,21.9313
2021-02-12 09:00:00,17.7861,20.4197,23.0534,20.2002,58.0658,20.4197,0.0583,-0.0883,20.85
2021-02-12 08:00:00,17.6375,20.3656,23.0936,20.1782,57.2834,20.3656,0.095,-0.0845,20.6
2021-02-12 07:00:00,17.5013,20.3162,23.1312,20.1639,58.1367,20.3162,0.1398,-0.0529,20.8
2021-02-12 05:00:00,17.3696,20.2636,23.1575,20.1423,57.2282,20.2636,0.188,-0.0322,20.51
2021-02-11 20:00:00,17.2289,20.2121,23.1952,20.1299,58.52,20.2121,0.2431,0.0242,20.81
2021-02-11 19:00:00,17.0502,20.1469,23.2436,20.1068,58.3969,20.1469,0.2978,0.0653,20.77
2021-02-11 18:00:00,16.8716,20.0806,23.2896,20.0843,58.783,20.0806,0.3559,0.121,20.86
2021-02-11 17:00:00,16.7029,20.0129,23.3229,20.058,58.868,20.0129,0.4146,0.181,20.88
2021-02-11 16:00:00,16.5394,19.9442,23.349,20.0302,60.7699,19.9442,0.473,0.253,21.32
2021-02-11 15:00:00,16.3753,19.8657,23.3561,19.9864,59.8123,19.8657,0.5281,0.2964,20.99
2021-02-11 14:00:00,16.2504,19.8004,23.3504,19.9524,62.1164,19.8004,0.586,0.3811,21.5
2021-02-11 13:00:00,16.1356,19.7262,23.3168,19.9,60.8365,19.7262,0.6372,0.4317,21.06
2021-02-11 12:00:00,16.0494,19.6671,23.2847,19.8606,62.6336,19.6671,0.6886,0.5348,21.44
2021-02-11 11:00:00,15.9719,19.6014,23.2309,19.8071,65.6443,19.6014,0.727,0.62,22.04
2021-02-11 10:00:00,15.8542,19.5099,23.1656,19.7314,67.67,19.5099,0.7538,0.6585,22.42
2021-02-11 09:00:00,15.7378,19.4071,23.0765,19.6403,66.2974,19.4071,0.7776,0.6595,21.91
2021-02-11 08:00:00,15.5776,19.3046,23.0317,19.5633,65.708,19.3046,0.8071,0.7031,21.7
2021-02-11 05:00:00,15.4224,19.2055,22.9886,19.4909,67.3631,19.2055,0.8332,0.7698,22.0
2021-02-10 20:00:00,15.2877,19.1013,22.9149,19.4058,67.4745,19.1013,0.849,0.8133,22.02
2021-02-10 19:00:00,15.1379,18.9908,22.8438,19.3172,67.4745,18.9908,0.8579,0.8549,22.02
2021-02-10 18:00:00,15.0056,18.8813,22.757,19.2256,67.909,18.8813,0.8587,0.8956,22.1
2021-02-10 17:00:00,14.886,18.7698,22.6537,19.1282,67.653,18.7698,0.8495,0.9263,22.0
2021-02-10 16:00:00,14.7779,18.6606,22.5434,19.0308,68.7861,18.6606,0.8302,0.9623,22.21
2021-02-10 15:00:00,14.6929,18.5483,22.4037,18.923,70.1618,18.5483,0.7972,0.9728,22.46
2021-02-10 14:00:00,14.6407,18.4334,22.2261,18.8031,69.8772,18.4334,0.7533,0.9466,22.3399
2021-02-10 13:00:00,14.5993,18.3211,22.0429,18.6833,72.1308,18.3211,0.705,0.9117,22.74
2021-02-10 12:00:00,14.5891,18.1997,21.8104,18.5457,71.198,18.1997,0.6533,0.8131,22.3314
2021-02-10 11:00:00,14.5714,18.0852,21.599,18.4174,69.9277,18.0852,0.6134,0.717,21.807
2021-02-10 10:00:00,14.5378,17.9792,21.4205,18.3025,69.0655,17.9792,0.5875,0.6373,21.47
2021-02-10 09:00:00,14.5205,17.8844,21.2483,18.1951,66.1796,17.8844,0.5751,0.5606,20.45
2021-02-10 08:00:00,14.4571,17.8036,21.15,18.1187,66.0268,17.8036,0.5787,0.5585,20.4
2021-02-10 06:00:00,14.4028,17.7244,21.0461,18.0414,64.7751,17.7244,0.5837,0.5527,20.0
2021-02-09 20:00:00,14.3335,17.6494,20.9654,17.975,64.7431,17.6494,0.5915,0.5781,19.99
2021-02-09 19:00:00,14.2677,17.5738,20.8798,17.9067,65.2668,17.5738,0.5949,0.603,20.08
2021-02-09 18:00:00,14.2074,17.4953,20.7832,17.833,65.6147,17.4953,0.5928,0.6169,20.14
2021-02-09 17:00:00,14.1564,17.4156,20.6748,17.7548,65.6147,17.4156,0.5868,0.6195,20.14
2021-02-09 16:00:00,14.1135,17.3359,20.5583,17.6739,65.4664,17.3359,0.5786,0.6139,20.09
2021-02-09 15:00:00,14.0768,17.2571,20.4373,17.592,66.5389,17.2571,0.5698,0.6029,20.28
2021-02-09 14:00:00,14.0617,17.1763,20.2909,17.5009,65.3946,17.1763,0.5616,0.5607,19.89
2021-02-09 13:00:00,14.0327,17.1005,20.1683,17.4199,67.1906,17.1005,0.5618,0.5384,20.2
2021-02-09 12:00:00,14.035,17.0218,20.0086,17.3257,65.2529,17.0218,0.5677,0.4705,19.5599
2021-02-09 11:00:00,14.0153,16.9536,19.8919,17.25,62.5705,16.9536,0.592,0.4422,18.77
2021-02-09 10:00:00,13.9617,16.8944,19.8271,17.1984,60.7853,16.8944,0.6294,0.4802,18.2963
2021-02-09 09:00:00,13.8968,16.8413,19.7859,17.1612,65.6169,16.8413,0.6667,0.5698,19.04
2021-02-09 08:00:00,13.8231,16.767,19.7109,17.0975,65.2885,16.767,0.6909,0.6002,18.95
2021-02-09 07:00:00,13.7581,16.6953,19.6326,17.0347,64.2055,16.6953,0.7136,0.6394,18.66
2021-02-09 06:00:00,13.6664,16.6223,19.5783,16.9796,67.6404,16.6223,0.7322,0.7097,19.14
2021-02-09 05:00:00,13.6049,16.5427,19.4805,16.9064,67.6404,16.5427,0.7378,0.7402,19.14
2021-02-08 20:00:00,13.5515,16.4628,19.3742,16.8307,68.0806,16.4628,0.7372,0.7684,19.2
2021-02-08 19:00:00,13.5101,16.382,19.254,16.7504,68.3723,16.382,0.7294,0.787,19.24
2021-02-08 18:00:00,13.4805,16.3005,19.1205,16.666,68.3723,16.3005,0.715,0.7954,19.24
2021-02-08 17:00:00,13.4604,16.2187,18.977,16.5787,68.1081,16.2187,0.6949,0.7944,19.16
2021-02-08 16:00:00,13.4468,16.1382,18.8295,16.4912,68.1781,16.1382,0.6701,0.7898,19.17
2021-02-08 15:00:00,13.4473,16.058,18.6687,16.4004,68.1459,16.058,0.6401,0.7714,19.16
2021-02-08 14:00:00,13.4713,15.9813,18.4914,16.3069,67.499,15.9813,0.6073,0.7377,18.96
2021-02-08 13:00:00,13.5009,15.9098,18.3188,16.217,67.3743,15.9098,0.5747,0.7043,18.9217
2021-02-08 12:00:00,13.5328,15.8364,18.14,16.1253,66.4624,15.8364,0.5423,0.6554,18.6458
2021-02-08 11:00:00,13.5705,15.7713,17.9721,16.0398,66.0874,15.7713,0.5141,0.6115,18.5348
2021-02-08 10:00:00,13.6086,15.7066,17.8045,15.9552,65.1997,15.7066,0.4897,0.5579,18.2773
2021-02-08 09:00:00,13.6304,15.6428,17.6552,15.8765,62.2682,15.6428,0.4726,0.5076,17.5
2021-02-08 08:00:00,13.598,15.5869,17.5759,15.8215,62.9389,15.5869,0.4639,0.5151,17.6
2021-02-08 07:00:00,13.5775,15.5294,17.4814,15.7612,63.2067,15.5294,0.4511,0.507,17.64
2021-02-08 06:00:00,13.5644,15.4706,17.3768,15.6975,63.2067,15.4706,0.4371,0.4852,17.64
2021-02-08 05:00:00,13.5655,15.4133,17.2611,15.6317,62.3549,15.4133,0.4251,0.4504,17.42
2021-02-05 20:00:00,13.5611,15.3594,17.1578,15.5711,60.214,15.3594,0.4188,0.4218,16.9
2021-02-05 19:00:00,13.541,15.3154,17.0899,15.526,59.7377,15.3154,0.418,0.4321,16.79
2021-02-05 18:00:00,13.5169,15.2721,17.0273,15.4832,59.8017,15.2721,0.4145,0.4502,16.8
2021-02-05 17:00:00,13.4872,15.2256,16.9641,15.4385,59.6316,15.2256,0.4056,0.4656,16.76
2021-02-05 16:00:00,13.4476,15.1765,16.9054,15.3937,58.9917,15.1765,0.3905,0.4827,16.61
2021-02-05 15:00:00,13.3979,15.1276,16.8573,15.3525,61.9531,15.1276,0.3675,0.5127,17.07
2021-02-05 14:00:00,13.3807,15.0718,16.763,15.2943,61.8713,15.0718,0.3312,0.4968,17.05
2021-02-05 13:00:00,13.3726,15.0168,16.661,15.2348,65.035,15.0168,0.2898,0.4712,17.51
2021-02-05 12:00:00,13.4317,14.9596,16.4876,15.1576,64.9968,14.9596,0.2445,0.3849,17.5
2021-02-05 11:00:00,13.5126,14.9038,16.295,15.0782,61.0112,14.9038,0.2093,0.2701,16.55
2021-02-05 10:00:00,13.5074,14.8583,16.2092,15.0283,59.6043,14.8583,0.1942,0.2164,16.2545
2021-02-05 09:00:00,13.479,14.8149,16.1508,14.9868,57.0543,14.8149,0.1886,0.1748,15.76
2021-02-05 08:00:00,13.4464,14.7827,16.119,14.9606,57.0003,14.7827,0.192,0.1696,15.75
2021-02-05 06:00:00,13.4088,14.7487,16.0887,14.9338,57.0003,14.7487,0.1977,0.1614,15.75
2021-02-04 20:00:00,13.3835,14.7171,16.0506,14.9061,55.0329,14.7171,0.2067,0.1486,15.39
2021-02-04 19:00:00,13.3407,14.6886,16.0364,14.8897,55.4487,14.6886,0.2213,0.1668,15.45
2021-02-04 18:00:00,13.3154,14.6629,16.0104,14.8707,55.227,14.6629,0.2349,0.1815,15.41
2021-02-04 17:00:00,13.2932,14.6386,15.984,14.8525,55.4986,14.6386,0.2482,0.2016,15.45
2021-02-04 16:00:00,13.2937,14.6228,15.9519,14.8322,55.6331,14.6228,0.2599,0.2204,15.47
2021-02-04 15:00:00,13.3002,14.6118,15.9235,14.8106,56.2703,14.6118,0.2697,0.239,15.565
2021-02-04 14:00:00,13.31,14.5991,15.8881,14.785,56.5047,14.5991,0.2774,0.2497,15.6
2021-02-04 13:00:00,13.3096,14.5757,15.8419,14.7574,55.7801,14.5757,0.2844,0.2561,15.46
2021-02-04 12:00:00,13.308,14.5556,15.8032,14.7336,55.7801,14.5556,0.2914,0.2749,15.46
2021-02-04 11:00:00,13.3045,14.5337,15.763,14.7089,55.7036,14.5337,0.2955,0.2948,15.445
2021-02-04 10:00:00,13.3034,14.5127,15.7219,14.684,57.9364,14.5127,0.2957,0.3174,15.785
2021-02-04 09:00:00,13.3283,14.4912,15.6542,14.6467,57.0145,14.4912,0.2903,0.3071,15.6
2021-02-04 08:00:00,13.3421,14.4696,15.597,14.6144,57.3485,14.4696,0.2861,0.3083,15.65
2021-02-04 07:00:00,13.3637,14.4486,15.5334,14.5793,56.5984,14.4486,0.2806,0.3002,15.5
2021-02-03 20:00:00,13.3812,14.4309,15.4806,14.548,56.3467,14.4309,0.2757,0.3009,15.45
2021-02-03 19:00:00,13.3983,14.4139,15.4296,14.5175,55.9449,14.4139,0.2694,0.3024,15.37
2021-02-03 18:00:00,13.4106,14.3957,15.3809,14.4886,55.8949,14.3957,0.2611,0.3081,15.36
2021-02-03 17:00:00,13.4191,14.3746,15.3301,14.459,55.8949,14.3746,0.2494,0.3119,15.36
2021-02-03 16:00:00,13.4322,14.3542,15.2763,14.4285,55.8877,14.3542,0.2337,0.3122,15.3585
2021-02-03 15:00:00,13.4476,14.3336,15.2196,14.397,56.3436,14.3336,0.2141,0.3082,15.4336
2021-02-03 14:00:00,13.4648,14.3087,15.1526,14.3618,55.9027,14.3087,0.1906,0.2909,15.34
2021-02-03 13:00:00,13.4928,14.2939,15.0949,14.3287,56.7455,14.2939,0.1655,0.2742,15.48
2021-02-03 12:00:00,13.5251,14.2685,15.012,14.2896,56.6997,14.2685,0.1384,0.2347,15.47
2021-02-03 11:00:00,13.5396,14.2367,14.9338,14.2496,55.523,14.2367,0.1143,0.1818,15.2162
2021-02-03 10:00:00,13.5653,14.2164,14.8676,14.2169,55.0354,14.2164,0.0974,0.1375,15.1132
2021-02-03 09:00:00,13.5933,14.2012,14.8091,14.1865,52.3778,14.2012,0.0874,0.0894,14.58
2021-02-03 08:00:00,13.5828,14.1891,14.7953,14.1731,52.7805,14.1891,0.0869,0.0811,14.65
2021-02-02 20:00:00,13.5802,14.1774,14.7746,14.157,50.8149,14.1774,0.0883,0.0621,14.28
2021-02-02 19:00:00,13.5747,14.1729,14.771,14.1528,51.2686,14.1729,0.0949,0.0747,14.36
2021-02-02 18:00:00,13.5705,14.1676,14.7646,14.1458,51.2151,14.1676,0.0999,0.0815,14.35
2021-02-02 17:00:00,13.5699,14.1652,14.7605,14.1388,51.2151,14.1652,0.1045,0.09,14.35
2021-02-02 16:00:00,13.5683,14.1617,14.7551,14.1317,51.2151,14.1617,0.1082,0.0996,14.35
2021-02-02 15:00:00,13.5522,14.1702,14.7882,14.1243,51.1129,14.1702,0.1103,0.1103,14.33
2021-02-02 14:00:00,13.5307,14.181,14.8313,14.1173,51.1129,14.181,0.1103,0.1245,14.33
2021-02-02 13:00:00,13.5271,14.1857,14.8442,14.1101,51.2686,14.1857,0.1068,0.1408,14.36
2021-02-02 12:00:00,13.5263,14.1877,14.8491,14.1016,52.3133,14.1877,0.0983,0.1564,14.56
2021-02-02 11:00:00,13.4549,14.1636,14.8723,14.0861,52.8963,14.1636,0.0837,0.1538,14.67
2021-02-02 10:00:00,13.3313,14.1296,14.9279,14.0663,52.1576,14.1296,0.0662,0.1369,14.515
2021-02-02 09:00:00,13.2385,14.1009,14.9633,14.0511,53.3519,14.1009,0.0486,0.1292,14.74
2021-02-02 08:00:00,13.1769,14.0712,14.9655,14.0277,52.9279,14.0712,0.0284,0.0946,14.65
2021-02-02 06:00:00,13.1275,14.0449,14.9622,14.0066,51.9741,14.0449,0.0118,0.0583,14.45
2021-02-02 05:00:00,13.0775,14.0219,14.9662,13.9916,50.4946,14.0219,0.0002,0.0314,14.15
2021-02-01 20:00:00,13.0493,14.0085,14.9677,13.9863,50.4946,14.0085,-0.0076,0.0271,14.15
2021-02-01 19:00:00,13.0221,13.9952,14.9683,13.9807,50.2972,13.9952,-0.0163,0.0213,14.11
2021-02-01 18:00:00,12.9761,13.9777,14.9793,13.9763,50.7449,13.9777,-0.0256,0.0176,14.2
2021-02-01 17:00:00,12.9318,13.9587,14.9856,13.9687,50.6969,13.9587,-0.0365,0.0035,14.19
2021-02-01 16:00:00,12.888,13.9395,14.9911,13.9612,51.0389,13.9395,-0.0464,-0.0136,14.26
2021-02-01 15:00:00,12.8587,13.9224,14.986,13.9511,50.712,13.9224,-0.0547,-0.0423,14.19
2021-02-01 14:00:00,12.8245,13.9047,14.985,13.943,49.8778,13.9047,-0.0578,-0.0711,14.0126
2021-02-01 13:00:00,12.797,13.8914,14.9857,13.9407,48.9068,13.8914,-0.0544,-0.0889,13.81
2021-02-01 12:00:00,12.7507,13.8757,15.0007,13.9451,48.2745,13.8757,-0.0458,-0.0896,13.68
2021-02-01 11:00:00,12.7299,13.8675,15.0052,13.9541,48.4559,13.8675,-0.0349,-0.076,13.72
2021-02-01 10:00:00,12.7147,13.8607,15.0067,13.962,48.5906,13.8607,-0.0246,-0.0616,13.75
2021-02-01 09:00:00,12.7022,13.8545,15.0068,13.9692,50.0968,13.8545,-0.0153,-0.0454,14.08
2021-02-01 08:00:00,12.6845,13.8424,15.0003,13.9654,50.4228,13.8424,-0.0078,-0.0577,14.15
2021-02-01 06:00:00,12.6572,13.8257,14.9942,13.9592,48.8806,13.8257,0.0047,-0.0796,13.82
2021-01-29 20:00:00,12.6385,13.8162,14.9939,13.9639,48.0622,13.8162,0.0258,-0.0729,13.65
2021-01-29 18:00:00,12.6201,13.8084,14.9966,13.9745,48.877,13.8084,0.0505,-0.0459,13.83
2021-01-29 17:00:00,12.6005,13.7982,14.9959,13.9794,48.3025,13.7982,0.0746,-0.0291,13.71
2021-01-29 16:00:00,12.5848,13.7905,14.9963,13.9886,48.9333,13.7905,0.1005,0.005,13.85
2021-01-29 15:00:00,12.5681,13.7809,14.9938,13.9933,48.1243,13.7809,0.1243,0.0342,13.68
2021-01-29 14:00:00,12.5451,13.7709,14.9968,14.0039,49.1604,13.7709,0.1468,0.0883,13.91
2021-01-29 13:00:00,12.5094,13.7543,14.9991,14.0071,49.3421,13.7543,0.1615,0.1325,13.95
2021-01-29 12:00:00,12.4825,13.7393,14.996,14.009,51.962,13.7393,0.1687,0.1831,14.505
2021-01-29 11:00:00,12.4523,13.7121,14.9719,13.9922,53.497,13.7121,0.1651,0.1884,14.81
2021-01-29 10:00:00,12.4211,13.6763,14.9314,13.9645,53.4526,13.6763,0.1593,0.1614,14.8
2021-01-29 09:00:00,12.423,13.6494,14.8759,13.9361,50.6785,13.6494,0.1588,0.1256,14.2
2021-01-29 08:00:00,12.4133,13.6344,14.8556,13.9272,50.9272,13.6344,0.1671,0.1392,14.25
2021-01-29 07:00:00,12.4071,13.6196,14.832,13.9163,50.449,13.6196,0.1741,0.1494,14.15
2021-01-29 05:00:00,12.4013,13.6071,14.8129,13.9083,50.5945,13.6071,0.1803,0.1704,14.18
2021-01-28 20:00:00,12.3981,13.5951,14.7921,13.8991,52.1723,13.5951,0.1827,0.1918,14.5
2021-01-28 19:00:00,12.4025,13.5769,14.7513,13.8787,51.2377,13.5769,0.1805,0.1836,14.3
2021-01-28 17:00:00,12.4011,13.5614,14.7217,13.8645,51.6871,13.5614,0.1797,0.1909,14.3905
2021-01-28 16:00:00,12.4042,13.5449,14.6856,13.8466,51.9321,13.5449,0.1769,0.1882,14.44
2021-01-28 15:00:00,12.4095,13.5269,14.6443,13.8265,51.8868,13.5269,0.1741,0.177,14.43
2021-01-28 14:00:00,12.4165,13.5094,14.6023,13.8061,51.2085,13.5094,0.1733,0.1612,14.28
2021-01-28 13:00:00,12.4199,13.4946,14.5693,13.79,50.3365,13.4946,0.1764,0.1539,14.09
2021-01-28 12:00:00,12.4188,13.4826,14.5465,13.7798,50.5704,13.4826,0.182,0.1616,14.14
2021-01-28 11:00:00,12.4179,13.4687,14.5196,13.7676,50.4812,13.4687,0.1871,0.1641,14.1203
2021-01-28 10:00:00,12.4175,13.4552,14.493,13.7557,49.6642,13.4552,0.1928,0.1669,13.94
2021-01-28 09:00:00,12.4115,13.4432,14.4749,13.7494,52.0529,13.4432,0.1993,0.1864,14.45
2021-01-28 08:00:00,12.4084,13.4167,14.425,13.7257,49.7705,13.4167,0.2025,0.1567,13.96
2021-01-28 07:00:00,12.3913,13.3987,14.4061,13.7177,47.7748,13.3987,0.214,0.1663,13.56
2021-01-28 06:00:00,12.3777,13.3894,14.401,13.7231,49.9201,13.3894,0.2259,0.2169,14.0
2021-01-28 05:00:00,12.3645,13.371,14.3776,13.7137,50.9426,13.371,0.2281,0.2336,14.2
2021-01-27 20:00:00,12.364,13.3512,14.3384,13.6972,49.1503,13.3512,0.2267,0.2311,13.85
2021-01-27 19:00:00,12.3662,13.3472,14.3282,13.692,49.6601,13.3472,0.2257,0.2601,13.95
2021-01-27 18:00:00,12.3706,13.3422,14.3139,13.6833,49.9658,13.3422,0.217,0.2833,14.01
2021-01-27 17:00:00,12.3769,13.3355,14.2942,13.6722,50.1175,13.3355,0.2005,0.3026,14.04
2021-01-27 16:00:00,12.3847,13.3279,14.2711,13.6597,50.98,13.3279,0.175,0.3197,14.21
2021-01-27 15:00:00,12.4,13.3171,14.2341,13.6411,50.636,13.3171,0.1388,0.3197,14.14
2021-01-27 14:00:00,12.4123,13.3098,14.2074,13.6242,54.5043,13.3098,0.0935,0.3221,14.86
2021-01-27 13:00:00,12.4836,13.2873,14.0911,13.5823,55.1621,13.2873,0.0364,0.2472,14.9743
2021-01-27 12:00:00,12.5847,13.2652,13.9458,13.5351,53.4089,13.2652,-0.0163,0.1364,14.6119
2021-01-27 11:00:00,12.6494,13.2524,13.8554,13.4986,52.7477,13.2524,-0.0545,0.0298,14.48
2021-01-27 10:00:00,12.7169,13.2382,13.7595,13.4653,44.7883,13.2382,-0.0756,-0.0932,13.1175
2021-01-27 09:00:00,12.7114,13.2491,13.7867,13.4771,41.31,13.2491,-0.0712,-0.1101,12.63
2021-01-27 08:00:00,12.6596,13.2826,13.9055,13.5058,42.1673,13.2826,-0.0615,-0.0804,12.79
2021-01-27 07:00:00,12.6003,13.3152,14.0302,13.5301,43.1019,13.3152,-0.0568,-0.0577,12.96
2021-01-27 06:00:00,12.5422,13.3459,14.1496,13.5494,43.7185,13.3459,-0.0565,-0.0452,13.07
2021-01-27 05:00:00,12.4924,13.3747,14.2571,13.5657,43.7185,13.3747,-0.0594,-0.0397,13.07
2021-01-26 20:00:00,12.4549,13.403,14.3512,13.5825,45.3138,13.403,-0.0643,-0.0322,13.35
2021-01-26 19:00:00,12.4177,13.4264,14.4351,13.5903,45.3138,13.4264,-0.0723,-0.0506,13.35
2021-01-26 18:00:00,12.3784,13.4515,14.5247,13.5985,43.2387,13.4515,-0.0778,-0.0733,13.0599
2021-01-26 17:00:00,12.3395,13.4851,14.6308,13.6168,43.2393,13.4851,-0.0789,-0.0718,13.06
2021-01-26 16:00:00,12.2894,13.523,14.7565,13.6356,43.0953,13.523,-0.0807,-0.0688,13.04
2021-01-26 15:00:00,12.254,13.5603,14.8666,13.6558,44.1411,13.5603,-0.0837,-0.0619,13.23
2021-01-26 14:00:00,12.2117,13.5963,14.9809,13.6702,43.4479,13.5963,-0.0891,-0.0716,13.1324
2021-01-26 13:00:00,12.1742,13.6356,15.097,13.6885,43.8736,13.6356,-0.0935,-0.0729,13.21
2021-01-26 12:00:00,12.1297,13.6766,15.2234,13.7047,41.4001,13.6766,-0.0986,-0.0815,12.87
2021-01-26 11:00:00,12.097,13.7263,15.3555,13.733,43.1604,13.7263,-0.1029,-0.0566,13.19
2021-01-26 10:00:00,12.0594,13.7706,15.4818,13.7514,43.8479,13.7706,-0.1145,-0.0567,13.31
2021-01-26 09:00:00,12.034,13.8104,15.5869,13.7664,44.2523,13.8104,-0.1289,-0.0681,13.38
2021-01-26 08:00:00,12.0129,13.8488,15.6847,13.7795,44.0348,13.8488,-0.1441,-0.0888,13.35
2021-01-25 20:00:00,12.0009,13.8864,15.7719,13.794,42.5659,13.8864,-0.158,-0.1109,13.15
2021-01-25 19:00:00,12.0004,13.9278,15.8551,13.8159,43.1224,13.9278,-0.1697,-0.1172,13.25
2021-01-25 18:00:00,12.0011,13.9669,15.9327,13.835,42.6059,13.9669,-0.1829,-0.1336,13.18
2021-01-25 17:00:00,12.002,14.0101,16.0182,13.8572,42.8244,14.0101,-0.1952,-0.1455,13.22
2021-01-25 16:00:00,12.0094,14.0509,16.0925,13.8788,42.987,14.0509,-0.2076,-0.1627,13.25
2021-01-25 15:00:00,12.0138,14.0938,16.1738,13.9002,43.1179,14.0938,-0.2188,-0.1853,13.2744
2021-01-25 14:00:00,12.0186,14.1374,16.2561,13.9214,41.7275,14.1374,-0.2272,-0.2139,13.08
2021-01-25 13:00:00,12.0439,14.1807,16.3174,13.9499,40.4763,14.1807,-0.2305,-0.2276,12.91
2021-01-25 12:00:00,12.0844,14.2255,16.3666,13.9851,41.1873,14.2255,-0.2312,-0.2244,13.049
2021-01-25 11:00:00,12.1143,14.2719,16.4294,14.0169,39.886,14.2719,-0.2329,-0.2312,12.8748
2021-01-25 10:00:00,12.159,14.3208,16.4825,14.0556,38.2287,14.3208,-0.2334,-0.2188,12.66
2021-01-25 09:00:00,12.2225,14.3733,16.5241,14.1029,40.9691,14.3733,-0.237,-0.1778,13.19
2021-01-25 08:00:00,12.2603,14.4151,16.5699,14.1338,41.5774,14.4151,-0.2518,-0.177,13.3
2021-01-25 07:00:00,12.2955,14.4551,16.6147,14.1621,41.9112,14.4551,-0.2706,-0.1846,13.36
2021-01-25 06:00:00,12.334,14.4908,16.6475,14.1893,42.1329,14.4908,-0.2921,-0.1976,13.4
2021-01-25 05:00:00,12.3735,14.525,16.6764,14.2161,42.4643,14.525,-0.3157,-0.2155,13.46
2021-01-22 20:00:00,12.4125,14.5573,16.7021,14.2417,42.0911,14.5573,-0.3407,-0.2413,13.41
2021-01-22 18:00:00,12.4561,14.5905,16.7248,14.2699,41.7941,14.5905,-0.3656,-0.2656,13.37
2021-01-22 17:00:00,12.5041,14.6243,16.7445,14.3004,41.9527,14.6243,-0.3906,-0.2887,13.4
2021-01-22 16:00:00,12.5518,14.6593,16.7668,14.3309,41.6623,14.6593,-0.416,-0.317,13.36
2021-01-22 15:00:00,12.6038,14.6958,16.7878,14.3638,41.7651,14.6958,-0.4408,-0.3445,13.38
2021-01-22 14:00:00,12.6567,14.7328,16.8089,14.3972,41.8158,14.7328,-0.4648,-0.3766,13.39
2021-01-22 13:00:00,12.7086,14.7735,16.8383,14.4313,41.6982,14.7735,-0.4869,-0.4131,13.3731
2021-01-22 12:00:00,12.7665,14.8126,16.8587,14.4672,41.2274,14.8126,-0.5053,-0.452,13.305
2021-01-22 11:00:00,12.831,14.8542,16.8775,14.5066,41.2524,14.8542,-0.5187,-0.4881,13.3102
2021-01-22 10:00:00,12.8943,14.9001,16.9059,14.5471,40.6382,14.9001,-0.5263,-0.5277,13.22
2021-01-22 09:00:00,12.9615,14.9521,16.9427,14.5921,38.0982,14.9521,-0.5259,-0.5613,12.86
2021-01-22 08:00:00,13.0455,15.0186,16.9917,14.6508,38.1875,15.0186,-0.5171,-0.5593,12.88
2021-01-22 07:00:00,13.139,15.0839,17.0288,14.7109,38.7228,15.0839,-0.5065,-0.5507,13.0
2021-01-22 06:00:00,13.2318,15.1467,17.0617,14.7688,38.0107,15.1467,-0.4955,-0.544,12.9
2021-01-22 05:00:00,13.3459,15.2101,17.0743,14.8322,38.4946,15.2101,-0.4834,-0.5173,13.01
2021-01-21 20:00:00,13.4604,15.2709,17.0814,14.894,41.3158,15.2709,-0.4749,-0.4869,13.6101
2021-01-21 19:00:00,13.5221,15.3251,17.128,14.9375,41.5147,15.3251,-0.4719,-0.5021,13.65
2021-01-21 18:00:00,13.5922,15.3762,17.1603,14.9811,41.2358,15.3762,-0.4643,-0.5183,13.61
2021-01-21 17:00:00,13.6785,15.4241,17.1696,15.0276,41.0284,15.4241,-0.4509,-0.5273,13.58
2021-01-21 16:00:00,13.7751,15.4715,17.1679,15.0767,40.9005,15.4715,-0.4317,-0.5281,13.5613
2021-01-21 15:00:00,13.8761,15.5221,17.1681,15.128,41.5818,15.5221,-0.4076,-0.5196,13.705
2021-01-21 14:00:00,13.9641,15.5742,17.1842,15.1763,40.2539,15.5742,-0.3797,-0.5157,13.51
2021-01-21 13:00:00,14.0902,15.608,17.1258,15.2328,40.9104,15.608,-0.3456,-0.4835,13.65
2021-01-21 12:00:00,14.2107,15.6404,17.07,15.2864,41.8206,15.6404,-0.3112,-0.4495,13.84
2021-01-21 11:00:00,14.3187,15.6695,17.0203,15.3355,40.3719,15.6695,-0.2766,-0.419,13.629
2021-01-21 10:00:00,14.46,15.7022,16.9445,15.3933,41.0377,15.7022,-0.241,-0.3525,13.7688
2021-01-21 09:00:00,14.5894,15.7289,16.8684,15.4484,45.651,15.7289,-0.2131,-0.2767,14.64
2021-01-21 08:00:00,14.6364,15.7426,16.8487,15.4758,46.2972,15.7426,-0.1972,-0.2646,14.75
2021-01-20 20:00:00,14.6781,15.7554,16.8326,15.5004,46.592,15.7554,-0.1803,-0.2565,14.8
2021-01-20 19:00:00,14.7194,15.7686,16.8177,15.5241,46.592,15.7686,-0.1613,-0.2475,14.8
2021-01-20 18:00:00,14.7599,15.7806,16.8012,15.5487,46.394,15.7806,-0.1398,-0.2325,14.77
2021-01-20 17:00:00,14.8079,15.795,16.782,15.5751,46.2621,15.795,-0.1166,-0.2068,14.7498
2021-01-20 16:00:00,14.8483,15.8048,16.7613,15.603,46.881,15.8048,-0.094,-0.1691,14.86
2021-01-20 15:00:00,14.8592,15.8071,16.755,15.6282,48.116,15.8071,-0.0752,-0.1296,15.075
2021-01-20 14:00:00,14.8729,15.8109,16.7489,15.647,49.6411,15.8109,-0.0616,-0.0993,15.33
2021-01-20 13:00:00,14.8697,15.8099,16.7501,15.6577,49.3314,15.8099,-0.0522,-0.085,15.28
2021-01-20 12:00:00,14.8908,15.8236,16.7563,15.6705,49.9965,15.8236,-0.044,-0.0605,15.39
2021-01-20 11:00:00,14.9069,15.8341,16.7613,15.68,50.6064,15.8341,-0.0399,-0.0396,15.49
2021-01-20 10:00:00,14.9188,15.8427,16.7666,15.6865,51.7232,15.8427,-0.04,-0.0225,15.67
2021-01-20 09:00:00,14.9248,15.8499,16.775,15.687,52.8706,15.8499,-0.0444,-0.0187,15.85
2021-01-20 08:00:00,14.9268,15.8541,16.7814,15.6815,52.8706,15.8541,-0.0508,-0.0318,15.85
2021-01-20 07:00:00,14.9285,15.8566,16.7846,15.6758,52.0128,15.8566,-0.0556,-0.0481,15.7
2021-01-20 05:00:00,14.9336,15.8612,16.7889,15.675,51.8981,15.8612,-0.0574,-0.053,15.68
2021-01-19 20:00:00,14.9388,15.8654,16.792,15.6748,51.4988,15.8654,-0.0585,-0.0564,15.61
2021-01-19 19:00:00,14.9462,15.8706,16.7949,15.677,51.6192,15.8706,-0.059,-0.0528,15.63
2021-01-19 18:00:00,14.9524,15.8746,16.7968,15.6786,51.4518,15.8746,-0.0606,-0.0495,15.6
2021-01-19 17:00:00,14.9524,15.8746,16.7968,15.6813,52.4632,15.8746,-0.0634,-0.0414,15.77
2021-01-19 16:00:00,14.9519,15.8742,16.7966,15.6783,51.9165,15.8742,-0.0689,-0.0479,15.67
2021-01-19 15:00:00,14.9562,15.8771,16.7979,15.6785,52.8124,15.8771,-0.0741,-0.0453,15.82
2021-01-19 14:00:00,14.9584,15.8794,16.8004,15.6737,53.2339,15.8794,-0.0813,-0.0565,15.89
2021-01-19 13:00:00,14.9575,15.8786,16.7996,15.6664,52.1061,15.8786,-0.0875,-0.0772,15.68
2021-01-19 12:00:00,14.9608,15.8807,16.8005,15.6659,51.6696,15.8807,-0.0901,-0.0811,15.6
2021-01-19 11:00:00,14.8949,15.8648,16.8347,15.6682,53.0364,15.8648,-0.0924,-0.0767,15.83
2021-01-19 10:00:00,14.8312,15.846,16.8607,15.6627,52.9299,15.846,-0.0963,-0.0934,15.81
2021-01-19 09:00:00,14.7525,15.8242,16.8958,15.6577,52.9299,15.8242,-0.097,-0.1113,15.81
2021-01-19 08:00:00,14.6706,15.801,16.9314,15.6525,52.3555,15.801,-0.0934,-0.1326,15.7
2021-01-19 06:00:00,14.5888,15.7785,16.9682,15.6509,52.3555,15.7785,-0.0836,-0.1466,15.7
2021-01-19 05:00:00,14.5077,15.7553,17.003,15.6493,51.3108,15.7553,-0.0679,-0.1624,15.5
2021-01-15 20:00:00,14.4517,15.7387,17.0256,15.6543,51.047,15.7387,-0.0443,-0.1598,15.45
2021-01-15 19:00:00,14.3903,15.721,17.0517,15.6613,50.7847,15.721,-0.0154,-0.1491,15.4
2021-01-15 18:00:00,14.3311,15.7038,17.0765,15.6701,50.7852,15.7038,0.0181,-0.1281,15.4001
2021-01-15 17:00:00,14.2853,15.6891,17.093,15.6793,50.7847,15.6891,0.0546,-0.0995,15.4
2021-01-15 16:00:00,14.2372,15.6736,17.1101,15.6887,51.3075,15.6736,0.0932,-0.0616,15.5
2021-01-15 15:00:00,14.1753,15.6536,17.132,15.6951,51.5684,15.6536,0.1319,-0.0224,15.55
2021-01-15 14:00:00,14.1371,15.6383,17.1395,15.7,51.8277,15.6383,0.1704,0.0228,15.6
2021-01-15 13:00:00,14.0804,15.6175,17.1545,15.7034,53.0341,15.6175,0.2073,0.0751,15.8301
2021-01-15 12:00:00,14.0317,15.595,17.1582,15.6991,52.514,15.595,0.2404,0.1173,15.72
2021-01-15 11:00:00,13.9979,15.5778,17.1577,15.6984,52.9592,15.5778,0.2711,0.1807,15.805
2021-01-15 10:00:00,13.9504,15.5552,17.16,15.6948,54.3178,15.5552,0.2937,0.2504,16.06
2021-01-15 09:00:00,13.9159,15.5317,17.1475,15.6825,55.8651,15.5317,0.3046,0.3097,16.34
2021-01-14 20:00:00,13.8987,15.5081,17.1174,15.6602,58.8686,15.5081,0.3033,0.3523,16.85
2021-01-14 19:00:00,13.8936,15.4741,17.0545,15.6198,58.6543,15.4741,0.2911,0.3497,16.8
2021-01-14 18:00:00,13.8895,15.4407,16.992,15.5798,58.5268,15.4407,0.2764,0.3464,16.77
2021-01-14 17:00:00,13.8875,15.4079,16.9283,15.5395,58.2313,15.4079,0.2589,0.3402,16.7
2021-01-14 16:00:00,13.8645,15.3693,16.8741,15.5001,58.0634,15.3693,0.2386,0.3344,16.66
2021-01-14 15:00:00,13.8431,15.3311,16.8191,15.4608,59.2341,15.3311,0.2146,0.3262,16.86
2021-01-14 14:00:00,13.8499,15.294,16.7381,15.4134,58.6604,15.294,0.1867,0.2907,16.72
2021-01-14 13:00:00,13.8545,15.2593,16.6641,15.3691,57.6558,15.2593,0.1607,0.2554,16.48
2021-01-14 12:00:00,13.8503,15.2282,16.606,15.3314,57.4154,15.2282,0.137,0.2311,16.4233
2021-01-14 11:00:00,13.8466,15.1978,16.549,15.2944,58.432,15.1978,0.1135,0.2024,16.6
2021-01-14 10:00:00,13.8611,15.1668,16.4724,15.2502,59.787,15.1668,0.0913,0.1449,16.83
2021-01-14 09:00:00,13.8928,15.1306,16.3684,15.1966,53.8898,15.1306,0.0779,0.046,15.54
2021-01-14 08:00:00,13.8667,15.1123,16.3579,15.185,54.1927,15.1123,0.0859,0.0504,15.59
2021-01-14 07:00:00,13.84,15.0924,16.3449,15.1712,54.1927,15.0924,0.0947,0.0502,15.59
2021-01-14 05:00:00,13.8167,15.0733,16.3298,15.1571,54.1927,15.0733,0.1059,0.0492,15.59
2021-01-13 20:00:00,13.797,15.0549,16.3129,15.1424,53.0896,15.0549,0.12,0.0472,15.37
2021-01-13 18:00:00,13.7725,15.0388,16.305,15.1347,53.609,15.0388,0.1382,0.0664,15.46
2021-01-13 17:00:00,13.7467,15.0203,16.2938,15.1236,53.955,15.0203,0.1561,0.0808,15.52
2021-01-13 16:00:00,13.727,15.0023,16.2776,15.1102,54.3574,15.0023,0.175,0.0919,15.59
2021-01-13 15:00:00,13.7087,14.9829,16.2572,15.0939,54.0202,14.9829,0.1957,0.0975,15.52
2021-01-13 14:00:00,13.6874,14.9636,16.2399,15.0795,54.6728,14.9636,0.2203,0.1104,15.635
2021-01-13 13:00:00,13.6764,14.9452,16.214,15.0607,53.248,14.9452,0.2478,0.1136,15.34
2021-01-13 12:00:00,13.6673,14.9339,16.2005,15.0512,51.521,14.9339,0.2813,0.146,15.0
2021-01-13 11:00:00,13.6538,14.9254,16.197,15.0529,53.227,14.9254,0.3151,0.2199,15.3
2021-01-13 10:00:00,13.6521,14.92,16.188,15.0445,53.0742,14.92,0.3389,0.2805,15.27
2021-01-13 09:00:00,13.6472,14.9122,16.1772,15.0369,58.2511,14.9122,0.3536,0.3568,16.1
2021-01-13 08:00:00,13.6516,14.8842,16.1168,15.0009,57.8615,14.8842,0.3528,0.3644,16.02
2021-01-13 07:00:00,13.6556,14.8575,16.0595,14.9663,57.8131,14.8575,0.3498,0.3771,16.01
2021-01-13 06:00:00,13.6614,14.8307,16.0,14.9309,58.4067,14.8307,0.343,0.3887,16.1
2021-01-13 05:00:00,13.6759,14.8024,15.9289,14.8913,58.4067,14.8024,0.3316,0.3888,16.1
2021-01-12 20:00:00,13.6884,14.7715,15.8547,14.8503,57.9428,14.7715,0.3173,0.3832,16.0
2021-01-12 19:00:00,13.7061,14.7449,15.7837,14.8114,57.8503,14.7449,0.3008,0.3806,15.98
2021-01-12 18:00:00,13.7214,14.7162,15.7111,14.7718,57.6213,14.7162,0.2809,0.3739,15.93
2021-01-12 17:00:00,13.7399,14.6889,15.6379,14.7325,57.5764,14.6889,0.2576,0.365,15.9201
2021-01-12 16:00:00,13.768,14.6637,15.5594,14.6922,57.3517,14.6637,0.2308,0.3493,15.87
2021-01-12 15:00:00,13.8061,14.6479,15.4897,14.6523,56.1197,14.6479,0.2012,0.3292,15.6
2021-01-12 14:00:00,13.8279,14.6324,15.4369,14.6202,57.0195,14.6324,0.1692,0.3264,15.75
2021-01-12 13:00:00,13.8628,14.6129,15.363,14.5819,57.5641,14.6129,0.1299,0.3027,15.84
2021-01-12 12:00:00,13.9146,14.5937,15.2728,14.5392,58.294,14.5937,0.0867,0.259,15.96
2021-01-12 11:00:00,13.9683,14.5619,15.1555,14.4911,57.7674,14.5619,0.0436,0.1871,15.84
2021-01-12 10:00:00,14.0497,14.5422,15.0347,14.4453,57.6157,14.5422,0.0077,0.1049,15.8054
2021-01-12 09:00:00,14.1542,14.524,14.8937,14.3992,51.9467,14.524,-0.0166,0.0019,14.65
2021-01-12 08:00:00,14.1529,14.5213,14.8897,14.3907,52.2441,14.5213,-0.0212,-0.0118,14.7
2021-01-11 20:00:00,14.1535,14.5195,14.8854,14.3803,51.1441,14.5195,-0.0235,-0.0344,14.5
2021-01-11 19:00:00,14.151,14.518,14.8849,14.3762,50.6974,14.518,-0.0208,-0.0422,14.42
2021-01-11 18:00:00,14.1527,14.519,14.8852,14.3747,50.3065,14.519,-0.0155,-0.0435,14.35
2021-01-11 17:00:00,14.1566,14.5206,14.8847,14.3756,50.0841,14.5206,-0.0084,-0.0374,14.31
2021-01-11 16:00:00,14.1623,14.5228,14.8833,14.3778,51.1533,14.5228,-0.0012,-0.0249,14.5
2021-01-11 15:00:00,14.1623,14.5228,14.8833,14.3736,50.5523,14.5228,0.0047,-0.028,14.39
2021-01-11 14:00:00,14.1571,14.5321,14.9071,14.3731,50.4433,14.5321,0.0129,-0.0204,14.37
2021-01-11 13:00:00,14.1618,14.5345,14.9071,14.3732,51.2771,14.5345,0.0212,-0.0083,14.52
2021-01-11 12:00:00,14.1586,14.5326,14.9066,14.3682,51.0117,14.5326,0.0286,-0.008,14.47
2021-01-11 11:00:00,14.1467,14.5286,14.9104,14.3648,50.103,14.5286,0.0377,-0.0024,14.3
2021-01-11 10:00:00,14.1092,14.5216,14.934,14.367,51.9403,14.5216,0.0477,0.022,14.6297
2021-01-11 09:00:00,13.9544,14.4967,15.0391,14.358,50.4243,14.4967,0.0542,0.0193,14.3501
2021-01-11 08:00:00,13.8572,14.4792,15.1013,14.3583,51.1616,14.4792,0.0629,0.0441,14.48
2021-01-11 07:00:00,13.7187,14.4537,15.1887,14.3542,52.3791,14.4537,0.0676,0.0619,14.69
2021-01-11 05:00:00,13.6285,14.4287,15.229,14.3428,51.0705,14.4287,0.069,0.0622,14.45
2021-01-08 20:00:00,13.5458,14.4076,15.2693,14.3392,52.247,14.4076,0.0707,0.0862,14.65
2021-01-08 19:00:00,13.4725,14.3837,15.295,14.3286,53.8952,14.3837,0.0668,0.0952,14.92
2021-01-08 18:00:00,13.4047,14.3549,15.3051,14.3086,53.305,14.3549,0.0597,0.0779,14.81
2021-01-08 17:00:00,13.3599,14.3318,15.3038,14.2916,53.2516,14.3318,0.0551,0.0658,14.8
2021-01-08 16:00:00,13.3164,14.3087,15.3009,14.2744,53.2516,14.3087,0.0524,0.0504,14.8
2021-01-08 15:00:00,13.2476,14.28,15.3124,14.2565,50.9918,14.28,0.053,0.03,14.3837
2021-01-08 14:00:00,13.1843,14.2588,15.3333,14.2522,50.9094,14.2588,0.0587,0.0459,14.369
2021-01-08 13:00:00,13.1101,14.2351,15.3601,14.2483,52.4648,14.2351,0.0619,0.0671,14.6326
2021-01-08 12:00:00,13.0698,14.2134,15.357,14.2352,52.509,14.2134,0.0606,0.0663,14.64
2021-01-08 11:00:00,13.0378,14.1932,15.3487,14.2215,52.3492,14.1932,0.0592,0.0636,14.6101
2021-01-08 10:00:00,13.0022,14.1722,15.3423,14.2084,52.298,14.1722,0.0581,0.0622,14.6004
2021-01-08 09:00:00,12.9819,14.1556,15.3293,14.1951,53.1057,14.1556,0.057,0.0606,14.74
2021-01-08 08:00:00,12.9644,14.1366,15.3087,14.1766,52.694,14.1366,0.0561,0.0434,14.66
2021-01-08 07:00:00,12.9213,14.1116,15.3018,14.1602,51.5437,14.1116,0.0593,0.029,14.44
2021-01-08 06:00:00,12.8838,14.0916,15.2993,14.1507,51.3321,14.0916,0.0669,0.0325,14.4
2021-01-08 05:00:00,12.8497,14.0727,15.2958,14.1423,51.5534,14.0727,0.0754,0.0407,14.44
2021-01-07 20:00:00,12.8176,14.0534,15.2892,14.1322,51.8282,14.0534,0.0841,0.0464,14.49
2021-01-07 19:00:00,12.7773,14.0306,15.2838,14.12,51.3695,14.0306,0.0936,0.0479,14.4
2021-01-07 18:00:00,12.7433,14.0106,15.2778,14.1106,51.1152,14.0106,0.105,0.0584,14.35
2021-01-07 17:00:00,12.707,13.9904,15.2738,14.1024,51.5927,13.9904,0.1166,0.0759,14.44
2021-01-07 16:00:00,12.678,13.9703,15.2626,14.091,51.5432,13.9703,0.1268,0.0881,14.43
2021-01-07 15:00:00,12.6565,13.9525,15.2485,14.0795,51.2,13.9525,0.1365,0.1033,14.36
2021-01-07 14:00:00,12.6407,13.9378,15.2349,14.07,52.0809,13.9378,0.1448,0.1284,14.53
2021-01-07 13:00:00,12.6222,13.9183,15.2144,14.0544,52.7816,13.9183,0.1489,0.1412,14.6634
2021-01-07 12:00:00,12.6117,13.8982,15.1848,14.0338,51.9472,13.8982,0.1508,0.142,14.4883
2021-01-07 11:00:00,12.5979,13.8806,15.1633,14.0184,54.6121,13.8806,0.153,0.1587,14.98
2021-01-07 10:00:00,12.6042,13.8569,15.1097,13.9858,53.7582,13.8569,0.1516,0.1276,14.8
2021-01-07 09:00:00,12.6069,13.8369,15.067,13.9582,51.8786,13.8369,0.1576,0.1044,14.42
2021-01-07 08:00:00,12.6018,13.8236,15.0454,13.9425,51.8786,13.8236,0.1709,0.112,14.42
2021-01-07 07:00:00,12.5968,13.8099,15.023,13.9263,51.7789,13.8099,0.1857,0.1201,14.4
2021-01-06 20:00:00,12.5927,13.7969,15.0011,13.9103,51.7789,13.7969,0.202,0.1307,14.4
2021-01-06 19:00:00,12.5871,13.7827,14.9782,13.8937,51.043,13.7827,0.2199,0.1423,14.25
2021-01-06 18:00:00,12.58,13.7708,14.9617,13.8816,51.8206,13.7708,0.2393,0.1704,14.4
2021-01-06 17:00:00,12.5733,13.7553,14.9372,13.864,51.1374,13.7553,0.2565,0.1884,14.26
2021-01-06 16:00:00,12.5729,13.7476,14.9223,13.8506,51.2907,13.7476,0.2735,0.2229,14.29
2021-01-06 15:00:00,12.5624,13.7323,14.9022,13.8357,51.9025,13.7323,0.2861,0.2607,14.41
2021-01-06 14:00:00,12.5365,13.7085,14.8805,13.8162,54.626,13.7085,0.2925,0.2929,14.92
2021-01-06 13:00:00,12.5282,13.6748,14.8214,13.7788,53.4486,13.6748,0.2924,0.2779,14.67
2021-01-06 12:00:00,12.5146,13.6462,14.7777,13.7486,53.017,13.6462,0.296,0.28,14.58
2021-01-06 11:00:00,12.5024,13.6197,14.7369,13.7204,53.6144,13.6197,0.3,0.2879,14.69
2021-01-06 10:00:00,12.5022,13.5927,14.6831,13.6875,50.4179,13.5927,0.303,0.2825,14.05
2021-01-06 09:00:00,12.4755,13.5735,14.6715,13.6752,53.899,13.5735,0.3081,0.3368,14.66
2021-01-06 08:00:00,12.4762,13.5461,14.616,13.6419,54.2006,13.5461,0.301,0.339,14.71
2021-01-06 07:00:00,12.4814,13.5172,14.5529,13.6057,53.0642,13.5172,0.2915,0.3318,14.49
2021-01-05 20:00:00,12.4773,13.4915,14.5056,13.5757,53.6593,13.4915,0.2814,0.3401,14.59
2021-01-05 19:00:00,12.4735,13.4617,14.4498,13.5413,52.7208,13.4617,0.2667,0.3357,14.41
2021-01-05 18:00:00,12.4706,13.4368,14.403,13.5118,53.1323,13.4368,0.2494,0.3434,14.48
2021-01-05 17:00:00,12.4839,13.4142,14.3445,13.479,52.9766,13.4142,0.2259,0.3412,14.4498
2021-01-05 16:00:00,12.5077,13.3984,14.2891,13.4461,52.9267,13.3984,0.1971,0.3365,14.44
2021-01-05 15:00:00,12.5338,13.3859,14.238,13.4124,53.267,13.3859,0.1623,0.3266,14.5
