date,Middle BBand,Lower BBand,Upper BBand,EMA,RSI,SMA,MACD Signal,MACD,Closing Price
2021-02-22 20:00:00,169.6467,157.7489,181.5445,167.7111,33.4555,169.6467,-2.7221,-3.5524,160.35
2021-02-22 19:00:00,169.935,158.5439,181.3261,168.2188,33.8147,169.935,-2.5145,-3.5158,160.7
2021-02-22 18:00:00,170.2367,159.3727,181.1007,168.7373,33.3203,170.2367,-2.2641,-3.4537,160.45
2021-02-22 17:00:00,170.5714,160.3334,180.8093,169.3088,31.7431,170.5714,-1.9667,-3.2987,159.65
2021-02-22 16:00:00,170.9164,161.51,180.3227,169.975,30.9936,170.9164,-1.6337,-2.9714,159.27
2021-02-22 15:00:00,171.2867,162.927,179.6464,170.7132,35.935,171.2867,-1.2993,-2.4718,164.1929
2021-02-22 14:00:00,171.4659,163.501,179.4308,171.1629,34.8273,171.4659,-1.0062,-2.2993,163.65
2021-02-22 13:00:00,171.7359,164.3188,179.1531,171.6811,34.7268,171.7359,-0.6829,-1.9905,163.6
2021-02-22 12:00:00,171.9816,165.1974,178.7658,172.2384,34.7994,171.9816,-0.356,-1.5623,163.67
2021-02-22 11:00:00,172.2259,166.1676,178.2843,172.8293,35.6685,172.2259,-0.0545,-1.0001,164.5139
2021-02-22 10:00:00,172.4528,167.0977,177.8079,173.4028,37.6856,172.4528,0.1819,-0.354,166.385
2021-02-22 09:00:00,172.644,167.7822,177.5057,173.8867,46.6296,172.644,0.3159,0.2854,172.95
2021-02-22 08:00:00,172.659,167.7908,177.5272,173.9514,48.0571,172.659,0.3235,0.4288,173.8
2021-02-22 07:00:00,172.653,167.79,177.516,173.9618,48.3941,172.653,0.2972,0.5191,174.0
2021-02-22 06:00:00,172.687,167.7728,177.6011,173.9592,51.2054,172.687,0.2417,0.6065,175.62
2021-02-19 20:00:00,172.6163,167.8131,177.4195,173.8446,49.8137,172.6163,0.1506,0.5442,174.82
2021-02-19 19:00:00,172.589,167.8271,177.3508,173.7773,50.4571,172.589,0.0522,0.5382,175.19
2021-02-19 18:00:00,172.6156,167.7873,177.4439,173.6799,50.8173,172.6156,-0.0694,0.4851,175.4
2021-02-19 17:00:00,172.605,167.8,177.41,173.5613,50.5737,172.605,-0.208,0.3889,175.25
2021-02-19 16:00:00,172.6166,167.7844,177.4489,173.4448,49.3781,172.6166,-0.3572,0.2758,174.51
2021-02-19 15:00:00,172.6596,167.7386,177.5807,173.3714,49.5189,172.6596,-0.5155,0.2026,174.6
2021-02-19 14:00:00,172.7313,167.6397,177.8229,173.2866,48.9402,172.7313,-0.695,0.0972,174.23
2021-02-19 13:00:00,172.696,167.6318,177.7601,173.2216,48.4288,172.696,-0.893,-0.0011,173.8989
2021-02-19 12:00:00,172.704,167.6314,177.7766,173.1749,53.6379,172.704,-1.116,-0.0929,177.22
2021-02-19 11:00:00,172.6088,167.7774,177.4403,172.8959,53.0946,172.6088,-1.3718,-0.5468,176.85
2021-02-19 10:00:00,172.5145,167.9129,177.1161,172.6232,48.1929,172.5145,-1.578,-1.0806,173.76
2021-02-19 09:00:00,172.5632,167.8797,177.2466,172.5448,44.1388,172.5632,-1.7024,-1.4315,171.54
2021-02-19 08:00:00,172.7578,167.7843,177.7314,172.6141,44.1197,172.7578,-1.7701,-1.6325,171.53
2021-02-19 07:00:00,172.9235,167.7958,178.0511,172.6889,40.721,172.9235,-1.8045,-1.8644,169.79
2021-02-19 06:00:00,173.2072,167.8671,178.5472,172.8888,36.9275,173.2072,-1.7896,-1.956,168.01
2021-02-19 05:00:00,173.4935,168.3826,178.6044,173.2253,38.2433,173.4935,-1.748,-1.8633,169.0
2021-02-18 20:00:00,173.6862,168.8383,178.534,173.5166,39.268,173.6862,-1.7191,-1.8186,169.75
2021-02-18 19:00:00,173.8778,169.2165,178.5391,173.7764,40.2978,173.8778,-1.6943,-1.8115,170.49
2021-02-18 18:00:00,174.1348,169.3994,178.8702,174.0031,39.2785,174.1348,-1.6649,-1.8515,170.0
2021-02-18 17:00:00,174.4082,169.7125,179.1038,174.2791,39.7877,174.4082,-1.6183,-1.8256,170.38
2021-02-18 16:00:00,174.6822,169.9994,179.3649,174.548,38.1351,174.6822,-1.5665,-1.8048,169.57
2021-02-18 15:00:00,174.9795,170.5048,179.4542,174.8914,41.0676,174.9795,-1.5069,-1.6694,171.75
2021-02-18 14:00:00,175.2077,170.7169,179.6984,175.108,39.4574,175.2077,-1.4663,-1.6944,170.97
2021-02-18 13:00:00,175.4733,171.0747,179.8719,175.3934,39.4975,175.4733,-1.4093,-1.6222,171.0
2021-02-18 12:00:00,175.6883,171.5633,179.8133,175.6964,39.916,175.6883,-1.3561,-1.5094,171.32
2021-02-18 11:00:00,175.914,172.0362,179.7917,175.9982,40.9651,175.914,-1.3177,-1.3762,172.12
2021-02-18 10:00:00,176.0557,172.4411,179.6702,176.2657,42.7009,176.0557,-1.3031,-1.2676,173.4
2021-02-18 09:00:00,176.2623,172.5706,179.9541,176.4633,43.0036,176.2623,-1.312,-1.2408,173.62
2021-02-18 08:00:00,176.482,172.6632,180.3007,176.6594,44.9647,176.482,-1.3298,-1.211,175.02
2021-02-18 07:00:00,176.743,172.3348,181.1512,176.7724,42.1983,176.743,-1.3595,-1.2979,173.5
2021-02-18 06:00:00,177.0597,172.2796,181.8397,176.9981,42.8837,177.0597,-1.3749,-1.2351,174.0
2021-02-17 20:00:00,177.3263,172.3694,182.2832,177.2049,45.7423,177.3263,-1.4098,-1.188,175.99
2021-02-17 19:00:00,177.5267,172.3224,182.7309,177.2887,44.095,177.5267,-1.4653,-1.3132,175.08
2021-02-17 18:00:00,177.7587,172.3933,183.124,177.441,44.8471,177.7587,-1.5033,-1.3612,175.6
2021-02-17 17:00:00,177.999,172.4011,183.5969,177.568,45.1333,177.999,-1.5389,-1.4556,175.8
2021-02-17 16:00:00,178.2523,172.3936,184.1111,177.6899,46.4959,178.2523,-1.5597,-1.5753,176.75
2021-02-17 15:00:00,178.474,172.3617,184.5863,177.7547,39.8848,178.474,-1.5558,-1.8019,173.17
2021-02-17 14:00:00,178.8227,172.7673,184.8781,178.0709,41.2187,178.8227,-1.4943,-1.7004,174.14
2021-02-17 13:00:00,179.145,173.0915,185.1985,178.342,41.5302,179.145,-1.4427,-1.6449,174.365
2021-02-17 12:00:00,179.4495,173.4698,185.4292,178.6163,40.8679,179.4495,-1.3921,-1.5731,174.02
2021-02-17 11:00:00,179.7535,173.9853,185.5217,178.9333,42.486,179.7535,-1.3469,-1.4233,175.22
2021-02-17 10:00:00,179.9803,174.4113,185.5494,179.1893,45.6287,179.9803,-1.3278,-1.3337,177.3796
2021-02-17 09:00:00,180.0832,174.5967,185.5696,179.3141,43.9977,180.0832,-1.3263,-1.4198,176.5
2021-02-17 08:00:00,180.2092,174.8865,185.5319,179.5082,46.7733,180.2092,-1.303,-1.4195,178.3
2021-02-17 07:00:00,180.3352,175.0203,185.6501,179.5916,43.5204,180.3352,-1.2738,-1.5817,176.6
2021-02-17 06:00:00,180.6385,175.1743,186.1027,179.7979,39.7071,180.6385,-1.1969,-1.5926,174.78
2021-02-17 05:00:00,181.0115,175.6716,186.3514,180.1439,40.7594,181.0115,-1.0979,-1.3981,175.5
2021-02-16 20:00:00,181.2958,176.2604,186.3313,180.4642,45.0917,181.2958,-1.0229,-1.2028,178.2
2021-02-16 19:00:00,181.5085,176.4751,186.5419,180.6204,45.0917,181.5085,-0.9779,-1.2109,178.2
2021-02-16 18:00:00,181.7262,176.7192,186.7332,180.7873,45.7651,181.7262,-0.9197,-1.2037,178.6
2021-02-16 17:00:00,181.9678,176.8884,187.0473,180.9381,45.549,181.9678,-0.8487,-1.2176,178.49
2021-02-16 16:00:00,182.2118,177.1208,187.3028,181.107,45.7171,182.2118,-0.7565,-1.2066,178.595
2021-02-16 15:00:00,182.4547,177.382,187.5274,181.2802,46.2595,182.4547,-0.6439,-1.1856,178.94
2021-02-16 14:00:00,182.656,177.6787,187.6333,181.4416,43.459,182.656,-0.5085,-1.1767,177.45
2021-02-16 13:00:00,182.8557,178.2641,187.4472,181.7169,44.4202,182.8557,-0.3415,-0.9965,178.09
2021-02-16 12:00:00,183.0195,178.7828,187.2562,181.967,41.0323,183.0195,-0.1777,-0.8172,176.37
2021-02-16 11:00:00,183.2206,179.7646,186.6765,182.353,46.1375,183.2206,-0.0178,-0.4013,179.6
2021-02-16 10:00:00,183.2729,179.9949,186.5509,182.5429,47.2098,183.2729,0.078,-0.1936,180.21
2021-02-16 09:00:00,183.3602,180.2796,186.4408,182.7037,52.2947,183.3602,0.1459,0.0124,182.85
2021-02-16 08:00:00,183.3167,180.1723,186.4611,182.6937,52.6059,183.3167,0.1793,0.0062,183.0
2021-02-16 07:00:00,183.1962,179.7499,186.6425,182.6725,50.7158,183.1962,0.2226,-0.0171,182.0
2021-02-16 06:00:00,183.1076,179.4147,186.8005,182.7189,50.7158,183.1076,0.2825,0.0553,182.0
2021-02-16 05:00:00,183.0242,179.1279,186.9206,182.7685,50.7916,183.0242,0.3393,0.147,182.04
2021-02-12 20:00:00,182.9562,178.9247,186.9878,182.8187,52.2429,182.9562,0.3874,0.2577,182.81
2021-02-12 19:00:00,182.8722,178.7286,187.0159,182.8193,53.3726,182.8722,0.4198,0.3168,183.4001
2021-02-12 18:00:00,182.6789,178.1303,187.2275,182.7793,53.3725,182.6789,0.4455,0.3277,183.4
2021-02-12 17:00:00,182.4772,177.5534,187.401,182.7365,53.7962,182.4772,0.475,0.3367,183.63
2021-02-12 16:00:00,182.3346,177.3057,187.3634,182.6748,54.1212,182.3346,0.5095,0.32,183.81
2021-02-12 15:00:00,182.1742,177.0382,187.3102,182.5966,53.655,182.1742,0.5569,0.2756,183.5
2021-02-12 14:00:00,182.0356,176.8261,187.245,182.5343,53.1203,182.0356,0.6272,0.2466,183.14
2021-02-12 13:00:00,181.9037,176.6131,187.1943,182.4925,51.4428,181.9037,0.7224,0.2426,182.025
2021-02-12 12:00:00,181.8514,176.5356,187.1671,182.5247,48.9734,181.8514,0.8424,0.3474,180.465
2021-02-12 11:00:00,181.8801,176.5854,187.1748,182.6668,48.6742,181.8801,0.9661,0.6351,180.28
2021-02-12 10:00:00,181.9329,176.6716,187.1943,182.8314,51.5155,181.9329,1.0489,1.0118,182.08
2021-02-12 09:00:00,181.8571,176.5411,187.1731,182.8832,58.11,181.8571,1.0581,1.2946,185.7
2021-02-12 08:00:00,181.7653,176.6258,186.9048,182.6889,58.6513,181.7653,0.999,1.2682,185.97
2021-02-12 07:00:00,181.6229,176.7263,186.5195,182.4627,55.7909,181.6229,0.9317,1.1886,184.03
2021-02-12 06:00:00,181.5136,176.691,186.3363,182.3546,56.8691,181.5136,0.8675,1.2672,184.58
2021-02-12 05:00:00,181.4273,176.7364,186.1182,182.2011,57.1603,181.4273,0.7675,1.2931,184.73
2021-02-11 20:00:00,181.3363,176.8019,185.8707,182.0267,59.3541,181.3363,0.6362,1.292,185.85
2021-02-11 19:00:00,181.2319,176.9827,185.4812,181.763,59.3002,181.2319,0.4722,1.1578,185.81
2021-02-11 18:00:00,181.0713,177.1769,184.9657,181.4839,59.4336,181.0713,0.3008,0.9738,185.88
2021-02-11 17:00:00,180.9026,177.4417,184.3635,181.1807,58.2668,180.9026,0.1325,0.7177,184.98
2021-02-11 16:00:00,180.7483,177.6328,183.8638,180.9187,56.1821,180.7483,-0.0137,0.4719,183.44
2021-02-11 15:00:00,180.6136,177.6286,183.5986,180.7448,55.5776,180.6136,-0.1351,0.3082,183.006
2021-02-11 14:00:00,180.4941,177.6166,183.3716,180.5889,54.736,180.4941,-0.246,0.1389,182.4009
2021-02-11 13:00:00,180.384,177.5546,183.2135,180.4639,52.9845,180.384,-0.3422,-0.0176,181.17
2021-02-11 12:00:00,180.2763,177.3309,183.2217,180.4152,55.7994,180.2763,-0.4234,-0.0917,182.83
2021-02-11 11:00:00,180.192,177.4032,182.9807,180.2487,53.9694,180.192,-0.5063,-0.354,181.545
2021-02-11 10:00:00,180.1688,177.414,182.9236,180.1593,50.6496,180.1688,-0.5443,-0.5528,179.385
2021-02-11 09:00:00,180.268,177.4206,183.1154,180.2127,50.5778,180.268,-0.5422,-0.5786,179.34
2021-02-11 08:00:00,180.3233,177.4857,183.1609,180.2728,50.8319,180.3233,-0.5331,-0.5985,179.5
2021-02-11 07:00:00,180.5933,176.7553,184.4313,180.3261,51.6154,180.5933,-0.5167,-0.6315,180.0
2021-02-11 05:00:00,180.8426,176.2865,185.3987,180.3486,52.0653,180.8426,-0.488,-0.7154,180.29
2021-02-10 20:00:00,181.0463,176.0795,186.0131,180.3527,48.0011,181.0463,-0.4312,-0.8415,177.6
2021-02-10 19:00:00,181.3626,176.1133,186.612,180.5425,47.602,181.3626,-0.3286,-0.7164,177.35
2021-02-10 18:00:00,181.688,176.2667,187.1092,180.7627,50.6058,181.688,-0.2317,-0.5208,179.35
2021-02-10 17:00:00,181.893,176.3766,187.4093,180.8601,50.073,181.893,-0.1594,-0.4672,179.0001
2021-02-10 16:00:00,182.1256,176.5287,187.7225,180.9884,50.5854,182.1256,-0.0825,-0.3564,179.34
2021-02-10 15:00:00,182.341,176.6925,187.9894,181.1021,50.3603,182.341,-0.014,-0.2444,179.1842
2021-02-10 14:00:00,182.5555,176.914,188.197,181.2343,52.2363,182.5555,0.0436,-0.082,180.455
2021-02-10 13:00:00,182.7393,177.0247,188.454,181.2881,53.5597,182.7393,0.075,-0.003,181.327
2021-02-10 12:00:00,182.8278,177.1212,188.5345,181.2854,54.3814,182.8278,0.0945,0.0092,181.865
2021-02-10 11:00:00,182.9643,177.1612,188.7674,181.2454,51.635,182.9643,0.1159,-0.0302,179.805
2021-02-10 10:00:00,183.2178,177.3252,189.1105,181.3448,56.6613,183.2178,0.1524,0.1297,182.945
2021-02-10 09:00:00,183.3066,177.3531,189.2602,181.2344,54.9817,183.3066,0.1581,0.0122,181.7
2021-02-10 08:00:00,183.4203,177.4636,189.377,181.2023,53.6569,183.4203,0.1945,-0.0112,180.75
2021-02-10 07:00:00,183.5563,177.6637,189.4489,181.2335,55.7261,183.5563,0.246,0.0558,181.99
2021-02-10 06:00:00,183.42,177.2081,189.6318,181.1813,55.7428,183.42,0.2935,0.0143,182.0
2021-02-10 05:00:00,183.2783,176.7572,189.7994,181.1249,56.9345,183.2783,0.3633,-0.0399,182.72
2021-02-09 20:00:00,183.0516,176.0163,190.087,181.0149,54.6844,183.0516,0.4641,-0.1818,180.99
2021-02-09 19:00:00,182.8853,175.4389,190.3317,181.0166,54.4584,182.8853,0.6255,-0.1841,180.82
2021-02-09 18:00:00,182.7326,174.9432,190.5221,181.0301,53.8431,182.7326,0.8279,-0.1671,180.35
2021-02-09 17:00:00,182.561,174.3533,190.7686,181.077,52.5916,182.561,1.0767,-0.0951,179.4
2021-02-09 16:00:00,182.4213,173.8679,190.9747,181.1927,52.6207,182.4213,1.3696,0.0949,179.42
2021-02-09 15:00:00,182.274,173.3736,191.1743,181.3149,52.2126,182.274,1.6883,0.334,179.1
2021-02-09 14:00:00,182.1453,172.9582,191.3324,181.4677,50.7221,182.1453,2.0269,0.6669,177.9374
2021-02-09 13:00:00,182.0884,172.7774,191.3994,181.7112,54.0328,182.0884,2.3669,1.2005,180.3
2021-02-09 12:00:00,181.9274,172.3354,191.5193,181.8085,54.8383,181.9274,2.6584,1.6236,180.85
2021-02-09 11:00:00,181.7866,172.0131,191.56,181.8746,57.0972,181.7866,2.9172,2.0839,182.36
2021-02-09 10:00:00,181.6006,171.6668,191.5343,181.8411,55.5013,181.6006,3.1255,2.4874,181.0
2021-02-09 09:00:00,181.4106,171.2233,191.5978,181.8991,67.2336,181.4106,3.285,3.1047,187.6
2021-02-09 08:00:00,180.9732,170.7599,191.1865,181.506,67.1114,180.9732,3.3301,3.1754,187.48
2021-02-09 07:00:00,180.5319,170.3373,190.7266,181.094,66.0086,180.5319,3.3687,3.2317,186.4
2021-02-09 06:00:00,180.0286,169.5553,190.5019,180.728,67.4045,180.0286,3.403,3.3666,187.09
2021-02-09 05:00:00,179.4956,168.8873,190.1038,180.2893,67.4445,179.4956,3.4121,3.4194,187.11
2021-02-08 20:00:00,178.9619,168.3288,189.595,179.8189,65.8699,178.9619,3.4103,3.4351,185.5
2021-02-08 19:00:00,178.4786,167.7603,189.1969,179.4271,66.801,178.4786,3.404,3.5692,185.98
2021-02-08 18:00:00,178.0006,167.3846,188.6166,178.9752,66.63,178.0006,3.3628,3.6394,185.8
2021-02-08 17:00:00,177.5373,167.1117,187.9628,178.5045,66.463,177.5373,3.2936,3.6945,185.62
2021-02-08 16:00:00,177.1149,167.0117,187.2181,178.0137,67.0941,177.1149,3.1934,3.7293,185.97
2021-02-08 15:00:00,176.6826,167.0322,186.3329,177.465,65.2844,176.6826,3.0594,3.684,183.9822
2021-02-08 14:00:00,176.3148,166.9692,185.6605,177.0156,68.9305,176.3148,2.9033,3.7749,185.96
2021-02-08 13:00:00,175.8922,167.2059,184.5784,176.3987,71.7712,175.8922,2.6854,3.6346,187.41
2021-02-08 12:00:00,175.3798,167.7188,183.0409,175.6393,70.3022,175.3798,2.448,3.2551,185.6096
2021-02-08 11:00:00,174.9155,168.1552,181.6758,174.9517,69.8818,174.9155,2.2463,2.9066,185.11
2021-02-08 10:00:00,174.4952,168.8458,180.1446,174.2512,69.649,174.4952,2.0812,2.4705,184.83
2021-02-08 09:00:00,174.095,169.923,178.2671,173.5216,62.7635,174.095,1.9839,1.9064,177.9
2021-02-08 08:00:00,173.7774,169.368,178.1867,173.2196,62.5859,173.7774,2.0033,1.8642,177.75
2021-02-08 07:00:00,173.4334,168.7178,178.1489,172.9072,60.356,173.4334,2.038,1.7986,175.92
2021-02-08 06:00:00,173.1194,167.8823,178.3565,172.6994,60.5084,173.1194,2.0979,1.8749,176.0
2021-02-08 05:00:00,172.8064,167.1869,178.4258,172.4718,60.9547,172.8064,2.1536,1.937,176.24
2021-02-05 20:00:00,172.4487,166.3995,178.4979,172.2119,59.7098,172.4487,2.2078,1.9636,175.2
2021-02-05 19:00:00,172.1587,165.8369,178.4805,172.0058,59.7275,172.1587,2.2688,2.0749,175.21
2021-02-05 18:00:00,171.8964,165.4508,178.3419,171.7848,59.4837,171.8964,2.3173,2.1857,175.0
2021-02-05 17:00:00,171.5897,164.8934,178.286,171.5631,59.8842,171.5897,2.3502,2.3168,175.24
2021-02-05 16:00:00,171.277,164.4178,178.1363,171.3095,61.5365,171.277,2.3585,2.426,176.23
2021-02-05 15:00:00,170.926,164.0389,177.8132,170.9702,60.7325,170.926,2.3417,2.4292,175.47
2021-02-05 14:00:00,170.6274,163.7773,177.4774,170.6598,62.6566,170.6274,2.3198,2.4754,176.625
2021-02-05 13:00:00,170.2685,163.587,176.95,170.2485,62.9151,170.2685,2.2809,2.3808,176.78
2021-02-05 12:00:00,169.9402,163.6123,176.2682,169.798,61.4466,169.9402,2.2559,2.2096,175.3
2021-02-05 11:00:00,169.6202,163.4396,175.8009,169.4186,60.6112,169.6202,2.2675,2.1096,174.48
2021-02-05 10:00:00,169.2792,163.0798,175.4786,169.0695,60.3691,169.2792,2.307,2.0348,174.2408
2021-02-05 09:00:00,168.8737,162.4387,175.3088,168.7128,57.2453,168.8737,2.3751,1.934,171.3
2021-02-05 08:00:00,168.5579,161.7131,175.4027,168.5344,57.0226,168.5579,2.4853,2.0768,171.1
2021-02-05 07:00:00,168.279,161.1936,175.3644,168.3575,57.0226,168.279,2.5875,2.2491,171.1
2021-02-05 06:00:00,167.8223,159.8168,175.8278,168.1683,56.9178,167.8223,2.6721,2.4363,171.0
2021-02-05 05:00:00,167.3556,158.553,176.1583,167.9731,57.79,167.3556,2.731,2.6501,171.64
2021-02-04 20:00:00,166.8043,157.1167,176.4919,167.7202,58.1399,166.8043,2.7513,2.8192,171.9
2021-02-04 19:00:00,166.2676,156.0021,176.5332,167.4319,59.5473,166.2676,2.7343,2.9675,172.95
2021-02-04 18:00:00,165.723,155.2026,176.2433,167.0513,59.6137,165.723,2.676,3.0068,173.0
2021-02-04 17:00:00,165.1996,154.6175,175.7817,166.6411,59.5701,165.1996,2.5933,3.0081,172.95
2021-02-04 16:00:00,164.6663,154.0876,175.245,166.206,59.9833,164.6663,2.4896,2.971,173.28
2021-02-04 15:00:00,164.109,153.6431,174.5748,165.7181,58.9492,164.109,2.3693,2.847,172.04
2021-02-04 14:00:00,163.631,153.3494,173.9125,165.2821,58.6493,163.631,2.2498,2.7735,171.68
2021-02-04 13:00:00,163.1956,153.2126,173.1787,164.8409,59.6081,163.1956,2.1189,2.676,172.5
2021-02-04 12:00:00,162.6836,153.0941,172.2732,164.3127,59.9838,162.6836,1.9797,2.4292,172.825
2021-02-04 11:00:00,162.0741,152.8219,171.3264,163.7256,56.337,162.0741,1.8673,2.0457,168.37
2021-02-04 10:00:00,161.5468,151.9917,171.102,163.4053,55.5101,161.5468,1.8227,1.98,167.43
2021-02-04 09:00:00,161.0941,151.4109,170.7774,163.1278,54.6893,161.0941,1.7834,1.9631,166.5
2021-02-04 08:00:00,160.4816,149.9558,171.0075,162.8952,54.8049,160.4816,1.7385,2.0078,166.61
2021-02-04 07:00:00,159.864,148.694,171.0339,162.639,53.8622,159.864,1.6711,2.0243,165.51
2021-02-04 06:00:00,159.6413,148.6658,170.6168,162.441,54.8577,159.6413,1.5828,2.1279,166.5
2021-02-04 05:00:00,159.441,148.758,170.1239,162.1611,55.7021,159.441,1.4466,2.1285,167.34
2021-02-03 20:00:00,159.1813,148.9082,169.4545,161.8039,54.4597,159.1813,1.2761,2.0127,165.7999
2021-02-03 19:00:00,158.9873,149.0058,168.9689,161.5283,54.5174,158.9873,1.0919,1.9925,165.86
2021-02-03 18:00:00,158.8253,149.1419,168.5087,161.2296,54.3931,158.8253,0.8668,1.9315,165.7
2021-02-03 17:00:00,158.6036,149.2614,167.9459,160.9213,55.1305,158.6036,0.6006,1.8419,166.51
2021-02-03 16:00:00,158.3476,149.4771,167.2182,160.5359,54.6536,158.3476,0.2903,1.6183,165.86
2021-02-03 15:00:00,158.1073,149.6845,166.5301,160.1687,55.5951,158.1073,-0.0418,1.3755,166.9315
2021-02-03 14:00:00,157.8316,150.0664,165.5968,159.7023,54.7287,157.8316,-0.3961,0.9366,165.7
2021-02-03 13:00:00,157.5576,150.3632,164.752,159.2887,53.6997,157.5576,-0.7293,0.488,164.2491
2021-02-03 12:00:00,157.375,150.6036,164.1464,158.9466,52.1246,157.375,-1.0336,0.0562,162.0764
2021-02-03 11:00:00,157.1903,150.6433,163.7372,158.7307,51.9417,157.1903,-1.306,-0.2746,161.825
2021-02-03 10:00:00,156.9823,150.6444,163.3201,158.5173,52.6433,156.9823,-1.5639,-0.6672,162.7324
2021-02-03 09:00:00,156.7795,150.812,162.747,158.2266,48.7077,156.7795,-1.788,-1.251,157.4
2021-02-03 08:00:00,156.9433,150.6555,163.2312,158.2836,48.3967,156.9433,-1.9223,-1.435,157.0
2021-02-03 07:00:00,157.139,150.5007,163.7773,158.3722,46.919,157.139,-2.0441,-1.6083,155.1
2021-02-03 06:00:00,157.809,148.578,167.04,158.5978,47.4024,157.809,-2.153,-1.6126,155.8
2021-02-03 05:00:00,158.4483,147.3872,169.5095,158.7908,47.9551,158.4483,-2.2881,-1.666,156.61
2021-02-02 20:00:00,159.0783,146.4639,171.6928,158.9412,48.42,159.0783,-2.4437,-1.7923,157.3
2021-02-02 19:00:00,159.7947,145.3566,174.2327,159.0544,48.1736,159.7947,-2.6065,-1.9977,156.95
2021-02-02 18:00:00,160.548,144.5123,176.5837,159.1995,47.9057,160.548,-2.7588,-2.1951,156.5601
2021-02-02 17:00:00,161.136,144.4479,177.8241,159.3815,48.616,161.136,-2.8997,-2.3755,157.7
2021-02-02 16:00:00,161.711,144.3605,179.0615,159.4975,49.185,161.711,-3.0307,-2.6873,158.62
2021-02-02 15:00:00,162.1513,144.4697,179.833,159.558,48.243,162.1513,-3.1166,-3.1398,157.14
2021-02-02 14:00:00,162.6167,144.7532,180.4802,159.7247,46.5608,162.6167,-3.1107,-3.5211,154.54
2021-02-02 13:00:00,163.238,145.2452,181.2308,160.0823,45.244,163.238,-3.0081,-3.6917,152.55
2021-02-02 12:00:00,163.8817,146.0838,181.6795,160.6018,45.9592,163.8817,-2.8373,-3.6532,153.8501
2021-02-02 11:00:00,164.5325,146.8218,182.2432,161.0674,42.0606,164.5325,-2.6333,-3.6833,148.125
2021-02-02 10:00:00,165.184,148.529,181.839,161.96,42.0287,165.184,-2.3708,-3.0852,148.0799
2021-02-02 09:00:00,165.9946,150.416,181.5732,162.9173,48.1237,165.9946,-2.1922,-2.2723,158.83
2021-02-02 08:00:00,166.4529,150.9355,181.9703,163.1991,49.1885,166.4529,-2.1722,-2.2963,160.49
2021-02-02 07:00:00,167.0484,151.1262,182.9706,163.386,48.5655,167.0484,-2.1411,-2.4625,159.55
2021-02-02 06:00:00,168.3157,149.2421,187.3894,163.6505,48.8303,168.3157,-2.0608,-2.5431,159.98
2021-02-02 05:00:00,168.4781,149.6092,187.347,163.9037,49.4483,168.4781,-1.9402,-2.6529,161.0
2021-02-01 20:00:00,168.4614,149.5652,187.3576,164.1039,48.2375,168.4614,-1.762,-2.8582,159.05
2021-02-01 19:00:00,168.5464,149.798,187.2948,164.4525,48.102,168.5464,-1.488,-2.8801,158.83
2021-02-01 18:00:00,168.6354,150.0477,187.2232,164.8402,47.9943,168.6354,-1.14,-2.8438,158.65
2021-02-01 17:00:00,168.8104,150.5053,187.1155,165.2671,47.9996,168.8104,-0.714,-2.7378,158.66
2021-02-01 16:00:00,168.9051,150.7825,187.0277,165.7228,47.3298,168.9051,-0.2081,-2.5637,157.48
2021-02-01 15:00:00,169.0724,151.2852,186.8596,166.2913,47.983,169.0724,0.3808,-2.184,158.7701
2021-02-01 14:00:00,169.3467,151.9541,186.7394,166.81,46.7523,169.3467,1.022,-1.799,156.535
2021-02-01 13:00:00,169.4422,152.3024,186.582,167.5186,46.2296,169.4422,1.7273,-1.0538,155.585
2021-02-01 12:00:00,169.6927,153.1615,186.224,168.3416,46.7267,169.6927,2.4226,0.0093,156.65
2021-02-01 11:00:00,169.9211,153.9365,185.9056,169.1479,49.4613,169.9211,3.0259,1.2577,162.315
2021-02-01 10:00:00,169.9112,153.9077,185.9148,169.6191,49.7369,169.9112,3.4679,2.2561,162.87
2021-02-01 09:00:00,169.9779,154.0759,185.8799,170.0846,56.4993,169.9779,3.7708,3.441,175.2
2021-02-01 08:00:00,169.6319,153.7477,185.5161,169.7318,56.397,169.6319,3.8533,3.6479,174.98
2021-02-01 07:00:00,169.1461,153.0557,185.2365,169.3698,56.7075,169.1461,3.9047,3.8813,175.51
2021-02-01 06:00:00,168.5624,152.1703,184.9546,168.9464,58.6383,168.5624,3.9105,4.0688,178.79
2021-02-01 05:00:00,167.8991,151.6058,184.1923,168.2675,59.0889,167.8991,3.871,3.9149,179.55
2021-01-29 20:00:00,166.9474,150.1598,183.7351,167.4894,56.8314,166.9474,3.86,3.5843,174.2
2021-01-29 19:00:00,166.0731,148.1909,183.9553,167.0266,57.2596,166.0731,3.9289,3.6548,174.95
2021-01-29 18:00:00,165.3081,147.0507,183.5655,166.4802,55.9242,165.3081,3.9975,3.6153,171.83
2021-01-29 17:00:00,164.7114,146.1777,183.2451,166.1112,55.6105,164.7114,4.093,3.83,171.1
2021-01-29 16:00:00,164.1581,145.4302,182.886,165.7672,56.7224,164.1581,4.1588,4.1226,173.18
2021-01-29 15:00:00,163.5361,144.8086,182.2636,165.2559,56.185,163.5361,4.1678,4.2243,171.86
2021-01-29 14:00:00,162.9741,144.2676,181.6806,164.8005,56.9699,162.9741,4.1537,4.4272,173.375
2021-01-29 13:00:00,162.3859,143.9164,180.8554,164.2091,54.6645,162.3859,4.0853,4.4674,167.67
2021-01-29 12:00:00,162.1116,143.7199,180.5033,163.9705,57.1159,162.1116,3.9897,5.0346,172.3978
2021-01-29 11:00:00,161.8267,143.8205,179.833,163.3893,57.2115,161.8267,3.7285,5.204,172.58
2021-01-29 10:00:00,161.5034,143.9381,179.0686,162.7554,60.303,161.5034,3.3597,5.326,178.3544
2021-01-29 09:00:00,160.9582,144.5412,177.3753,161.6796,72.9909,160.9582,2.8681,4.8162,197.57
2021-01-29 08:00:00,159.6746,150.472,168.8771,159.2044,58.6811,159.6746,2.381,2.139,164.85
2021-01-29 07:00:00,159.3064,150.0778,168.535,158.8151,55.6621,159.3064,2.4415,2.0224,160.5
2021-01-29 06:00:00,158.9464,149.1096,168.7832,158.6989,56.6743,158.9464,2.5463,2.287,161.6
2021-01-29 05:00:00,158.4637,147.8082,169.1193,158.4988,56.605,158.4637,2.6112,2.4794,161.5
2021-01-28 20:00:00,158.1704,147.3817,168.9591,158.2918,58.7881,158.1704,2.6441,2.6991,163.9
2021-01-28 19:00:00,157.8487,147.1878,168.5097,157.9051,57.1921,157.8487,2.6304,2.696,161.5
2021-01-28 18:00:00,157.5821,146.8996,168.2645,157.6571,58.0983,157.5821,2.614,2.8971,162.5
2021-01-28 17:00:00,157.2971,146.6988,167.8954,157.3231,62.3991,157.2971,2.5432,3.0098,167.0
2021-01-28 16:00:00,156.8554,146.822,166.8888,156.6558,57.2302,156.8554,2.4265,2.6517,159.4
2021-01-28 15:00:00,156.6741,146.6346,166.7136,156.4665,61.1887,156.6741,2.3702,2.9299,163.1
2021-01-28 14:00:00,156.3637,146.5653,166.1622,156.009,61.6343,156.3637,2.2303,2.8657,163.5
2021-01-28 13:00:00,155.9754,146.4186,165.5322,155.4924,60.6084,155.9754,2.0715,2.7013,162.02
2021-01-28 12:00:00,155.6581,146.2949,165.0212,155.0422,63.7831,155.6581,1.914,2.6028,164.87
2021-01-28 11:00:00,155.2181,146.4033,164.0328,154.3645,63.751,155.2181,1.7418,2.1492,164.8201
2021-01-28 10:00:00,154.8268,146.7397,162.914,153.6434,60.774,154.8268,1.64,1.5439,160.405
2021-01-28 09:00:00,154.5833,146.7466,162.4201,153.1771,59.001,154.5833,1.664,1.1985,158.0
2021-01-28 08:00:00,154.4123,146.6578,162.1668,152.8445,59.9707,154.4123,1.7804,0.985,158.89
2021-01-28 07:00:00,154.177,146.5529,161.8011,152.4275,53.4088,154.177,1.9792,0.6076,151.0
2021-01-28 06:00:00,153.9927,145.8224,162.1629,152.526,50.3898,153.9927,2.3221,0.9204,147.97
2021-01-28 05:00:00,153.9177,145.4904,162.345,152.8402,54.9693,153.9177,2.6725,1.6147,152.0
2021-01-27 20:00:00,153.7193,144.8523,162.5864,152.8981,57.3836,153.7193,2.937,2.0672,153.93
2021-01-27 19:00:00,153.4283,144.0498,162.8069,152.827,58.1123,153.4283,3.1544,2.4181,154.5
2021-01-27 18:00:00,153.088,143.1645,163.0115,152.7116,58.1373,153.088,3.3385,2.7728,154.52
2021-01-27 17:00:00,152.7907,142.5279,163.0534,152.5869,58.7244,152.7907,3.4799,3.1831,155.0
2021-01-27 16:00:00,152.4907,141.9806,163.0008,152.4204,59.6093,152.4907,3.5541,3.6117,155.73
2021-01-27 15:00:00,152.167,141.4793,162.8547,152.1922,64.3776,152.167,3.5398,4.0318,159.442
2021-01-27 14:00:00,151.7026,141.1094,162.2958,151.6922,70.8869,151.7026,3.4167,4.1315,163.85
2021-01-27 13:00:00,151.1406,141.4329,160.8483,150.8537,70.247,151.1406,3.2381,3.7498,162.88
2021-01-27 12:00:00,150.5129,141.5134,159.5125,150.0243,69.6622,150.5129,3.1101,3.3068,162.0
2021-01-27 11:00:00,149.9076,141.6693,158.1459,149.1984,67.6058,149.9076,3.061,2.7829,159.06
2021-01-27 10:00:00,149.2929,141.1265,157.4594,148.5183,63.3087,149.2929,3.1305,2.3731,153.805
2021-01-27 09:00:00,148.9266,140.6179,157.2353,148.1537,59.2243,148.9266,3.3198,2.3505,149.7
2021-01-27 08:00:00,148.6979,140.1139,157.2819,148.0471,56.2665,148.6979,3.5622,2.7055,147.12
2021-01-27 07:00:00,148.6443,140.0015,157.287,148.111,66.3249,148.6443,3.7763,3.382,152.7
2021-01-27 06:00:00,148.1076,138.5843,157.6309,147.7945,69.6692,148.1076,3.8749,3.628,154.25
2021-01-27 05:00:00,147.3909,136.6645,158.1173,147.3493,68.9365,147.3909,3.9367,3.7315,153.5
2021-01-26 20:00:00,146.6843,134.9179,158.4506,146.9251,69.916,146.6843,3.988,3.8856,153.95
2021-01-26 19:00:00,145.9266,133.2381,158.6151,146.4407,69.7312,145.9266,4.0136,3.98,153.75
2021-01-26 18:00:00,145.2043,131.9259,158.4826,145.9366,70.1687,145.2043,4.022,4.063,153.96
2021-01-26 17:00:00,144.4356,130.615,158.2563,145.3832,70.0215,144.4356,4.0117,4.0884,153.79
2021-01-26 16:00:00,143.6659,129.4487,157.8831,144.8035,68.2962,143.6659,3.9925,4.0787,151.85
2021-01-26 15:00:00,142.9629,128.3537,157.5722,144.3175,69.5934,142.9629,3.971,4.2045,152.5
2021-01-26 14:00:00,142.2396,127.4432,157.0361,143.7532,68.8634,142.2396,3.9126,4.2377,151.67
2021-01-26 13:00:00,141.5523,126.6566,156.448,143.2072,71.6965,141.5523,3.8314,4.303,153.0832
2021-01-26 12:00:00,140.8155,126.0885,155.5425,142.5261,71.7302,140.8155,3.7135,4.1799,153.0999
2021-01-26 11:00:00,140.1211,125.8179,154.4242,141.7969,71.5522,140.1211,3.5969,3.9602,152.87
2021-01-26 10:00:00,139.4201,125.6329,153.2072,141.0332,70.7468,139.4201,3.506,3.6456,151.83
2021-01-26 09:00:00,138.7089,125.3618,152.0561,140.2886,64.8663,138.7089,3.4711,3.2969,145.47
2021-01-26 08:00:00,138.2206,124.8267,151.6145,139.9313,65.3656,138.2206,3.5147,3.4515,145.72
2021-01-26 07:00:00,137.8005,124.5846,151.0165,139.532,66.014,137.8005,3.5305,3.5731,146.05
2021-01-26 06:00:00,137.3239,124.3023,150.3454,139.0825,65.1534,137.3239,3.5199,3.6428,145.2
2021-01-26 05:00:00,136.8605,124.0048,149.7163,138.6606,64.2156,136.8605,3.4891,3.7653,144.29
2021-01-25 20:00:00,136.4352,123.7476,149.1228,138.2724,66.714,136.4352,3.4201,3.9595,145.6
2021-01-25 19:00:00,135.9685,123.6388,148.2983,137.767,67.489,135.9685,3.2852,4.0165,146.0
2021-01-25 18:00:00,135.4815,123.6303,147.3327,137.1992,67.5269,135.4815,3.1024,3.99,146.02
2021-01-25 17:00:00,135.0145,123.7728,146.2563,136.5909,67.0709,135.0145,2.8805,3.8962,145.51
2021-01-25 16:00:00,134.5975,124.0365,145.1586,135.9758,69.8215,134.5975,2.6266,3.7716,146.99
2021-01-25 15:00:00,134.1345,124.6213,143.6478,135.2162,67.2418,134.1345,2.3403,3.4071,144.05
2021-01-25 14:00:00,133.7762,125.0029,142.5496,134.607,67.0473,133.7762,2.0736,3.1917,143.84
2021-01-25 13:00:00,133.4142,125.4752,141.3532,133.9702,63.8674,133.4142,1.7941,2.8917,140.62
2021-01-25 12:00:00,133.2122,125.7211,140.7033,133.5116,68.2043,133.2122,1.5197,2.7945,142.815
2021-01-25 11:00:00,132.9297,126.3213,139.5382,132.87,68.2554,132.9297,1.2011,2.4064,142.84
2021-01-25 10:00:00,132.6494,127.1211,138.1777,132.1824,73.9689,132.6494,0.8997,1.8734,145.51
2021-01-25 09:00:00,132.3077,129.3158,135.2996,131.2633,64.3395,132.3077,0.6563,0.894,136.6
2021-01-25 08:00:00,132.1524,129.6193,134.6855,130.8952,57.8225,132.1524,0.5969,0.5382,132.75
2021-01-25 07:00:00,132.0064,129.1444,134.8684,130.7673,56.9332,132.0064,0.6115,0.4682,132.3
2021-01-25 06:00:00,131.786,128.1382,135.4339,130.6616,54.7182,131.786,0.6474,0.4179,131.22
2021-01-25 05:00:00,131.5697,127.1295,136.0099,130.6231,56.9738,131.5697,0.7047,0.4576,132.08
2021-01-22 20:00:00,131.337,126.3325,136.3415,130.5226,54.4853,131.337,0.7665,0.414,130.9
2021-01-22 19:00:00,131.1504,125.697,136.6037,130.4966,54.0499,131.1504,0.8547,0.4725,130.7
2021-01-22 18:00:00,130.967,125.1105,136.8235,130.4826,54.2003,130.967,0.9502,0.5606,130.76
2021-01-22 17:00:00,130.7584,124.4579,137.0588,130.4634,54.2976,130.7584,1.0476,0.6588,130.8
2021-01-22 16:00:00,130.5334,123.7885,137.2782,130.4402,54.8933,130.5334,1.1448,0.7706,131.05
2021-01-22 15:00:00,130.3104,123.2153,137.4054,130.3981,54.7589,130.3104,1.2383,0.8765,130.98
2021-01-22 14:00:00,130.0927,122.6988,137.4866,130.358,57.8183,130.0927,1.3288,1.0061,132.2666
2021-01-22 13:00:00,129.8548,122.2986,137.411,130.2264,57.0492,129.8548,1.4095,1.0259,131.84
2021-01-22 12:00:00,129.6187,121.8847,137.3526,130.1151,54.5247,129.6187,1.5054,1.0796,130.4964
2021-01-22 11:00:00,129.4025,121.4201,137.3849,130.0888,55.2811,129.4025,1.6118,1.2693,130.82
2021-01-22 10:00:00,129.1555,120.9096,137.4014,130.0384,61.1016,129.1555,1.6975,1.46,133.1184
2021-01-22 09:00:00,128.8205,120.4304,137.2105,129.826,58.5924,128.8205,1.7568,1.4482,131.75
2021-01-22 08:00:00,128.5508,120.0356,137.066,129.6933,57.7256,128.5508,1.834,1.5514,131.3
2021-01-22 07:00:00,128.2921,119.6561,136.9281,129.5825,58.3289,128.2921,1.9046,1.7063,131.53
2021-01-22 06:00:00,128.0578,119.4044,136.7111,129.4482,58.5088,128.0578,1.9542,1.8558,131.6
2021-01-22 05:00:00,127.8045,119.1358,136.4731,129.2998,58.1343,127.8045,1.9788,2.0126,131.39
2021-01-21 20:00:00,127.5418,118.8461,136.2375,129.1556,59.6713,127.5418,1.9703,2.2047,132.01
2021-01-21 19:00:00,127.2698,118.6399,135.8996,128.9588,62.2101,127.2698,1.9117,2.3547,133.0
2021-01-21 18:00:00,126.9738,118.5436,135.404,128.68,62.4696,126.9738,1.801,2.4112,133.1
2021-01-21 17:00:00,126.6905,118.536,134.8449,128.3752,62.978,126.6905,1.6484,2.438,133.3002
2021-01-21 16:00:00,126.4054,118.605,134.2059,128.0356,62.5062,126.4054,1.451,2.4163,132.98
2021-01-21 15:00:00,126.1231,118.6905,133.5557,127.6946,66.5517,126.1231,1.2097,2.3861,134.56
2021-01-21 14:00:00,125.8064,119.0609,132.552,127.2211,66.2577,125.8064,0.9156,2.152,134.34
2021-01-21 13:00:00,125.4954,119.5381,131.4528,126.7301,66.4888,125.4954,0.6065,1.8444,134.43
2021-01-21 12:00:00,125.1158,120.1084,130.1232,126.1991,68.6222,125.1158,0.297,1.4156,135.26
2021-01-21 11:00:00,124.7591,121.4598,128.0585,125.5742,64.1778,124.7591,0.0174,0.7633,131.94
2021-01-21 10:00:00,124.5311,122.5771,126.4851,125.1352,57.9931,124.5311,-0.1691,0.2577,128.37
2021-01-21 09:00:00,124.3156,122.7075,125.9238,124.9121,51.9735,124.3156,-0.2758,-0.0279,125.6889
2021-01-21 08:00:00,124.2107,122.5645,125.8569,124.8585,49.4701,124.2107,-0.3377,-0.1191,124.73
2021-01-21 07:00:00,124.2041,122.5647,125.8434,124.8674,50.451,124.2041,-0.3924,-0.1361,125.1
2021-01-21 06:00:00,124.2357,122.4948,125.9766,124.8514,50.9792,124.2357,-0.4565,-0.1935,125.3
2021-01-21 05:00:00,124.2824,122.3639,126.2009,124.8204,50.7299,124.2824,-0.5222,-0.2843,125.2
2021-01-20 20:00:00,124.3424,122.212,126.4728,124.7942,48.9738,124.3424,-0.5817,-0.3859,124.5
2021-01-20 19:00:00,124.4324,122.0677,126.7971,124.8145,47.8181,124.4324,-0.6306,-0.4387,124.05
2021-01-20 18:00:00,124.5657,121.8739,127.2576,124.8673,48.5504,124.5657,-0.6786,-0.4539,124.36
2021-01-20 17:00:00,124.7347,121.5283,127.9411,124.9022,48.76,124.7347,-0.7348,-0.4982,124.45
2021-01-20 16:00:00,124.8867,121.335,128.4385,124.9334,50.3472,124.8867,-0.7939,-0.5567,125.13
2021-01-20 15:00:00,125.0324,121.1133,128.9516,124.9199,49.4734,125.0324,-0.8532,-0.6926,124.7563
2021-01-20 14:00:00,125.2022,120.921,129.4834,124.9312,47.6967,125.2022,-0.8934,-0.8178,124.01
2021-01-20 13:00:00,125.3919,120.8429,129.9408,124.9947,46.2271,125.3919,-0.9123,-0.8897,123.41
2021-01-20 12:00:00,125.6152,120.8259,130.4045,125.104,45.3817,125.6152,-0.9179,-0.9075,123.0681
2021-01-20 11:00:00,125.8509,120.8931,130.8088,125.2444,46.6079,125.8509,-0.9205,-0.8822,123.66
2021-01-20 10:00:00,126.1298,120.7714,131.4881,125.3537,46.3237,126.1298,-0.93,-0.8974,123.54
2021-01-20 09:00:00,126.4171,120.7306,132.1035,125.4787,48.3126,126.4171,-0.9382,-0.8915,124.5
2021-01-20 08:00:00,126.6153,120.797,132.4335,125.5462,47.1706,126.6153,-0.9499,-0.9687,124.0
2021-01-20 07:00:00,126.8476,120.9102,132.785,125.6529,46.0412,126.8476,-0.9452,-1.0022,123.51
2021-01-20 06:00:00,127.0313,121.1779,132.8846,125.8006,46.711,127.0313,-0.9309,-0.9806,123.85
2021-01-20 05:00:00,127.2026,121.4314,132.9738,125.9352,47.2385,127.2026,-0.9185,-0.9733,124.12
2021-01-19 20:00:00,127.3319,121.67,132.9938,126.0604,48.1735,127.3319,-0.9048,-0.9774,124.6
2021-01-19 19:00:00,127.4719,121.8799,133.064,126.1611,48.4633,127.4719,-0.8867,-1.0172,124.75
2021-01-19 18:00:00,127.5986,122.0873,133.1098,126.2584,47.9793,127.5986,-0.8541,-1.0685,124.51
2021-01-19 17:00:00,127.7983,122.3151,133.2814,126.379,48.9986,127.7983,-0.8005,-1.094,125.06
2021-01-19 16:00:00,127.9723,122.5165,133.428,126.4699,48.9032,127.9723,-0.7271,-1.1666,125.01
2021-01-19 15:00:00,128.1536,122.7423,133.5649,126.5706,44.984,128.1536,-0.6172,-1.2373,123.04
2021-01-19 14:00:00,128.3923,123.2809,133.5037,126.8141,47.7147,128.3923,-0.4622,-1.1089,124.5606
2021-01-19 13:00:00,128.5646,123.6362,133.4929,126.9695,48.7272,128.5646,-0.3005,-1.0837,125.099
2021-01-19 12:00:00,128.7246,123.9473,133.5019,127.0985,41.6265,128.7246,-0.1047,-1.0907,121.906
2021-01-19 11:00:00,128.9574,124.9064,133.0084,127.4566,42.7672,128.9574,0.1418,-0.7585,122.5422
2021-01-19 10:00:00,129.136,125.8277,132.4443,127.7956,46.6266,129.136,0.3669,-0.3883,124.53
2021-01-19 09:00:00,129.1523,125.9315,132.3732,128.0208,49.9591,129.1523,0.5558,-0.1126,126.05
2021-01-19 08:00:00,129.114,125.7235,132.5045,128.1567,51.4801,129.114,0.7228,0.0862,126.7
2021-01-19 07:00:00,129.0423,125.3715,132.7132,128.2571,52.189,129.0423,0.882,0.2725,127.0
2021-01-19 06:00:00,128.9263,124.8116,133.0411,128.3438,52.6562,128.9263,1.0344,0.4759,127.2
2021-01-19 05:00:00,128.798,124.2577,133.3383,128.4227,54.6671,128.798,1.174,0.7081,128.05
2021-01-15 20:00:00,128.6463,123.728,133.5647,128.4484,58.1523,128.6463,1.2905,0.9076,129.43
2021-01-15 19:00:00,128.4507,123.2157,133.6856,128.3807,57.3524,128.4507,1.3862,1.0086,129.01
2021-01-15 18:00:00,128.2703,122.7594,133.7812,128.3373,58.616,128.2703,1.4806,1.1656,129.5
2021-01-15 17:00:00,128.0803,122.363,133.7977,128.2572,59.5215,128.0803,1.5593,1.2991,129.85
2021-01-15 16:00:00,127.8703,121.9686,133.7721,128.1473,59.2608,127.8703,1.6244,1.415,129.7
2021-01-15 15:00:00,127.6717,121.63,133.7133,128.0402,60.2868,127.6717,1.6767,1.5577,130.11
2021-01-15 14:00:00,127.468,121.3573,133.5787,127.8975,60.3607,127.468,1.7064,1.6753,130.14
2021-01-15 13:00:00,127.262,121.109,133.415,127.7428,65.2177,127.262,1.7142,1.798,132.025
2021-01-15 12:00:00,126.9792,120.9491,133.0092,127.4475,65.583,126.9792,1.6933,1.7366,132.16
2021-01-15 11:00:00,126.6942,120.8657,132.5227,127.1225,63.0405,126.6942,1.6825,1.6192,130.445
2021-01-15 10:00:00,126.496,120.7881,132.2039,126.8934,64.4494,126.496,1.6983,1.6203,130.97
2021-01-15 09:00:00,126.2473,120.6928,131.8019,126.6122,61.3477,126.2473,1.7178,1.5448,129.02
2021-01-15 08:00:00,126.196,120.7169,131.6751,126.4462,61.2975,126.196,1.761,1.6245,128.99
2021-01-15 07:00:00,125.9533,120.3474,131.5593,126.2707,59.6242,125.9533,1.7951,1.7057,128.0
2021-01-15 06:00:00,125.7868,120.1371,131.4364,126.1515,61.7083,125.7868,1.8175,1.8853,128.8
2021-01-15 05:00:00,125.5898,119.962,131.2175,125.9688,61.2996,125.5898,1.8006,2.0056,128.55
2021-01-14 20:00:00,125.3581,119.665,131.0511,125.7908,66.6637,125.3581,1.7493,2.1555,130.5
2021-01-14 19:00:00,125.0574,119.5321,130.5828,125.466,66.3427,125.0574,1.6477,2.1169,130.2801
2021-01-14 18:00:00,124.7748,119.4844,130.0651,125.134,66.8233,124.7748,1.5305,2.0592,130.45
2021-01-14 17:00:00,124.5531,119.6927,129.4135,124.7674,66.4779,124.5531,1.3983,1.9383,130.2
2021-01-14 16:00:00,124.3498,119.9641,128.7354,124.3927,65.8313,124.3498,1.2633,1.7812,129.73
2021-01-14 15:00:00,124.1621,120.2581,128.0661,124.0247,66.2783,124.1621,1.1338,1.6028,129.9
2021-01-14 14:00:00,123.9721,120.6999,127.2443,123.6195,64.9099,123.9721,1.0166,1.3343,128.89
2021-01-14 13:00:00,123.8274,121.0992,126.5557,123.256,63.5068,123.8274,0.9371,1.0751,127.9
2021-01-14 12:00:00,123.5944,121.1146,126.0743,122.9357,58.8834,123.5944,0.9026,0.8295,125.02
2021-01-14 11:00:00,123.4146,120.6128,126.2164,122.7919,58.6725,123.4146,0.9209,0.7971,124.9
2021-01-14 10:00:00,123.2131,120.0247,126.4015,122.6466,58.0661,123.2131,0.9519,0.7564,124.55
2021-01-14 09:00:00,122.9981,119.361,126.6352,122.5153,56.2396,122.9981,1.0008,0.7291,123.5201
2021-01-14 08:00:00,122.8321,118.8661,126.7982,122.446,55.9332,122.8321,1.0687,0.7884,123.35
2021-01-14 07:00:00,122.7111,118.5969,126.8254,122.3837,56.269,122.7111,1.1388,0.8701,123.5
2021-01-14 06:00:00,122.5251,118.0792,126.9711,122.3067,56.4,122.5251,1.2059,0.9464,123.56
2021-01-14 05:00:00,122.3458,117.6541,127.0375,122.2202,56.4847,122.3458,1.2708,1.0239,123.6
2021-01-13 20:00:00,122.1541,117.2195,127.0887,122.1251,56.8978,122.1541,1.3326,1.1038,123.8
2021-01-13 19:00:00,121.9811,116.927,127.0353,122.0096,56.5135,121.9811,1.3897,1.1694,123.55
2021-01-13 18:00:00,121.8035,116.6096,126.9973,121.9033,56.8861,121.8035,1.4448,1.2616,123.74
2021-01-13 17:00:00,121.6121,116.2963,126.928,121.7767,57.3867,121.6121,1.4906,1.3416,124.0
2021-01-13 16:00:00,121.4178,116.0394,126.7962,121.6233,57.3308,121.4178,1.5279,1.3977,123.96
2021-01-13 15:00:00,121.2078,115.7515,126.6641,121.4622,56.7557,121.2078,1.5604,1.453,123.54
2021-01-13 14:00:00,121.0228,115.5192,126.5264,121.3189,56.8792,121.0228,1.5873,1.5453,123.61
2021-01-13 13:00:00,120.8108,115.2327,126.3889,121.1609,58.4423,120.8108,1.5978,1.6334,124.5
2021-01-13 12:00:00,120.5908,115.092,126.0896,120.9306,57.1769,120.5908,1.5889,1.6316,123.51
2021-01-13 11:00:00,120.4565,115.0534,125.8595,120.7527,64.8291,120.4565,1.5782,1.7063,127.48
2021-01-13 10:00:00,120.1695,115.4132,124.9257,120.2887,56.6845,120.1695,1.5462,1.3726,121.71
2021-01-13 09:00:00,120.056,115.2897,124.8223,120.1907,59.6772,120.056,1.5896,1.5142,123.0026
2021-01-13 08:00:00,119.8269,114.989,124.6648,119.9968,59.4971,119.8269,1.6085,1.5413,122.89
2021-01-13 07:00:00,119.6626,114.918,124.4071,119.7973,57.3898,119.6626,1.6253,1.5649,121.6
2021-01-13 06:00:00,119.375,114.117,124.633,119.6729,57.1896,119.375,1.6404,1.7037,121.48
2021-01-13 05:00:00,119.113,113.5276,124.6984,119.5483,57.891,119.113,1.6245,1.8682,121.8
2021-01-12 20:00:00,118.8107,112.8692,124.7521,119.393,62.5243,118.8107,1.5636,2.0184,123.8
2021-01-12 19:00:00,118.4173,112.2897,124.5449,119.0891,63.2584,118.4173,1.4499,1.9772,124.1
2021-01-12 18:00:00,117.9993,111.7693,124.2293,118.7435,63.2584,117.9993,1.3181,1.8653,124.1
2021-01-12 17:00:00,117.6433,111.6317,123.6549,118.3741,63.4906,117.6433,1.1813,1.6953,124.2
2021-01-12 16:00:00,117.2783,111.582,122.9746,117.9723,64.289,117.2783,1.0528,1.4435,124.55
2021-01-12 15:00:00,116.91,111.7371,122.0828,117.5187,59.121,116.91,0.9551,1.0655,120.91
2021-01-12 14:00:00,116.6563,111.547,121.7657,117.2848,56.9973,116.6563,0.9275,0.9381,119.625
2021-01-12 13:00:00,116.4322,111.2736,121.5907,117.1234,55.6626,116.4322,0.9248,0.8927,118.8547
2021-01-12 12:00:00,116.237,111.0172,121.4568,117.004,54.3198,116.237,0.9328,0.9003,118.1
2021-01-12 11:00:00,116.0493,110.7075,121.3911,116.9284,55.267,116.0493,0.941,0.9736,118.5418
2021-01-12 10:00:00,115.8753,110.5294,121.2212,116.8171,57.8683,115.8753,0.9328,1.0081,119.72
2021-01-12 09:00:00,115.6544,110.4158,120.8931,116.6169,54.7209,115.6544,0.914,0.9175,117.92
2021-01-12 08:00:00,115.5269,110.3291,120.7248,116.5271,55.2977,115.5269,0.9131,0.9717,118.18
2021-01-12 07:00:00,115.4629,110.3507,120.5752,116.4131,54.712,115.4629,0.8985,1.0004,117.85
2021-01-12 06:00:00,115.4289,110.3674,120.4905,116.314,56.3558,115.4289,0.873,1.056,118.61
2021-01-12 05:00:00,115.3769,110.4161,120.3378,116.1556,55.6955,115.3769,0.8272,1.0342,118.22
2021-01-11 20:00:00,115.3296,110.4518,120.2074,116.0133,55.3269,115.3296,0.7755,1.0311,118.0
2021-01-11 19:00:00,115.2913,110.4804,120.1022,115.8762,55.6729,115.2913,0.7116,1.0345,118.17
2021-01-11 18:00:00,115.2156,110.5181,119.9131,115.718,54.8543,115.2156,0.6309,1.0066,117.66
2021-01-11 17:00:00,115.1403,110.5303,119.7502,115.5841,55.4953,115.1403,0.5369,1.0081,117.99
2021-01-11 16:00:00,115.0473,110.5601,119.5344,115.4182,54.3386,115.0473,0.4192,0.9619,117.25
2021-01-11 15:00:00,114.9756,110.5634,119.3878,115.2919,55.5648,114.9756,0.2835,0.9642,117.9
2021-01-11 14:00:00,114.8843,110.6066,119.1619,115.112,58.6771,114.8843,0.1133,0.887,119.4804
2021-01-11 13:00:00,114.7409,110.8152,118.6667,114.8107,57.7945,114.7409,-0.0801,0.6146,118.87
2021-01-11 12:00:00,114.5493,110.8967,118.2019,114.5308,56.9722,114.5493,-0.2538,0.3201,118.305
2021-01-11 11:00:00,114.3691,110.9495,117.7887,114.2705,53.6087,114.3691,-0.3973,-0.0029,116.13
2021-01-11 10:00:00,114.2945,110.9346,117.6543,114.1422,57.2484,114.2945,-0.4959,-0.1936,117.96
2021-01-11 09:00:00,114.1888,111.109,117.2685,113.8789,47.9363,114.1888,-0.5715,-0.6206,112.9729
2021-01-11 08:00:00,114.27,111.1943,117.3457,113.9414,49.2828,114.27,-0.5592,-0.6487,113.62
2021-01-11 07:00:00,114.4128,111.0837,117.7419,113.9636,47.3153,114.4128,-0.5368,-0.7411,112.73
2021-01-11 06:00:00,114.6301,110.9374,118.3229,114.0487,45.6434,114.6301,-0.4857,-0.7577,112.0
2021-01-11 05:00:00,114.8935,110.876,118.9109,114.19,44.6194,114.8935,-0.4177,-0.6934,111.56
2021-01-08 20:00:00,115.2048,110.8366,119.5729,114.3713,48.3407,115.2048,-0.3488,-0.5565,113.42
2021-01-08 19:00:00,115.3915,110.8685,119.9144,114.437,47.9572,115.3915,-0.2969,-0.5631,113.25
2021-01-08 18:00:00,115.6298,110.8378,120.4218,114.5188,48.4687,115.6298,-0.2303,-0.546,113.5
2021-01-08 17:00:00,115.7098,110.983,120.4366,114.5891,48.0401,115.7098,-0.1514,-0.5416,113.3
2021-01-08 16:00:00,115.8075,111.1635,120.4514,114.678,47.1911,115.8075,-0.0538,-0.5078,112.9
2021-01-08 15:00:00,115.9158,111.3983,120.4333,114.8006,47.3782,115.9158,0.0597,-0.4166,113.0
2021-01-08 14:00:00,116.0185,111.6326,120.4043,114.9248,46.2871,116.0185,0.1787,-0.3043,112.47
2021-01-08 13:00:00,116.1451,111.9617,120.3286,115.0941,47.8244,116.1451,0.2995,-0.1025,113.32
2021-01-08 12:00:00,116.1838,112.0849,120.2827,115.2164,47.3772,116.1838,0.4,0.0699,113.095
2021-01-08 11:00:00,116.288,112.3528,120.2231,115.3627,49.1885,116.288,0.4825,0.312,114.095
2021-01-08 10:00:00,116.2879,112.3525,120.2232,115.4502,53.4664,116.2879,0.5251,0.5145,116.26
2021-01-08 09:00:00,116.2105,112.1859,120.2352,115.3943,54.6767,116.2105,0.5277,0.5451,116.83
2021-01-08 08:00:00,116.0964,111.9559,120.2369,115.2953,55.1423,116.0964,0.5234,0.5182,117.05
2021-01-08 07:00:00,115.8982,111.4049,120.3914,115.1743,54.7187,115.8982,0.5247,0.4539,116.8
2021-01-08 06:00:00,115.7548,111.1139,120.3958,115.0622,54.8188,115.7548,0.5424,0.3907,116.85
2021-01-08 05:00:00,115.6122,110.853,120.3713,114.9389,53.2481,115.6122,0.5803,0.2993,115.9
2021-01-07 20:00:00,115.4755,110.5256,120.4254,114.8726,52.4062,115.4755,0.6506,0.275,115.4
2021-01-07 19:00:00,115.3615,110.2549,120.4682,114.8362,52.0726,115.3615,0.7445,0.2908,115.2
2021-01-07 18:00:00,115.2385,109.9478,120.5292,114.8111,51.9096,115.2385,0.8579,0.3272,115.1
2021-01-07 17:00:00,115.0252,109.2366,120.8137,114.7912,52.0122,115.0252,0.9905,0.3791,115.16
2021-01-07 16:00:00,114.7832,108.4555,121.1109,114.7657,52.0453,114.7832,1.1434,0.4337,115.18
2021-01-07 15:00:00,114.5772,107.9207,121.2336,114.7372,48.7972,114.5772,1.3208,0.495,113.12
2021-01-07 14:00:00,114.4452,107.5265,121.3639,114.8487,48.4366,114.4452,1.5273,0.7758,112.9
2021-01-07 13:00:00,114.3218,107.1694,121.4743,114.9831,49.9683,114.3218,1.7151,1.1453,113.8907
2021-01-07 12:00:00,114.1236,106.6134,121.6337,115.0584,51.3944,114.1236,1.8576,1.4994,114.79
2021-01-07 11:00:00,113.9307,106.2049,121.6565,115.077,52.3888,113.9307,1.9471,1.838,115.4087
2021-01-07 10:00:00,113.7194,105.8221,121.6168,115.0541,56.6637,113.7194,1.9744,2.1804,117.9044
2021-01-07 09:00:00,113.4026,105.4399,121.3653,114.8575,59.1807,113.4026,1.923,2.3316,119.25
2021-01-07 08:00:00,113.0349,105.1682,120.9017,114.5546,60.4342,113.0349,1.8208,2.3538,119.9
2021-01-07 07:00:00,112.7249,105.2411,120.2088,114.1859,62.3997,112.7249,1.6875,2.2816,120.9
2021-01-07 06:00:00,112.4659,105.6212,119.3107,113.7229,60.0377,112.4659,1.539,2.0545,119.02
2021-01-07 05:00:00,112.2793,105.8679,118.6906,113.3576,62.8388,112.2793,1.4102,1.9261,120.4
2021-01-06 20:00:00,112.0526,106.3658,117.7394,112.8719,56.4313,112.0526,1.2812,1.5937,115.9
2021-01-06 19:00:00,111.9559,106.4379,117.4739,112.663,57.1296,111.9559,1.2031,1.6045,116.23
2021-01-06 18:00:00,111.8149,106.5297,117.1002,112.417,57.0049,111.8149,1.1027,1.5613,116.15
2021-01-06 17:00:00,111.6793,106.6431,116.7155,112.1596,56.899,111.6793,0.988,1.4916,116.0801
2021-01-06 16:00:00,111.5459,106.7782,116.3137,111.8892,57.2694,111.5459,0.8621,1.3881,116.27
2021-01-06 15:00:00,111.4036,106.9649,115.8423,111.5871,54.5753,111.4036,0.7306,1.2165,114.48
2021-01-06 14:00:00,111.3126,107.0204,115.6049,111.3876,58.0119,111.3126,0.6092,1.162,116.2199
2021-01-06 13:00:00,111.1596,107.2696,115.0496,111.0543,54.6356,111.1596,0.471,0.8983,114.0925
2021-01-06 12:00:00,111.0414,107.3024,114.7803,110.8448,54.3814,111.0414,0.3641,0.7653,113.94
2021-01-06 11:00:00,110.9104,107.3142,114.5066,110.6313,53.4987,110.9104,0.2638,0.6,113.4056
2021-01-06 10:00:00,110.8179,107.3424,114.2933,110.44,49.4234,110.8179,0.1798,0.4347,111.1033
2021-01-06 09:00:00,110.8661,107.3364,114.3958,110.3943,52.1011,110.8661,0.116,0.4518,112.5
2021-01-06 08:00:00,110.7754,107.2787,114.2721,110.249,52.2382,110.7754,0.0321,0.3248,112.57
2021-01-06 07:00:00,110.5944,106.9299,114.2589,110.089,50.8632,110.5944,-0.0411,0.1509,111.8
2021-01-06 06:00:00,110.4174,106.4988,114.3361,109.971,51.1962,110.4174,-0.0891,0.0051,111.98
2021-01-06 05:00:00,110.2474,106.1752,114.3197,109.8324,50.376,110.2474,-0.1126,-0.1994,111.51
2021-01-05 20:00:00,110.1494,106.062,114.2369,109.7167,45.0374,110.1494,-0.0909,-0.4097,108.7
2021-01-05 19:00:00,110.1261,105.998,114.2542,109.7868,43.3605,110.1261,-0.0112,-0.3859,107.9
2021-01-05 18:00:00,110.1314,106.0145,114.2484,109.917,45.1932,110.1314,0.0824,-0.2686,109.0
2021-01-05 17:00:00,109.9651,105.3106,114.6196,109.9802,45.4634,109.9651,0.1702,-0.2269,109.16
2021-01-05 16:00:00,109.8094,104.7619,114.857,110.0368,45.5292,109.8094,0.2695,-0.1867,109.2
2021-01-05 15:00:00,109.6494,104.2432,115.0557,110.0945,43.0229,109.6494,0.3835,-0.1367,107.942
2021-01-05 14:00:00,109.523,103.7953,115.2508,110.2429,44.703,109.523,0.5136,0.0571,109.005
2021-01-05 13:00:00,109.3719,103.3648,115.3789,110.3283,44.8064,109.3719,0.6277,0.1955,109.07
2021-01-05 12:00:00,109.168,102.734,115.602,110.4151,43.504,109.168,0.7358,0.3626,108.4
2021-01-05 11:00:00,109.035,102.3818,115.6882,110.554,43.1554,109.035,0.8291,0.6389,108.2199
2021-01-05 10:00:00,108.9427,102.171,115.7144,110.715,46.8478,108.9427,0.8766,1.0005,110.6
2021-01-05 09:00:00,108.8192,102.0378,115.6006,110.723,51.3636,108.8192,0.8457,1.2053,113.13
2021-01-05 08:00:00,108.6632,102.073,115.2534,110.557,51.9181,108.6632,0.7558,1.1914,113.42
2021-01-05 07:00:00,108.5317,102.173,114.8904,110.3595,52.2566,108.5317,0.6469,1.1269,113.6
2021-01-05 06:00:00,108.4184,102.3087,114.528,110.136,51.232,108.4184,0.5268,1.0099,113.0
2021-01-05 05:00:00,108.3541,102.4001,114.308,109.9385,49.4856,108.3541,0.4061,0.9069,112.0
2021-01-04 20:00:00,108.3207,102.438,114.2035,109.7963,49.623,108.3207,0.2809,0.8641,112.08
2021-01-04 19:00:00,108.2997,102.4665,114.1329,109.6388,49.623,108.2997,0.1351,0.7887,112.08
2021-01-04 18:00:00,108.2551,102.5186,113.9915,109.4705,49.492,108.2551,-0.0283,0.681,112.0
2021-01-04 17:00:00,108.2134,102.5689,113.8578,109.296,49.0919,108.2134,-0.2057,0.5418,111.75
2021-01-04 16:00:00,108.1817,102.6068,113.7567,109.1268,48.9041,108.1817,-0.3925,0.3817,111.63
2021-01-04 15:00:00,108.1515,102.6422,113.6608,108.9542,47.2025,108.1515,-0.5861,0.184,110.5456
2021-01-04 14:00:00,108.1613,102.634,113.6886,108.8444,46.3495,108.1613,-0.7786,0.0395,110.01
2021-01-04 13:00:00,108.199,102.6067,113.7912,108.764,47.2029,108.199,-0.9831,-0.0911,110.63
2021-01-04 12:00:00,108.2038,102.6029,113.8047,108.6353,49.9563,108.2038,-1.2061,-0.3196,112.55
2021-01-04 11:00:00,108.1942,102.6222,113.7662,108.3653,45.5248,108.1942,-1.4278,-0.802,109.78
2021-01-04 10:00:00,108.2452,102.5887,113.9017,108.2678,40.6857,108.2452,-1.5842,-1.1241,107.14
2021-01-04 09:00:00,108.3782,102.6449,114.1115,108.3456,39.4046,108.3782,-1.6992,-1.25,106.49
2021-01-04 08:00:00,108.5275,102.7654,114.2897,108.4735,39.9045,108.5275,-1.8115,-1.3263,106.88
2021-01-04 07:00:00,108.8052,102.6015,115.0088,108.5834,42.1441,108.8052,-1.9328,-1.4442,108.57
2021-01-04 06:00:00,109.0905,102.2063,115.9747,108.5844,41.0657,109.0905,-2.055,-1.7457,108.0
2021-01-04 05:00:00,109.3968,101.9399,116.8538,108.6247,41.1437,109.3968,-2.1323,-2.0471,108.06
2020-12-31 20:00:00,109.7405,101.6392,117.8418,108.6636,32.8132,109.7405,-2.1536,-2.4082,104.01
2020-12-31 19:00:00,110.2252,101.8192,118.6311,108.9845,33.3541,110.2252,-2.0899,-2.4216,104.49
2020-12-31 18:00:00,110.7088,102.0137,119.404,109.2945,33.1543,110.7088,-2.007,-2.4524,104.4
2020-12-31 17:00:00,111.0392,102.578,119.5003,109.6321,32.6121,111.0392,-1.8956,-2.4469,104.15
2020-12-31 16:00:00,111.3965,103.229,119.564,110.0101,32.9428,111.3965,-1.7578,-2.3788,104.47
2020-12-31 15:00:00,111.7468,103.9025,119.5911,110.3922,29.68,111.7468,-1.6025,-2.2898,102.955
2020-12-31 14:00:00,112.1467,104.9387,119.3547,110.9051,31.0841,112.1467,-1.4307,-1.9888,104.41
2020-12-31 13:00:00,112.4793,105.8308,119.1279,111.3531,32.1345,112.4793,-1.2912,-1.7237,105.45
2020-12-31 12:00:00,112.7418,106.6235,118.8602,111.7602,33.6628,112.7418,-1.183,-1.4662,106.8954
2020-12-31 11:00:00,112.9838,107.2472,118.7205,112.0957,35.414,112.9838,-1.1123,-1.2633,108.45
2020-12-31 10:00:00,113.1723,107.6774,118.6672,112.3471,36.6284,113.1723,-1.0745,-1.1444,109.475
2020-12-31 09:00:00,113.3788,107.9907,118.767,112.5452,37.5087,113.3788,-1.057,-1.0802,110.2007
2020-12-31 08:00:00,113.5128,108.249,118.7766,112.7069,38.5824,113.5128,-1.0512,-1.0565,111.07
2020-12-31 07:00:00,113.5861,108.3997,118.7725,112.8198,38.4452,113.5861,-1.0499,-1.0994,111.0
2020-12-31 06:00:00,113.5361,108.2236,118.8487,112.9453,38.9863,113.5361,-1.0376,-1.131,111.45
2020-12-31 05:00:00,113.4625,107.9777,118.9472,113.0484,37.6479,113.4625,-1.0142,-1.2008,110.74
2020-12-30 20:00:00,113.3028,107.2599,119.3457,113.2076,37.6592,113.3028,-0.9676,-1.2,110.75
2020-12-30 19:00:00,113.1611,106.7006,119.6216,113.3771,37.7136,113.1611,-0.9095,-1.1826,110.8
2020-12-30 18:00:00,112.9545,105.8414,120.0676,113.5548,37.5793,112.9545,-0.8412,-1.1483,110.723
2020-12-30 17:00:00,112.933,105.7893,120.0767,113.7501,37.6987,112.933,-0.7644,-1.08,110.84
2020-12-30 16:00:00,112.912,105.7402,120.0839,113.9508,37.9981,112.912,-0.6855,-0.9889,111.14
2020-12-30 15:00:00,112.916,105.748,120.084,114.1446,37.4136,112.916,-0.6097,-0.8889,110.775
2020-12-30 14:00:00,112.9292,105.7755,120.0829,114.377,38.8565,112.9292,-0.5398,-0.7112,112.2622
2020-12-30 13:00:00,112.8968,105.7226,120.071,114.5229,37.3613,112.8968,-0.497,-0.6254,111.31
2020-12-30 12:00:00,112.9728,105.8192,120.1265,114.7444,37.0791,112.9728,-0.4649,-0.4099,111.1293
2020-12-30 11:00:00,113.0999,105.9463,120.2534,114.9938,36.8365,113.0999,-0.4786,-0.1104,110.97
2020-12-30 10:00:00,113.3112,106.048,120.5743,115.2713,40.8918,113.3112,-0.5707,0.2897,115.2096
2020-12-30 09:00:00,113.3972,105.9866,120.8078,115.2755,42.9628,113.3972,-0.7858,0.3644,117.13
2020-12-30 08:00:00,113.3779,106.0033,120.7524,115.1476,43.0286,113.3779,-1.0733,0.259,117.19
2020-12-30 07:00:00,113.4089,105.963,120.8547,115.0068,44.3194,113.4089,-1.4064,0.1145,118.37
2020-12-30 06:00:00,113.5025,105.7452,121.2598,114.7748,44.5163,113.5025,-1.7866,-0.1917,118.55
