date,Middle BBand,Upper BBand,Lower BBand,EMA,RSI,SMA,MACD_Signal,MACD,Closing Price
2021-02-22 20:00:00,240.689,247.523,233.855,239.5375,39.4086,240.689,-1.8879,-1.9016,234.07
2021-02-22 19:00:00,240.8378,247.4748,234.2008,239.7229,39.6573,240.8378,-1.8844,-1.9401,234.27
2021-02-22 18:00:00,240.9855,247.4227,234.5483,239.9077,39.7931,240.9855,-1.8705,-1.9814,234.38
2021-02-22 17:00:00,241.1326,247.3593,234.9059,240.0951,39.6453,241.1326,-1.8428,-2.0164,234.3
2021-02-22 16:00:00,241.281,247.269,235.293,240.2915,40.0075,241.281,-1.7994,-2.0237,234.6
2021-02-22 15:00:00,241.4159,247.1553,235.6765,240.4845,40.9393,241.4159,-1.7434,-2.034,235.36
2021-02-22 14:00:00,241.5346,247.0587,236.0105,240.6582,41.1389,241.5346,-1.6707,-2.0951,235.521
2021-02-22 13:00:00,241.6556,246.9613,236.35,240.8323,38.6929,241.6556,-1.5646,-2.1589,234.1811
2021-02-22 12:00:00,241.7997,246.7427,236.8567,241.0578,35.8543,241.7997,-1.416,-2.0726,232.73
2021-02-22 11:00:00,241.9734,246.3266,237.6201,241.3401,37.6003,241.9734,-1.2519,-1.7844,234.21
2021-02-22 10:00:00,242.1183,245.9793,238.2574,241.5818,40.5243,242.1183,-1.1187,-1.5414,236.44
2021-02-22 09:00:00,242.227,245.7986,238.6553,241.7561,42.3543,242.227,-1.0131,-1.4359,237.7
2021-02-22 08:00:00,242.3273,245.7184,238.9362,241.8936,40.8962,242.3273,-0.9074,-1.4086,237.0
2021-02-22 07:00:00,242.4262,245.5233,239.329,242.0595,40.8752,242.4262,-0.782,-1.282,236.99
2021-02-22 06:00:00,242.5337,245.2986,239.7687,242.2313,41.8404,242.5337,-0.6571,-1.1007,237.65
2021-02-22 05:00:00,242.6369,245.112,240.1617,242.3866,41.5319,242.6369,-0.5461,-0.9206,237.5
2021-02-19 20:00:00,242.7592,244.911,240.6073,242.5522,46.6961,242.7592,-0.4525,-0.662,240.68
2021-02-19 19:00:00,242.8335,245.0008,240.6661,242.6157,46.4283,242.8335,-0.4001,-0.6461,240.55
2021-02-19 18:00:00,242.9118,245.0829,240.7406,242.6857,46.5521,242.9118,-0.3387,-0.6031,240.62
2021-02-19 17:00:00,242.9846,245.1363,240.8329,242.7558,46.6921,242.9846,-0.2726,-0.5466,240.7
2021-02-19 16:00:00,243.0537,245.1737,240.9337,242.8254,47.2685,243.0537,-0.2041,-0.4747,241.03
2021-02-19 15:00:00,243.1155,245.212,241.019,242.8863,47.6541,243.1155,-0.1364,-0.4097,241.25
2021-02-19 14:00:00,243.1718,245.2463,241.0974,242.9418,47.3566,243.1718,-0.0681,-0.343,241.095
2021-02-19 13:00:00,243.2301,245.2638,241.1963,243.0044,47.2424,243.2301,0.0007,-0.2373,241.035
2021-02-19 12:00:00,243.2885,245.2673,241.3097,243.0711,48.2842,243.2885,0.0602,-0.0927,241.6421
2021-02-19 11:00:00,243.3361,245.2915,241.3807,243.1196,49.1405,243.3361,0.0984,0.0314,242.13
2021-02-19 10:00:00,243.3614,245.2928,241.4299,243.1531,48.2338,243.3614,0.1151,0.1396,241.64
2021-02-19 09:00:00,243.3854,245.2658,241.5051,243.2044,53.9465,243.3854,0.109,0.3256,244.6
2021-02-19 08:00:00,243.3631,245.2169,241.5094,243.1571,53.8193,243.3631,0.0548,0.2569,244.53
2021-02-19 07:00:00,243.3415,245.1704,241.5126,243.1106,52.568,243.3415,0.0042,0.1726,243.85
2021-02-19 06:00:00,243.323,245.1534,241.4927,243.0855,52.9623,243.323,-0.0379,0.1318,244.04
2021-02-19 05:00:00,243.3056,245.1282,241.483,243.0532,52.9074,243.3056,-0.0803,0.0583,244.01
2021-02-18 20:00:00,243.288,245.1034,241.4725,243.0207,50.8996,243.288,-0.1149,-0.0332,242.94
2021-02-18 19:00:00,243.298,245.1123,241.4837,243.0235,50.4727,243.298,-0.1353,-0.0406,242.72
2021-02-18 18:00:00,243.31,245.1184,241.5016,243.0337,51.6366,243.31,-0.159,-0.0271,243.3
2021-02-18 17:00:00,243.3087,245.1173,241.5002,243.0247,51.9412,243.3087,-0.192,-0.0684,243.45
2021-02-18 16:00:00,243.3004,245.1109,241.49,243.0103,52.6333,243.3004,-0.2229,-0.1355,243.79
2021-02-18 15:00:00,243.298,245.1061,241.4898,242.9839,51.7407,243.298,-0.2447,-0.2538,243.31
2021-02-18 14:00:00,243.3085,245.1241,241.4929,242.9728,50.2225,243.3085,-0.2424,-0.3522,242.52
2021-02-18 13:00:00,243.3305,245.1393,241.5216,242.9882,48.9018,243.3305,-0.215,-0.3922,241.86
2021-02-18 12:00:00,243.366,245.1413,241.5907,243.0264,48.1434,243.366,-0.1707,-0.3703,241.49
2021-02-18 11:00:00,243.4072,245.12,241.6943,243.0785,48.4685,243.4072,-0.1208,-0.2994,241.66
2021-02-18 10:00:00,243.427,245.0852,241.7689,243.1266,49.1094,243.427,-0.0762,-0.2218,241.9942
2021-02-18 09:00:00,243.4359,245.0688,241.8029,243.165,49.3509,243.4359,-0.0397,-0.1536,242.12
2021-02-18 08:00:00,243.4389,245.0627,241.8152,243.2004,50.0826,243.4389,-0.0113,-0.0771,242.5
2021-02-18 07:00:00,243.4456,245.0571,241.8342,243.2241,50.6657,243.4456,0.0052,-0.0171,242.8
2021-02-18 06:00:00,243.4425,245.0596,241.8254,243.2385,50.2671,243.4425,0.0107,0.0293,242.59
2021-02-18 05:00:00,243.4339,245.0746,241.7932,243.2605,50.7665,243.4339,0.0061,0.1095,242.85
2021-02-17 20:00:00,243.4437,245.0774,241.8101,243.2744,53.3946,243.4437,-0.0197,0.1837,244.16
2021-02-17 19:00:00,243.4276,245.0517,241.8035,243.2444,53.4777,243.4276,-0.0706,0.1423,244.2
2021-02-17 18:00:00,243.4146,245.0262,241.803,243.212,53.3885,243.4146,-0.1238,0.0835,244.15
2021-02-17 17:00:00,243.4032,245.0034,241.8029,243.1802,53.4288,243.4032,-0.1757,0.0122,244.17
2021-02-17 16:00:00,243.391,244.9788,241.8032,243.1466,53.6078,243.391,-0.2226,-0.081,244.26
2021-02-17 15:00:00,243.3423,244.9984,241.6862,243.1089,51.8815,243.3423,-0.258,-0.208,243.28
2021-02-17 14:00:00,243.3206,245.0132,241.6279,243.1031,51.6468,243.3206,-0.2705,-0.2672,243.15
2021-02-17 13:00:00,243.3046,245.0212,241.588,243.1015,50.8675,243.3046,-0.2713,-0.3256,242.7201
2021-02-17 12:00:00,243.2975,245.0272,241.5679,243.1144,49.6991,243.2975,-0.2578,-0.3518,242.09
2021-02-17 11:00:00,243.3003,245.0228,241.5777,243.1492,50.7539,243.3003,-0.2343,-0.3158,242.65
2021-02-17 10:00:00,243.3022,245.0221,241.5822,243.1661,50.0087,243.3022,-0.2139,-0.3223,242.25
2021-02-17 09:00:00,243.2871,245.0587,241.5156,243.1971,49.6528,243.2871,-0.1868,-0.2853,242.06
2021-02-17 08:00:00,243.2717,245.1007,241.4427,243.2357,51.4341,243.2717,-0.1622,-0.2145,243.0
2021-02-17 07:00:00,243.2334,245.1766,241.2902,243.2437,51.6862,243.2334,-0.1491,-0.2167,243.13
2021-02-17 06:00:00,243.2033,245.2068,241.1998,243.2475,51.84,243.2033,-0.1322,-0.2296,243.21
2021-02-17 05:00:00,243.2164,245.2301,241.2026,243.2488,51.8224,243.2164,-0.1078,-0.2509,243.2
2021-02-16 20:00:00,243.2322,245.2601,241.2044,243.2504,50.9281,243.2322,-0.0721,-0.2734,242.6935
2021-02-16 19:00:00,243.2474,245.2725,241.2222,243.2693,50.5548,243.2474,-0.0217,-0.2465,242.4839
2021-02-16 18:00:00,243.271,245.293,241.249,243.296,51.1009,243.271,0.0345,-0.1874,242.7832
2021-02-16 17:00:00,243.2936,245.3236,241.2636,243.3133,51.1733,243.2936,0.0899,-0.1396,242.8232
2021-02-16 16:00:00,243.3147,245.3511,241.2784,243.3299,51.769,243.3147,0.1473,-0.0806,243.1524
2021-02-16 15:00:00,243.3195,245.3557,241.2834,243.336,51.3532,243.3195,0.2043,-0.0378,242.9066
2021-02-16 14:00:00,243.3294,245.3633,241.2956,243.3505,51.4442,243.3294,0.2648,0.0426,242.9578
2021-02-16 13:00:00,243.34,245.3726,241.3074,243.3638,52.8132,243.34,0.3203,0.1392,243.7211
2021-02-16 12:00:00,243.3378,245.3691,241.3066,243.3517,51.4999,243.3378,0.3656,0.1829,242.9313
2021-02-16 11:00:00,243.343,245.3716,241.3144,243.366,52.4273,243.343,0.4113,0.3164,243.4417
2021-02-16 10:00:00,243.3503,245.3835,241.3172,243.3634,53.1632,243.3503,0.435,0.4301,243.8408
2021-02-16 09:00:00,243.3322,245.3669,241.2975,243.3472,55.0635,243.3322,0.4362,0.5285,244.8385
2021-02-16 08:00:00,243.2921,245.3012,241.2831,243.2967,55.6503,243.2921,0.4131,0.5447,245.1378
2021-02-16 07:00:00,243.2509,245.2076,241.2942,243.2343,55.8649,243.2509,0.3802,0.5271,245.2476
2021-02-16 06:00:00,243.2263,245.118,241.3346,243.166,55.4657,243.2263,0.3435,0.4857,244.9882
2021-02-16 05:00:00,243.1965,245.0317,241.3613,243.1042,55.2513,243.1965,0.308,0.4522,244.8485
2021-02-12 20:00:00,243.136,244.9887,241.2833,243.0451,55.0843,243.136,0.2719,0.4171,244.7388
2021-02-12 19:00:00,243.0803,244.9379,241.2227,242.9877,54.9189,243.0803,0.2356,0.3774,244.629
2021-02-12 18:00:00,243.0328,244.8753,241.1902,242.9321,54.8594,243.0328,0.2002,0.3325,244.5891
2021-02-12 17:00:00,242.9764,244.832,241.1208,242.8759,54.7861,242.9764,0.1671,0.2743,244.5392
2021-02-12 16:00:00,242.9298,244.7663,241.0933,242.8195,54.7283,242.9298,0.1403,0.2012,244.4993
2021-02-12 15:00:00,242.8789,244.7078,241.05,242.7626,53.4776,242.8789,0.1251,0.109,243.6463
2021-02-12 14:00:00,242.8464,244.6889,241.004,242.7326,52.6271,242.8464,0.1292,0.0765,243.0826
2021-02-12 13:00:00,242.8245,244.6864,240.9625,242.7207,52.9303,242.8245,0.1423,0.0914,243.2622
2021-02-12 12:00:00,242.8009,244.6759,240.9258,242.7024,52.8858,242.8009,0.155,0.0908,243.2322
2021-02-12 11:00:00,242.7789,244.6641,240.8938,242.6844,52.1598,242.7789,0.1711,0.0918,242.7433
2021-02-12 10:00:00,242.7435,244.7082,240.7788,242.6824,52.5662,242.7435,0.1909,0.1415,242.9928
2021-02-12 09:00:00,242.7099,244.7247,240.6952,242.6719,52.508,242.7099,0.2032,0.1774,242.9529
2021-02-12 08:00:00,242.6766,244.7396,240.6137,242.6624,53.4596,242.6766,0.2097,0.2248,243.5415
2021-02-12 07:00:00,242.6329,244.7316,240.5343,242.6326,53.3186,242.6329,0.2059,0.222,243.4417
2021-02-12 06:00:00,242.6048,244.7046,240.505,242.6052,53.0106,242.6048,0.2019,0.2254,243.2222
2021-02-12 05:00:00,242.5953,244.689,240.5016,242.5842,52.6335,242.5953,0.1961,0.2488,242.9529
2021-02-11 20:00:00,242.5935,244.6861,240.5009,242.5717,53.7167,242.5935,0.1829,0.3025,243.6412
2021-02-11 19:00:00,242.5775,244.6525,240.5026,242.5355,54.1938,242.5775,0.153,0.2965,243.9406
2021-02-11 18:00:00,242.5627,244.6111,240.5144,242.4879,54.0601,242.5627,0.1171,0.2541,243.8408
2021-02-11 17:00:00,242.5479,244.5718,240.5241,242.442,54.2938,242.5479,0.0828,0.2065,243.9905
2021-02-11 16:00:00,242.5338,244.5288,240.5388,242.3895,54.2549,242.5338,0.0519,0.1274,243.9605
2021-02-11 15:00:00,242.4969,244.4667,240.527,242.3362,52.7923,242.4969,0.0331,0.0277,242.8524
2021-02-11 14:00:00,242.4738,244.4589,240.4887,242.3188,52.3481,242.4738,0.0344,0.0128,242.5238
2021-02-11 13:00:00,242.4583,244.456,240.4606,242.3118,52.0517,242.4583,0.0398,0.0271,242.3043
2021-02-11 12:00:00,242.4488,244.4547,240.4429,242.3121,52.9338,242.4488,0.043,0.0673,242.9024
2021-02-11 11:00:00,242.4279,244.4406,240.4151,242.292,52.552,242.4279,0.0369,0.0567,242.6136
2021-02-11 10:00:00,242.4009,244.446,240.3558,242.2811,51.8285,242.4009,0.032,0.0718,242.0699
2021-02-11 09:00:00,242.387,244.4522,240.3219,242.2883,53.8663,242.387,0.022,0.1454,243.4417
2021-02-11 08:00:00,242.3621,244.4118,240.3124,242.2492,53.5397,242.3621,-0.0088,0.0975,243.1923
2021-02-11 07:00:00,242.3157,244.4136,240.2178,242.2172,53.8848,242.3157,-0.0354,0.0604,243.4218
2021-02-11 06:00:00,242.2763,244.3784,240.1742,242.1764,53.9443,242.2763,-0.0593,-0.0113,243.4617
2021-02-11 05:00:00,242.2214,244.3683,240.0745,242.1328,53.9193,242.2214,-0.0713,-0.1066,243.4417
2021-02-10 20:00:00,242.1915,244.3195,240.0635,242.0885,51.1692,242.1915,-0.0625,-0.2247,241.3366
2021-02-10 19:00:00,242.206,244.3223,240.0896,242.1139,52.0966,242.206,-0.0219,-0.1578,241.9751
2021-02-10 18:00:00,242.2086,244.3242,240.0931,242.1187,52.4177,242.2086,0.0121,-0.1352,242.1946
2021-02-10 17:00:00,242.1973,244.3203,240.0743,242.1161,52.5625,242.1973,0.0489,-0.1267,242.2944
2021-02-10 16:00:00,242.195,244.3178,240.0721,242.11,52.5109,242.195,0.0928,-0.1242,242.2545
2021-02-10 15:00:00,242.174,244.3188,240.0293,242.1051,53.2369,242.174,0.147,-0.115,242.7633
2021-02-10 14:00:00,242.1463,244.3029,239.9896,242.0828,51.397,242.1463,0.2125,-0.1535,241.3465
2021-02-10 13:00:00,242.1403,244.3078,239.9728,242.1078,51.1173,242.1403,0.304,-0.0562,241.137
2021-02-10 12:00:00,242.1408,244.3073,239.9742,242.1407,50.5309,242.1408,0.3941,0.0902,240.6981
2021-02-10 11:00:00,242.1518,244.2955,240.008,242.1896,51.3991,242.1518,0.47,0.3204,241.3266
2021-02-10 10:00:00,242.1411,244.3074,239.9748,242.2189,55.3718,242.1411,0.5074,0.5456,243.9955
2021-02-10 09:00:00,242.074,244.2557,239.8923,242.1586,55.6167,242.074,0.4979,0.5534,244.1501
2021-02-10 08:00:00,242.0055,244.1803,239.8307,242.0911,54.921,242.0055,0.484,0.5395,243.6014
2021-02-10 07:00:00,241.9521,244.1248,239.7794,242.0399,55.3867,241.9521,0.4701,0.5698,243.9007
2021-02-10 06:00:00,241.8941,244.0414,239.7468,241.9769,55.7586,241.8941,0.4452,0.5697,244.1401
2021-02-10 05:00:00,241.8539,243.9202,239.7875,241.9035,55.6976,241.8539,0.4141,0.537,244.0903
2021-02-09 20:00:00,241.8399,243.8563,239.8235,241.8294,54.9035,241.8399,0.3833,0.4924,243.4417
2021-02-09 19:00:00,241.8283,243.8154,239.8411,241.7747,54.993,241.8283,0.3561,0.4944,243.5016
2021-02-09 18:00:00,241.8166,243.7723,239.8609,241.7162,55.1255,241.8166,0.3215,0.4837,243.5914
2021-02-09 17:00:00,241.8126,243.7548,239.8705,241.6526,55.1255,241.8126,0.2809,0.4538,243.5914
2021-02-09 16:00:00,241.7973,243.6972,239.8974,241.5869,54.7151,241.7973,0.2377,0.409,243.2422
2021-02-09 15:00:00,241.7857,243.6584,239.913,241.5308,55.6298,241.7857,0.1949,0.3815,243.8807
2021-02-09 14:00:00,241.7644,243.5691,239.9596,241.4511,54.3035,241.7644,0.1483,0.2758,242.7533
2021-02-09 13:00:00,241.7626,243.5635,239.9616,241.407,53.92,241.7626,0.1164,0.2517,242.434
2021-02-09 12:00:00,241.771,243.5893,239.9528,241.3722,54.2417,241.771,0.0825,0.2498,242.6635
2021-02-09 11:00:00,241.7664,243.5769,239.9559,241.3284,55.8227,241.7664,0.0407,0.2204,243.771
2021-02-09 10:00:00,241.7558,243.526,239.9855,241.2456,55.1628,241.7558,-0.0042,0.0668,243.2023
2021-02-09 09:00:00,241.7587,243.5394,239.9781,241.1793,52.7401,241.7587,-0.022,-0.0722,241.2175
2021-02-09 08:00:00,241.7873,243.5873,239.9874,241.178,52.9939,241.7873,-0.0095,-0.0465,241.3964
2021-02-09 07:00:00,241.8067,243.6145,239.999,241.1706,53.5307,241.8067,-0.0002,-0.0313,241.7756
2021-02-09 06:00:00,241.7934,243.6136,239.9733,241.1501,52.8258,241.7934,0.0076,-0.0501,241.2069
2021-02-09 05:00:00,241.8062,243.6205,239.9919,241.1481,53.583,241.8062,0.022,-0.0153,241.7456
2021-02-08 20:00:00,241.7613,243.7079,239.8148,241.1279,53.2167,241.7613,0.0313,-0.0256,241.4463
2021-02-08 19:00:00,241.714,243.8208,239.6071,241.1171,53.5629,241.714,0.0456,-0.008,241.6956
2021-02-08 18:00:00,241.689,243.8312,239.5468,241.0975,53.6592,241.689,0.059,-0.0106,241.7656
2021-02-08 17:00:00,241.6579,243.8484,239.4674,241.0748,53.7677,241.6579,0.0764,-0.021,241.8454
2021-02-08 16:00:00,241.6197,243.8749,239.3644,241.0487,53.8614,241.6197,0.1007,-0.0421,241.9152
2021-02-08 15:00:00,241.5819,243.8913,239.2726,241.0193,52.3449,241.5819,0.1364,-0.0756,240.6182
2021-02-08 14:00:00,241.5508,243.9594,239.1423,241.0329,52.8176,241.5508,0.1894,0.0149,240.9774
2021-02-08 13:00:00,241.5157,244.0163,239.0152,241.0348,52.7944,241.5157,0.2331,0.0937,240.9574
2021-02-08 12:00:00,241.4798,244.0716,238.888,241.0375,52.7485,241.4798,0.2679,0.1948,240.9175
2021-02-08 11:00:00,241.4467,244.116,238.7775,241.0415,53.8269,241.4467,0.2862,0.3251,241.7543
2021-02-08 10:00:00,241.43,244.1039,238.7561,241.0174,55.0155,241.43,0.2764,0.4016,242.6535
2021-02-08 09:00:00,241.3901,244.0612,238.7189,240.9619,55.2685,241.3901,0.2452,0.4017,242.8431
2021-02-08 08:00:00,241.3369,244.0172,238.6567,240.8981,55.0975,241.3369,0.206,0.3767,242.6835
2021-02-08 07:00:00,241.2905,243.9723,238.6088,240.8376,55.5806,241.2905,0.1634,0.3557,243.0526
2021-02-08 06:00:00,241.2332,243.9089,238.5574,240.7625,55.4768,241.2332,0.1153,0.286,242.9529
2021-02-08 05:00:00,241.1859,243.8386,238.5331,240.6883,55.72,241.1859,0.0726,0.2031,243.1424
2021-02-05 20:00:00,241.1468,243.7517,238.5418,240.6051,54.2676,241.1468,0.04,0.0749,241.7456
2021-02-05 19:00:00,241.1383,243.7387,238.5379,240.5664,53.9707,241.1383,0.0312,0.0526,241.4663
2021-02-05 18:00:00,241.1255,243.7269,238.5241,240.5359,54.1312,241.1255,0.0259,0.0517,241.596
2021-02-05 17:00:00,241.1172,243.7157,238.5187,240.5,54.3021,241.1172,0.0195,0.0366,241.7357
2021-02-05 16:00:00,241.1011,243.696,238.5061,240.4581,54.2107,241.1011,0.0152,0.0026,241.6459
2021-02-05 15:00:00,241.0645,243.6894,238.4395,240.4178,53.5508,241.0645,0.0183,-0.0317,240.9973
2021-02-05 14:00:00,241.046,243.6881,238.4039,240.3982,53.8313,241.046,0.0308,-0.009,241.2358
2021-02-05 13:00:00,241.0121,243.6955,238.3287,240.3698,54.669,241.0121,0.0408,-0.0042,241.9452
2021-02-05 12:00:00,240.9629,243.6841,238.2417,240.3164,53.1151,240.9629,0.0521,-0.0702,240.4087
2021-02-05 11:00:00,240.9401,243.702,238.1782,240.3133,53.8817,240.9401,0.0826,0.0031,241.0572
2021-02-05 10:00:00,240.9251,243.6941,238.1562,240.288,52.9678,240.9251,0.1025,0.0305,240.1692
2021-02-05 09:00:00,240.9335,243.6963,238.1708,240.2921,54.7417,240.9335,0.1205,0.1554,241.6459
2021-02-05 08:00:00,240.9177,243.6749,238.1606,240.2462,55.4324,240.9177,0.1118,0.1622,242.2046
2021-02-05 07:00:00,240.8699,243.6357,238.104,240.1798,55.3632,240.8699,0.0992,0.1117,242.1347
2021-02-05 06:00:00,240.7709,243.7641,237.7777,240.1135,54.751,240.7709,0.096,0.0528,241.5162
2021-02-05 05:00:00,240.6324,244.1907,237.0741,240.066,55.5239,240.6324,0.1069,0.0397,242.1547
2021-02-04 20:00:00,240.5042,244.3745,236.6339,239.9952,54.3761,240.5042,0.1236,-0.0426,240.9974
2021-02-04 19:00:00,240.3856,244.608,236.1632,239.9612,54.4952,240.3856,0.1652,-0.0291,241.0971
2021-02-04 18:00:00,240.2742,244.7602,235.7882,239.9227,54.387,240.2742,0.2138,-0.0217,240.9874
2021-02-04 17:00:00,240.1563,244.9241,235.3886,239.8866,54.5959,240.1563,0.2726,-0.0007,241.167
2021-02-04 16:00:00,240.0353,245.0563,235.0142,239.8432,54.8144,240.0353,0.3409,0.0078,241.3565
2021-02-04 15:00:00,239.8671,245.3539,234.3804,239.7919,54.1785,239.8671,0.4242,-0.0007,240.6881
2021-02-04 14:00:00,239.7095,245.62,233.799,239.7615,53.4869,239.7095,0.5304,0.0565,239.9698
2021-02-04 13:00:00,239.5667,245.8477,233.2857,239.7544,53.5641,239.5667,0.6489,0.2018,240.0395
2021-02-04 12:00:00,239.4207,246.0486,232.7928,239.7448,53.9584,239.4207,0.7607,0.3771,240.3987
2021-02-04 11:00:00,239.2692,246.2089,232.3295,239.7226,53.9804,239.2692,0.8566,0.559,240.4189
2021-02-04 10:00:00,239.1433,246.2666,232.02,239.699,55.4163,239.1433,0.931,0.7808,241.7257
2021-02-04 09:00:00,238.9883,246.2827,231.694,239.6303,57.163,238.9883,0.9686,0.9196,243.2522
2021-02-04 08:00:00,238.7972,246.2343,231.3601,239.5075,56.7158,238.7972,0.9808,0.9279,242.7433
2021-02-04 07:00:00,238.6578,246.1073,231.2084,239.3978,56.7844,238.6578,0.9941,0.9769,242.8032
2021-02-04 06:00:00,238.5545,245.9428,231.1662,239.2824,57.4101,238.5545,0.9984,1.019,243.3519
2021-02-04 05:00:00,238.4276,245.7431,231.1121,239.1445,56.8318,238.4276,0.9932,1.0021,242.6735
2021-02-03 20:00:00,238.3207,245.5721,231.0693,239.0248,56.7213,238.3207,0.991,1.0351,242.5438
2021-02-03 19:00:00,238.1898,245.415,230.9647,238.9055,56.7873,238.1898,0.9799,1.0753,242.6037
2021-02-03 18:00:00,238.059,245.244,230.874,238.7802,56.8306,238.059,0.9561,1.1049,242.6436
2021-02-03 17:00:00,237.9289,245.0595,230.7984,238.6492,57.1522,237.9289,0.9189,1.1225,242.9429
2021-02-03 16:00:00,237.7836,244.8547,230.7125,238.5037,56.7025,237.7836,0.868,1.0982,242.3842
2021-02-03 15:00:00,237.6752,244.6598,230.6906,238.3721,57.4971,237.6752,0.8104,1.1081,243.1324
2021-02-03 14:00:00,237.5556,244.4068,230.7045,238.2108,57.7625,237.5556,0.736,1.0284,243.3819
2021-02-03 13:00:00,237.4497,244.1317,230.7677,238.0355,57.4146,237.4497,0.6629,0.8863,242.9329
2021-02-03 12:00:00,237.3395,243.8725,230.8064,237.8695,57.1272,237.3395,0.6071,0.7378,242.5612
2021-02-03 11:00:00,237.2698,243.6664,230.8732,237.7104,55.8794,237.2698,0.5744,0.5754,240.9774
2021-02-03 10:00:00,237.2627,243.6436,230.8817,237.5997,56.9053,237.2627,0.5742,0.521,241.9751
2021-02-03 09:00:00,237.2552,243.6151,230.8953,237.4514,54.4984,237.2552,0.5875,0.3423,239.0518
2021-02-03 08:00:00,237.3028,243.7576,230.8479,237.3971,54.1114,237.3028,0.6488,0.407,238.6028
2021-02-03 07:00:00,237.3177,243.7887,230.8467,237.3562,55.7701,237.3177,0.7092,0.5293,240.1992
2021-02-03 06:00:00,237.2998,243.7446,230.8549,237.2599,55.5187,237.2998,0.7542,0.5152,239.8999
2021-02-03 05:00:00,237.2355,243.6522,230.8188,237.1704,55.2267,237.2355,0.814,0.5202,239.5507
2021-02-02 20:00:00,237.1344,243.593,230.6758,237.0897,55.3287,237.1344,0.8875,0.5545,239.6504
2021-02-02 19:00:00,237.003,243.5713,230.4348,237.0029,54.5862,237.003,0.9707,0.5801,238.7525
2021-02-02 18:00:00,236.8813,243.5847,230.178,236.9436,54.7055,236.8813,1.0683,0.6958,238.8722
2021-02-02 17:00:00,236.7338,243.6418,229.8259,236.8782,54.6486,236.7338,1.1615,0.8211,238.8024
2021-02-02 16:00:00,236.5775,243.7119,229.4431,236.813,54.7741,236.5775,1.2465,0.9763,238.9321
2021-02-02 15:00:00,236.4614,243.6651,229.2578,236.7411,56.5619,236.4614,1.3141,1.1469,240.7479
2021-02-02 14:00:00,236.3035,243.5398,229.0671,236.6053,56.1833,236.3035,1.3559,1.1631,240.259
2021-02-02 13:00:00,236.1653,243.4108,228.9197,236.4815,55.7146,236.1653,1.4041,1.2166,239.6554
2021-02-02 12:00:00,236.0476,243.2919,228.8034,236.3739,55.9529,236.0476,1.451,1.3287,239.8999
2021-02-02 11:00:00,235.9252,243.1532,228.6973,236.2543,55.7325,235.9252,1.4816,1.4275,239.6105
2021-02-02 10:00:00,235.7778,243.0598,228.4957,236.1406,56.2142,235.7778,1.4952,1.5623,240.1144
2021-02-02 09:00:00,235.6684,242.8834,228.4534,236.0059,56.8697,235.6684,1.4784,1.6604,240.7978
2021-02-02 08:00:00,235.6052,242.7049,228.5055,235.8434,57.2917,235.6052,1.4329,1.6919,241.2368
2021-02-02 07:00:00,235.4911,242.4437,228.5386,235.6606,56.9058,235.4911,1.3681,1.6627,240.698
2021-02-02 06:00:00,235.4479,242.3019,228.5939,235.4898,57.2828,235.4479,1.2945,1.6562,241.0971
2021-02-02 05:00:00,235.3503,242.0446,228.6559,235.2998,57.052,235.3503,1.204,1.5831,240.7679
2021-02-01 20:00:00,235.2926,241.8576,228.7276,235.1144,56.1193,235.2926,1.1093,1.5003,239.4509
2021-02-01 19:00:00,235.2309,241.7074,228.7544,234.9674,56.5216,235.2309,1.0115,1.5069,239.8899
2021-02-01 18:00:00,235.19,241.5787,228.8013,234.8005,56.0356,235.19,0.8876,1.4488,239.2015
2021-02-01 17:00:00,235.1875,241.57,228.8049,234.6514,55.888,235.1875,0.7474,1.4235,238.9919
2021-02-01 16:00:00,235.1993,241.6125,228.7861,234.5042,55.932,235.1993,0.5783,1.392,239.0418
2021-02-01 15:00:00,235.2214,241.6963,228.7465,234.3504,56.918,235.2214,0.3749,1.3263,240.1593
2021-02-01 14:00:00,235.2413,241.784,228.6987,234.1535,57.3754,235.2413,0.1371,1.1095,240.6731
2021-02-01 13:00:00,235.2236,241.7129,228.7343,233.9325,57.3974,235.2236,-0.106,0.7643,240.698
2021-02-01 12:00:00,235.2394,241.7863,228.6925,233.7031,56.4979,235.2394,-0.3236,0.31,239.3312
2021-02-01 11:00:00,235.1181,241.6269,228.6093,233.5124,54.3244,235.1181,-0.482,-0.1351,236.1983
2021-02-01 10:00:00,235.0644,241.5898,228.5389,233.4213,52.0747,235.0644,-0.5688,-0.3824,233.2052
2021-02-01 09:00:00,235.0551,241.5927,228.5175,233.4286,53.156,235.0551,-0.6154,-0.3876,234.4623
2021-02-01 08:00:00,235.006,241.6046,228.4073,233.3936,52.7115,235.006,-0.6723,-0.5167,233.8837
2021-02-01 07:00:00,234.9559,241.633,228.2789,233.377,53.1648,234.9559,-0.7112,-0.6149,234.4124
2021-02-01 06:00:00,234.9332,241.6267,228.2396,233.3419,52.7882,234.9332,-0.7353,-0.7853,233.9136
2021-02-01 05:00:00,234.892,241.6403,228.1438,233.3225,52.7807,234.892,-0.7228,-0.9405,233.9036
2021-01-29 20:00:00,234.8501,241.6534,228.0468,233.3028,50.7589,234.8501,-0.6684,-1.1238,231.2697
2021-01-29 19:00:00,234.8393,241.6674,228.0113,233.3717,50.7275,234.8393,-0.5545,-1.0734,231.2297
2021-01-29 18:00:00,234.815,241.7043,227.9258,233.4443,50.8637,234.815,-0.4248,-0.9893,231.4
2021-01-29 17:00:00,234.778,241.7637,227.7922,233.5136,50.7718,234.778,-0.2836,-0.8849,231.2796
2021-01-29 16:00:00,234.7345,241.838,227.6311,233.5894,50.795,234.7345,-0.1333,-0.7266,231.3096
2021-01-29 15:00:00,234.6998,241.8898,227.5098,233.6666,52.0118,234.6998,0.015,-0.5169,232.866
2021-01-29 14:00:00,234.6391,241.9505,227.3277,233.6938,51.6908,234.6391,0.148,-0.4003,232.427
2021-01-29 13:00:00,234.5816,242.015,227.1481,233.7367,51.2206,234.5816,0.285,-0.2009,231.7835
2021-01-29 12:00:00,234.5381,242.0664,227.0098,233.8029,53.2804,234.5381,0.4065,0.122,234.3825
2021-01-29 11:00:00,234.4483,242.1092,226.7873,233.7833,55.1434,234.4483,0.4777,0.2677,236.603
2021-01-29 10:00:00,234.3066,242.116,226.4971,233.6877,54.5354,234.3066,0.5302,0.2238,235.7394
2021-01-29 09:00:00,234.1793,242.1387,226.2199,233.6182,54.9756,234.1793,0.6068,0.2523,236.2582
2021-01-29 08:00:00,234.0256,242.1723,225.879,233.5287,53.8702,234.0256,0.6954,0.2323,234.6918
2021-01-29 07:00:00,233.8884,242.2597,225.5171,233.4892,53.9199,233.8884,0.8112,0.3629,234.7517
2021-01-29 06:00:00,233.737,242.3651,225.1089,233.4464,53.9935,233.737,0.9232,0.5181,234.8415
2021-01-29 05:00:00,233.6042,242.4038,224.8047,233.3992,53.5644,233.6042,1.0245,0.6996,234.2229
2021-01-28 20:00:00,233.5051,242.4079,224.6024,233.3712,54.9127,233.5051,1.1058,0.9841,235.8791
2021-01-28 19:00:00,233.3793,242.3574,224.4011,233.2862,54.9783,233.3793,1.1362,1.1642,235.9589
2021-01-28 18:00:00,233.258,242.2899,224.2262,233.1956,55.8556,233.258,1.1292,1.369,237.0265
2021-01-28 17:00:00,233.1277,242.164,224.0914,233.0658,55.3911,233.1277,1.0692,1.5019,236.3181
2021-01-28 16:00:00,233.0086,242.0619,223.9554,232.9555,57.114,233.0086,0.961,1.7217,238.3833
2021-01-28 15:00:00,232.8052,241.9144,223.696,232.7715,59.0059,232.8052,0.7709,1.7669,240.5484
2021-01-28 14:00:00,232.5633,241.6079,223.5187,232.5079,59.8869,232.5633,0.5219,1.5786,241.5261
2021-01-28 13:00:00,232.3117,241.1832,223.4402,232.2022,60.2298,232.3117,0.2577,1.2156,241.9053
2021-01-28 12:00:00,232.0453,240.7059,223.3847,231.8733,58.7572,232.0453,0.0182,0.6961,239.5008
2021-01-28 11:00:00,231.809,240.4165,223.2015,231.6147,58.519,231.809,-0.1513,0.2677,239.1216
2021-01-28 10:00:00,231.606,240.0878,223.1242,231.3602,56.5145,231.606,-0.256,-0.2445,236.0437
2021-01-28 09:00:00,231.4501,239.9437,222.9565,231.2015,54.7258,231.4501,-0.2589,-0.5812,233.4846
2021-01-28 08:00:00,231.341,239.8952,222.7868,231.1241,53.4636,231.341,-0.1783,-0.7419,231.7685
2021-01-28 07:00:00,231.2704,239.8791,222.6618,231.1022,53.225,231.2704,-0.0374,-0.7615,231.4492
2021-01-28 06:00:00,231.2334,239.8577,222.609,231.0905,52.147,231.2334,0.1437,-0.743,230.0225
2021-01-28 05:00:00,231.2122,239.8546,222.5699,231.1267,51.6876,231.2122,0.3653,-0.5633,229.4239
2021-01-27 20:00:00,231.1431,239.9071,222.379,231.1844,53.848,231.1431,0.5975,-0.2648,231.9681
2021-01-27 19:00:00,231.0317,239.92,222.1433,231.1578,53.3213,231.0317,0.8131,-0.139,231.2697
2021-01-27 18:00:00,230.9236,239.9543,221.8928,231.1541,53.9264,230.9236,1.0511,0.0948,231.9681
2021-01-27 17:00:00,230.7905,239.9894,221.5917,231.1265,54.4735,230.7905,1.2902,0.3206,232.5966
2021-01-27 16:00:00,230.6524,239.9866,221.3181,231.0766,54.4447,230.6524,1.5326,0.5402,232.5567
2021-01-27 15:00:00,230.5212,239.9653,221.077,231.0265,53.1302,230.5212,1.7807,0.8167,230.7608
2021-01-27 14:00:00,230.4246,239.9749,220.8742,231.0355,55.5826,230.4246,2.0217,1.3405,233.5534
2021-01-27 13:00:00,230.2734,239.9076,220.6392,230.9501,58.8877,230.2734,2.1919,1.7053,237.0065
2021-01-27 12:00:00,230.0647,239.6488,220.4806,230.7448,56.9836,230.0647,2.3136,1.7946,234.3925
2021-01-27 11:00:00,229.8979,239.5232,220.2727,230.6211,60.9208,229.8979,2.4433,2.1485,238.1021
2021-01-27 10:00:00,229.686,239.1378,220.2341,230.3676,58.7594,229.686,2.517,2.1914,235.2405
2021-01-27 09:00:00,229.5135,238.9312,220.0959,230.2024,61.1601,229.5135,2.5985,2.5055,237.3058
2021-01-27 08:00:00,229.32,238.5648,220.0751,229.9616,59.9474,229.32,2.6217,2.6597,235.7494
2021-01-27 07:00:00,229.1346,238.302,219.9673,229.7654,62.0099,229.1346,2.6122,2.9763,237.4355
2021-01-27 06:00:00,228.911,237.9106,219.9115,229.5054,64.0883,228.911,2.5212,3.1655,239.0518
2021-01-27 05:00:00,228.6386,237.3797,219.8974,229.1818,64.9472,228.6386,2.3601,3.1963,239.7003
2021-01-26 20:00:00,228.3767,236.7085,220.0448,228.8252,65.8415,228.3767,2.151,3.1231,240.3688
2021-01-26 19:00:00,228.102,235.9041,220.2998,228.4339,67.1858,228.102,1.908,2.9162,241.3565
2021-01-26 18:00:00,227.8075,234.8866,220.7283,227.9958,65.9784,227.8075,1.6559,2.5092,239.6105
2021-01-26 17:00:00,227.5354,234.0079,221.063,227.6021,68.8837,227.5354,1.4426,2.1309,241.6459
2021-01-26 16:00:00,227.2211,232.6733,221.769,227.1261,60.9031,227.2211,1.2706,1.4099,232.051
2021-01-26 15:00:00,227.103,232.4373,221.7688,226.9591,62.418,227.103,1.2358,1.446,232.9743
2021-01-26 14:00:00,226.9549,232.1197,221.7901,226.7552,62.0915,226.9549,1.1832,1.377,232.6492
2021-01-26 13:00:00,226.81,231.8129,221.8071,226.5554,60.9267,226.81,1.1348,1.3021,231.5146
2021-01-26 12:00:00,226.6845,231.5858,221.7833,226.3873,60.2556,226.6845,1.0929,1.303,230.8805
2021-01-26 11:00:00,226.5643,231.4014,221.7272,226.235,63.9486,226.5643,1.0404,1.3498,233.0486
2021-01-26 10:00:00,226.4172,230.9859,221.8485,226.004,62.2657,226.4172,0.9631,1.1691,231.4443
2021-01-26 09:00:00,226.2948,230.7092,221.8803,225.8196,62.2064,226.2948,0.9116,1.0849,231.3894
2021-01-26 08:00:00,226.1767,230.4152,221.9382,225.6308,61.3701,226.1767,0.8683,0.9672,230.6211
2021-01-26 07:00:00,226.0563,230.1922,221.9205,225.4616,60.4195,226.0563,0.8435,0.8811,229.7731
2021-01-26 06:00:00,225.9484,230.0282,221.8686,225.3155,59.7316,225.9484,0.8342,0.8447,229.1745
2021-01-26 05:00:00,225.8067,230.0169,221.5966,225.1847,59.1499,225.8067,0.8315,0.847,228.6756
2021-01-25 20:00:00,225.615,230.3054,220.9245,225.0664,60.0889,225.615,0.8277,0.8883,229.2243
2021-01-25 19:00:00,225.4159,230.4759,220.356,224.9254,60.0889,225.4159,0.8125,0.8723,229.2243
2021-01-25 18:00:00,225.2102,230.6251,219.7953,224.7797,59.8084,225.2102,0.7976,0.8392,228.9749
2021-01-25 17:00:00,225.0185,230.695,219.3421,224.6375,60.1408,225.0185,0.7872,0.8101,229.1745
2021-01-25 16:00:00,224.8148,230.7513,218.8783,224.4837,59.9438,224.8148,0.7814,0.7409,228.9949
2021-01-25 15:00:00,224.607,230.8108,218.4031,224.3307,58.9483,224.607,0.7915,0.6601,228.0989
2021-01-25 14:00:00,224.4142,230.885,217.9434,224.203,58.9541,224.4142,0.8244,0.6385,228.1025
2021-01-25 13:00:00,224.2187,230.936,217.5015,224.0708,57.7491,224.2187,0.8709,0.6014,227.0394
2021-01-25 12:00:00,224.0381,231.0197,217.0565,223.9702,57.0747,224.0381,0.9383,0.6534,226.4607
2021-01-25 11:00:00,223.8629,231.1152,216.6106,223.8858,56.1296,223.8629,1.0095,0.7693,225.6665
2021-01-25 10:00:00,223.6974,231.2255,216.1692,223.8254,58.0413,223.6974,1.0695,0.9869,226.8747
2021-01-25 09:00:00,223.5075,231.2763,215.7387,223.722,60.3878,223.5075,1.0901,1.1272,228.2765
2021-01-25 08:00:00,223.278,231.2797,215.2763,223.5677,60.4734,223.278,1.0809,1.1472,228.3264
2021-01-25 07:00:00,223.0247,231.3278,214.7215,223.4063,61.0861,223.0247,1.0643,1.1509,228.6856
2021-01-25 06:00:00,222.7696,231.2987,214.2405,223.2274,61.978,222.7696,1.0427,1.1024,229.2044
2021-01-25 05:00:00,222.5108,231.1841,213.8376,223.0248,61.9465,222.5108,1.0277,0.9716,229.1745
2021-01-22 20:00:00,222.2415,231.0727,213.4102,222.8163,58.569,222.2415,1.0418,0.7935,226.1813
2021-01-22 19:00:00,222.0266,231.0882,212.965,222.7022,58.3874,222.0266,1.1038,0.8595,226.0317
2021-01-22 18:00:00,221.8183,231.0747,212.5618,222.5894,59.0662,221.8183,1.1649,0.9464,226.4307
2021-01-22 17:00:00,221.6097,231.0039,212.2156,222.4592,58.4607,221.6097,1.2195,1.003,225.9219
2021-01-22 16:00:00,221.4109,230.9357,211.886,222.3418,57.7375,221.4109,1.2736,1.1124,225.3233
2021-01-22 15:00:00,221.1882,230.9583,211.4182,222.2407,60.5358,221.1882,1.3139,1.2968,226.9396
2021-01-22 14:00:00,220.9371,230.8759,210.9983,222.0814,60.2433,220.9371,1.3182,1.3487,226.6901
2021-01-22 13:00:00,220.694,230.7707,210.6174,221.9252,60.6844,220.694,1.3106,1.4208,226.9389
2021-01-22 12:00:00,220.4448,230.6305,210.2591,221.7552,61.7462,220.4448,1.283,1.4668,227.5332
2021-01-22 11:00:00,220.1874,230.4238,209.9511,221.5594,64.9289,220.1874,1.237,1.4437,229.2264
2021-01-22 10:00:00,219.9175,230.0397,209.7953,221.2995,64.4273,219.9175,1.1854,1.2208,228.7554
2021-01-22 09:00:00,219.6587,229.6572,209.6602,221.0467,60.3001,219.6587,1.1765,0.9665,225.2734
2021-01-22 08:00:00,219.4485,229.4961,209.4009,220.9035,60.3198,219.4485,1.229,0.9823,225.2834
2021-01-22 07:00:00,219.2485,229.3013,209.1956,220.755,59.6714,219.2485,1.2907,0.9873,224.7845
2021-01-22 06:00:00,219.0473,229.1321,208.9625,220.6184,58.6073,219.0473,1.3665,1.03,223.9864
2021-01-22 05:00:00,218.8666,228.9793,208.7539,220.5042,59.2219,218.8666,1.4506,1.1508,224.3056
2021-01-21 20:00:00,218.6817,228.7956,208.5678,220.3754,59.9562,218.6817,1.5256,1.2558,224.6848
2021-01-21 19:00:00,218.4906,228.5768,208.4045,220.2293,60.4995,218.4906,1.593,1.3329,224.964
2021-01-21 18:00:00,218.2898,228.3322,208.2473,220.0688,59.8867,218.2898,1.6581,1.3836,224.4852
2021-01-21 17:00:00,218.0929,228.1049,208.0809,219.9191,59.8867,218.0929,1.7267,1.4768,224.4852
2021-01-21 16:00:00,217.9,227.8577,207.9422,219.7643,59.7609,217.9,1.7892,1.5743,224.3854
2021-01-21 15:00:00,217.7108,227.5996,207.8219,219.6076,61.6623,217.7108,1.8429,1.6861,225.3832
2021-01-21 14:00:00,217.5076,227.2575,207.7576,219.4119,61.0654,217.5076,1.8821,1.7026,224.8943
2021-01-21 13:00:00,217.3112,226.9319,207.6904,219.226,62.6309,217.3112,1.927,1.7486,225.6924
2021-01-21 12:00:00,217.0945,226.5343,207.6547,219.0068,61.3333,217.0945,1.9715,1.7008,224.6299
2021-01-21 11:00:00,216.8929,226.1961,207.5897,218.8162,60.5594,216.8929,2.0392,1.7231,224.0193
2021-01-21 10:00:00,216.7177,225.8722,207.5633,218.6398,58.8114,216.7177,2.1183,1.7887,222.7027
2021-01-21 09:00:00,216.5644,225.6204,207.5083,218.5021,61.4212,216.5644,2.2007,1.9805,223.9864
2021-01-21 08:00:00,216.4029,225.2673,207.5385,218.3162,61.2899,216.4029,2.2557,2.0657,223.8866
2021-01-21 07:00:00,216.2405,224.9053,207.5756,218.1274,61.0291,216.2405,2.3032,2.1546,223.687
2021-01-21 06:00:00,216.1024,224.5495,207.6553,217.9389,60.5057,216.1024,2.3404,2.2571,223.288
2021-01-21 05:00:00,215.9714,224.2098,207.7329,217.7576,59.8429,215.9714,2.3612,2.3957,222.7891
2021-01-20 20:00:00,215.8503,223.8957,207.8049,217.587,64.4828,215.8503,2.3526,2.5886,224.9641
2021-01-20 19:00:00,215.6895,223.3776,208.0014,217.337,63.355,215.6895,2.2936,2.5757,224.0861
2021-01-20 18:00:00,215.5307,222.9057,208.1557,217.1082,63.1852,215.5307,2.223,2.6111,223.9564
2021-01-20 17:00:00,215.3684,222.4159,208.3209,216.876,63.2517,215.3684,2.126,2.6315,223.9864
2021-01-20 16:00:00,215.2129,221.8952,208.5306,216.635,62.8414,215.2129,1.9997,2.6162,223.6671
2021-01-20 15:00:00,215.093,221.4126,208.7735,216.3966,64.0677,215.093,1.8455,2.5912,224.2237
2021-01-20 14:00:00,214.9571,220.8195,209.0947,216.1313,63.909,214.9571,1.6591,2.4649,224.0961
2021-01-20 13:00:00,214.8255,220.1953,209.4558,215.8613,64.3682,214.8255,1.4576,2.2809,224.3056
2021-01-20 12:00:00,214.688,219.47,209.906,215.5751,63.2427,214.688,1.2518,1.9914,223.3977
2021-01-20 11:00:00,214.5633,218.788,210.3386,215.3099,63.1169,214.5633,1.0669,1.6855,223.2979
2021-01-20 10:00:00,214.4393,218.0186,210.8599,215.0391,59.5328,214.4393,0.9123,1.2806,220.6739
2021-01-20 09:00:00,214.3548,217.5614,211.1481,214.8481,53.6178,214.3548,0.8202,1.0124,217.172
2021-01-20 08:00:00,214.3238,217.456,211.1916,214.7693,53.8604,214.3238,0.7722,1.0119,217.2817
2021-01-20 07:00:00,214.2933,217.3444,211.2423,214.6842,53.1016,214.2933,0.7122,0.9854,216.8826
2021-01-20 06:00:00,214.2669,217.2546,211.2792,214.6096,54.3992,214.2669,0.644,0.9778,217.4713
2021-01-20 05:00:00,214.214,217.0829,211.3451,214.5126,53.4126,214.214,0.5605,0.894,216.9525
2021-01-19 20:00:00,214.1608,216.9417,211.3799,214.4299,52.5783,214.1608,0.4771,0.8269,216.5235
2021-01-19 19:00:00,214.1064,216.8273,211.3855,214.359,52.5998,214.1064,0.3897,0.7728,216.5334
2021-01-19 18:00:00,214.0647,216.7112,211.4182,214.2852,52.2923,214.0647,0.2939,0.6916,216.3738
2021-01-19 17:00:00,214.0369,216.6201,211.4537,214.2144,51.9667,214.0369,0.1945,0.5941,216.2042
2021-01-19 16:00:00,214.0136,216.5429,211.4844,214.147,51.4686,214.0136,0.0946,0.4783,215.9448
2021-01-19 15:00:00,213.9905,216.4737,211.5073,214.086,51.0656,213.9905,-0.0013,0.3499,215.7353
2021-01-19 14:00:00,213.9707,216.4166,211.5248,214.0301,50.5784,213.9707,-0.0891,0.2023,215.4824
2021-01-19 13:00:00,213.9538,216.3716,211.5361,213.9809,48.6416,213.9538,-0.162,0.0367,214.5081
2021-01-19 12:00:00,213.9547,216.3732,211.5361,213.963,45.6715,213.9547,-0.2117,-0.076,213.126
2021-01-19 11:00:00,213.9765,216.3884,211.5647,213.9914,46.1552,213.9765,-0.2456,-0.0779,213.3807
2021-01-19 10:00:00,213.9962,216.4075,211.5848,214.0121,46.7271,213.9962,-0.2876,-0.1053,213.68
2021-01-19 09:00:00,214.0128,216.4289,211.5966,214.0234,45.237,214.0128,-0.3331,-0.1691,213.0115
2021-01-19 08:00:00,214.0281,216.4303,211.6259,214.0577,45.763,214.0281,-0.3741,-0.1801,213.2909
2021-01-19 07:00:00,214.0427,216.4374,211.648,214.0837,46.216,214.0427,-0.4226,-0.2199,213.5303
2021-01-19 06:00:00,214.0555,216.4474,211.6637,214.1024,46.9587,214.0555,-0.4733,-0.2918,213.9194
2021-01-19 05:00:00,214.0658,216.4606,211.6711,214.1086,47.0922,214.0658,-0.5187,-0.4191,213.9893
2021-01-15 20:00:00,214.1032,216.5613,211.6452,214.1127,42.4221,214.1032,-0.5436,-0.5825,211.9639
2021-01-15 19:00:00,214.1872,216.6911,211.6834,214.1855,42.1997,214.1872,-0.5339,-0.5764,211.8741
2021-01-15 18:00:00,214.2727,216.8048,211.7406,214.2639,42.6133,214.2727,-0.5233,-0.5511,212.1036
2021-01-15 17:00:00,214.3545,216.918,211.791,214.3371,42.3233,214.3545,-0.5163,-0.5342,211.9839
2021-01-15 16:00:00,214.448,217.0672,211.8287,214.4169,42.517,214.448,-0.5118,-0.4926,212.0936
2021-01-15 15:00:00,214.5341,217.1778,211.8904,214.4956,44.2177,214.5341,-0.5166,-0.4435,213.0315
2021-01-15 14:00:00,214.6036,217.3043,211.9029,214.5453,44.5796,214.6036,-0.5349,-0.4699,213.225
2021-01-15 13:00:00,214.6694,217.4243,211.9145,214.59,43.2518,214.6694,-0.5511,-0.5165,212.6623
2021-01-15 12:00:00,214.7454,217.526,211.9647,214.6554,44.4036,214.7454,-0.5598,-0.5111,213.2819
2021-01-15 11:00:00,214.8074,217.6205,211.9943,214.7019,43.032,214.8074,-0.5719,-0.56,212.7122
2021-01-15 10:00:00,214.8864,217.7257,212.047,214.7694,43.8423,214.8864,-0.5749,-0.5561,213.1462
2021-01-15 09:00:00,214.9555,217.8237,212.0873,214.8244,43.9639,214.9555,-0.5796,-0.5873,213.2111
2021-01-15 08:00:00,215.0313,217.9511,212.1115,214.8791,43.9824,215.0313,-0.5777,-0.6251,213.221
2021-01-15 07:00:00,215.1045,218.059,212.1499,214.9353,43.256,215.1045,-0.5659,-0.6654,212.9118
2021-01-15 06:00:00,215.1869,218.1682,212.2057,215.0039,42.6904,215.1869,-0.541,-0.6756,212.6723
2021-01-15 05:00:00,215.258,218.199,212.3169,215.0829,43.113,215.258,-0.5073,-0.6544,212.9118
2021-01-14 20:00:00,215.3295,218.2473,212.4116,215.1565,43.3239,215.3295,-0.4706,-0.6422,213.0315
2021-01-14 19:00:00,215.4164,218.366,212.4668,215.2285,43.6035,215.4164,-0.4277,-0.6295,213.1911
2021-01-14 18:00:00,215.5004,218.4786,212.5222,215.2976,43.424,215.5004,-0.3772,-0.6204,213.1113
2021-01-14 17:00:00,215.5902,218.5995,212.5809,215.3717,42.4786,215.5902,-0.3165,-0.5916,212.6923
2021-01-14 16:00:00,215.6955,218.7336,212.6573,215.4626,42.1163,215.6955,-0.2477,-0.5035,212.5326
2021-01-14 15:00:00,215.8054,218.855,212.7557,215.5619,43.7776,215.8054,-0.1837,-0.3676,213.5107
2021-01-14 14:00:00,215.9018,219.0203,212.7833,215.6314,43.7545,215.9018,-0.1378,-0.2884,213.5003
2021-01-14 13:00:00,216.0009,219.1851,212.8167,215.7036,45.1608,216.0009,-0.1001,-0.1819,214.2985
2021-01-14 12:00:00,216.0882,219.3668,212.8097,215.7513,44.8144,216.0882,-0.0797,-0.1247,214.1399
2021-01-14 11:00:00,216.17,219.4946,212.8454,215.8059,47.1496,216.17,-0.0684,-0.0338,215.4039
2021-01-14 10:00:00,216.2246,219.6041,212.845,215.8195,47.1918,216.2246,-0.077,-0.0459,215.426
2021-01-14 09:00:00,216.2585,219.6462,212.8709,215.8329,47.3804,216.2585,-0.0848,-0.0629,215.5258
2021-01-14 08:00:00,216.2938,219.6942,212.8933,215.8433,46.9425,216.2938,-0.0903,-0.0939,215.3162
2021-01-14 07:00:00,216.3343,219.745,212.9235,215.8611,45.3233,216.3343,-0.0894,-0.1108,214.558
2021-01-14 06:00:00,216.3971,219.8136,212.9806,215.9053,44.5792,216.3971,-0.084,-0.0534,214.2188
2021-01-14 05:00:00,216.4665,219.8724,213.0606,215.9625,45.3648,216.4665,-0.0917,0.055,214.6577
2021-01-13 20:00:00,216.5156,219.9006,213.1306,216.0067,48.8675,216.5156,-0.1284,0.148,216.4736
2021-01-13 19:00:00,216.5261,219.9144,213.1378,215.9909,47.9777,216.5261,-0.1974,0.0796,216.0645
2021-01-13 18:00:00,216.548,219.9411,213.1549,215.9884,48.2597,216.548,-0.2667,0.0328,216.2042
2021-01-13 17:00:00,216.5723,219.9761,213.1685,215.9811,47.9373,216.5723,-0.3416,-0.0417,216.0545
2021-01-13 16:00:00,216.6049,220.0256,213.1842,215.9786,47.6379,216.6049,-0.4165,-0.1209,215.9149
2021-01-13 15:00:00,216.638,220.0697,213.2062,215.9808,47.5107,216.638,-0.4904,-0.206,215.855
2021-01-13 14:00:00,216.6671,220.1014,213.2328,215.985,46.9829,216.6671,-0.5615,-0.3055,215.6056
2021-01-13 13:00:00,216.702,220.135,213.269,215.9979,46.357,216.702,-0.6256,-0.4026,215.3112
2021-01-13 12:00:00,216.7388,220.1588,213.3189,216.0212,46.6231,216.7388,-0.6813,-0.4908,215.4559
2021-01-13 11:00:00,216.7777,220.1916,213.3639,216.0403,46.2886,216.7777,-0.7289,-0.611,215.2963
2021-01-13 10:00:00,216.8261,220.2367,213.4154,216.0655,44.1373,216.8261,-0.7584,-0.7392,214.2985
2021-01-13 09:00:00,216.8891,220.25,213.5282,216.1254,42.9237,216.8891,-0.7632,-0.7906,213.7598
2021-01-13 08:00:00,216.9541,220.2199,213.6883,216.2056,41.7718,216.9541,-0.7563,-0.7897,213.2609
2021-01-13 07:00:00,217.0296,220.1569,213.9023,216.3054,43.0887,217.0296,-0.748,-0.7264,214.0292
2021-01-13 06:00:00,217.0893,220.1204,214.0581,216.3826,44.3016,217.0893,-0.7533,-0.7132,214.7076
2021-01-13 05:00:00,217.1177,220.0904,214.145,216.4394,44.4827,217.1177,-0.7634,-0.7551,214.8074
2021-01-12 20:00:00,217.0958,220.1546,214.0369,216.4947,43.9192,217.0958,-0.7655,-0.8077,214.558
2021-01-12 19:00:00,217.0806,220.1979,213.9633,216.5604,43.8968,217.0806,-0.7549,-0.8377,214.548
2021-01-12 18:00:00,217.0592,220.2624,213.8559,216.6286,43.72,217.0592,-0.7342,-0.8627,214.4682
2021-01-12 17:00:00,217.039,220.3213,213.7567,216.7018,43.8729,217.039,-0.7021,-0.8741,214.558
2021-01-12 16:00:00,217.0208,220.3697,213.6718,216.7745,43.6143,217.0208,-0.6591,-0.885,214.4382
2021-01-12 15:00:00,216.9978,220.4349,213.5607,216.8537,43.8128,216.9978,-0.6027,-0.8739,214.558
2021-01-12 14:00:00,216.9687,220.5158,213.4216,216.9315,44.0098,216.9687,-0.5348,-0.8591,214.6777
2021-01-12 13:00:00,216.9326,220.6137,213.2515,217.0079,42.4186,216.9326,-0.4538,-0.84,213.9294
2021-01-12 12:00:00,216.9062,220.6944,213.118,217.1122,42.8014,216.9062,-0.3572,-0.7272,214.1689
2021-01-12 11:00:00,216.8656,220.8188,212.9124,217.212,43.0081,216.8656,-0.2647,-0.5971,214.2986
2021-01-12 10:00:00,216.8565,220.8358,212.8771,217.3108,43.3885,216.8565,-0.1816,-0.4354,214.538
2021-01-12 09:00:00,216.8653,220.8263,212.9042,217.4048,46.237,216.8653,-0.1182,-0.2472,216.2341
2021-01-12 08:00:00,216.8489,220.8283,212.8696,217.4445,47.6297,216.8489,-0.0859,-0.176,217.0024
2021-01-12 07:00:00,216.8158,220.8225,212.8092,217.4594,47.6297,216.8158,-0.0634,-0.1608,217.0024
2021-01-12 06:00:00,216.7764,220.8213,212.7316,217.4749,47.6477,216.7764,-0.039,-0.1391,217.0123
2021-01-12 05:00:00,216.7056,220.8783,212.5329,217.4906,48.6987,216.7056,-0.014,-0.1104,217.591
2021-01-11 20:00:00,216.6268,220.9068,212.3468,217.4872,48.0577,216.6268,0.0101,-0.1311,217.2618
2021-01-11 19:00:00,216.5626,220.9175,212.2078,217.4949,47.9414,216.5626,0.0454,-0.122,217.2019
2021-01-11 18:00:00,216.4964,220.9304,212.0625,217.5048,47.884,216.4964,0.0873,-0.1026,217.172
2021-01-11 17:00:00,216.4165,220.9703,211.8626,217.5161,47.9706,216.4165,0.1347,-0.0732,217.2219
2021-01-11 16:00:00,216.3626,220.9534,211.7718,217.526,47.5601,216.3626,0.1867,-0.0398,217.0024
2021-01-11 15:00:00,216.3638,220.9552,211.7723,217.5438,48.3271,216.3638,0.2434,0.0258,217.4513
2021-01-11 14:00:00,216.3596,220.9476,211.7716,217.5469,48.0341,216.3596,0.2978,0.0635,217.2917
2021-01-11 13:00:00,216.3581,220.9449,211.7713,217.5556,48.8341,216.3581,0.3564,0.1269,217.7607
2021-01-11 12:00:00,216.3521,220.9325,211.7717,217.5486,48.5651,216.3521,0.4137,0.1582,217.611
2021-01-11 11:00:00,216.3504,220.9291,211.7718,217.5465,48.9885,216.3504,0.4776,0.2111,217.8614
2021-01-11 10:00:00,216.3385,220.905,211.7719,217.5358,47.313,216.3385,0.5442,0.25,216.9325
2021-01-11 09:00:00,216.3282,220.8921,211.7643,217.5563,47.7604,216.3282,0.6178,0.3907,217.2019
2021-01-11 08:00:00,216.3074,220.8665,211.7482,217.5683,49.5521,216.3074,0.6746,0.5371,218.2495
2021-01-11 07:00:00,216.2846,220.8184,211.7509,217.5452,49.5166,216.2846,0.7089,0.6096,218.2296
2021-01-11 06:00:00,216.2522,220.7576,211.7468,217.522,49.9832,216.2522,0.7338,0.6952,218.4989
2021-01-11 05:00:00,216.2313,220.7063,211.7563,217.4889,50.8735,216.2313,0.7434,0.7669,219.0078
2021-01-08 20:00:00,216.1772,220.5947,211.7597,217.4374,51.0841,216.1772,0.7375,0.7955,219.1275
2021-01-08 19:00:00,216.1443,220.5024,211.7862,217.3801,51.3803,216.1443,0.723,0.8082,219.2971
2021-01-08 18:00:00,216.1046,220.3898,211.8193,217.3151,51.6401,216.1046,0.7017,0.7955,219.4468
2021-01-08 17:00:00,216.0705,220.2807,211.8602,217.2429,51.7946,216.0705,0.6783,0.7524,219.5366
2021-01-08 16:00:00,216.0365,220.1666,211.9065,217.1651,51.0098,216.0365,0.6598,0.6772,219.0477
2021-01-08 15:00:00,216.0048,220.0705,211.9391,217.1013,50.4103,216.0048,0.6554,0.6213,218.6785
2021-01-08 14:00:00,215.9755,219.9888,211.9623,217.0479,48.3616,215.9755,0.664,0.5784,217.4613
2021-01-08 13:00:00,215.97,219.9761,211.964,217.0338,48.6532,215.97,0.6853,0.6392,217.6409
2021-01-08 12:00:00,215.9619,219.9562,211.9675,217.0133,48.8221,215.9619,0.6969,0.6893,217.7457
2021-01-08 11:00:00,215.9547,219.9376,211.9717,216.9884,49.7685,215.9547,0.6988,0.7325,218.3293
2021-01-08 10:00:00,215.9284,219.8689,211.9878,216.943,49.8588,215.9284,0.6904,0.7175,218.3848
2021-01-08 09:00:00,215.8964,219.7874,212.0053,216.8941,48.5617,215.8964,0.6836,0.6823,217.601
2021-01-08 08:00:00,215.8548,219.7254,211.9842,216.8701,47.7152,215.8548,0.6839,0.7072,217.1021
2021-01-08 07:00:00,215.8327,219.6896,211.9757,216.8623,48.1516,215.8327,0.6781,0.7796,217.3815
2021-01-08 06:00:00,215.8501,219.7443,211.956,216.8447,48.5885,215.8501,0.6527,0.8322,217.6609
2021-01-08 05:00:00,215.8772,219.8434,211.9111,216.817,49.1365,215.8772,0.6078,0.8587,218.0101
2021-01-07 20:00:00,215.9512,220.2274,211.6751,216.7766,48.9586,215.9512,0.5451,0.8445,217.9003
2021-01-07 19:00:00,216.0294,220.606,211.4528,216.7385,48.4753,216.0294,0.4702,0.8254,217.601
2021-01-07 18:00:00,216.1045,220.9236,211.2855,216.7092,48.6262,216.1045,0.3814,0.8193,217.7008
2021-01-07 17:00:00,216.1764,221.2121,211.1406,216.6756,48.3415,216.1764,0.272,0.7896,217.5212
2021-01-07 16:00:00,216.2617,221.5526,210.9708,216.647,48.7399,216.2617,0.1426,0.7584,217.7906
2021-01-07 15:00:00,216.3317,221.8095,210.8539,216.6082,49.3422,216.3317,-0.0114,0.6802,218.1963
2021-01-07 14:00:00,216.3949,222.0424,210.7475,216.5544,49.165,216.3949,-0.1843,0.5291,218.0799
2021-01-07 13:00:00,216.4585,222.2638,210.6531,216.5026,48.5276,216.4585,-0.3626,0.3404,217.6609
2021-01-07 12:00:00,216.5306,222.4994,210.5619,216.4634,48.7135,216.5306,-0.5384,0.1373,217.7906
2021-01-07 11:00:00,216.5985,222.7137,210.4832,216.4184,48.4405,216.5985,-0.7073,-0.1371,217.6083
2021-01-07 10:00:00,216.6474,222.8407,210.4541,216.3781,46.6093,216.6474,-0.8499,-0.4669,216.4137
2021-01-07 09:00:00,216.6994,222.9363,210.4626,216.3768,41.6197,216.6994,-0.9456,-0.7593,213.4904
2021-01-07 08:00:00,216.8025,223.0283,210.5768,216.4747,41.8296,216.8025,-0.9922,-0.8239,213.6501
2021-01-07 07:00:00,216.8957,223.0971,210.6942,216.5704,41.1178,216.8957,-1.0343,-0.9105,213.2609
2021-01-07 06:00:00,217.0104,223.1934,210.8274,216.6826,41.1178,217.0104,-1.0653,-0.9683,213.2609
2021-01-07 05:00:00,217.1392,223.3262,210.9521,216.7986,41.3688,217.1392,-1.0895,-1.028,213.4605
2021-01-06 20:00:00,217.2676,223.4636,211.0715,216.9118,40.6563,217.2676,-1.1049,-1.1095,213.0614
2021-01-06 19:00:00,217.4061,223.5914,211.2208,217.0423,40.2098,217.4061,-1.1038,-1.1567,212.812
2021-01-06 18:00:00,217.5566,223.7268,211.3863,217.1857,39.6741,217.5566,-1.0905,-1.1748,212.5127
2021-01-06 17:00:00,217.7175,223.8568,211.5782,217.3441,39.3715,217.7175,-1.0695,-1.1503,212.3431
2021-01-06 16:00:00,217.8775,223.9481,211.8069,217.5136,38.2789,217.8775,-1.0493,-1.0851,211.7345
2021-01-06 15:00:00,218.0376,223.9566,212.1186,217.7095,40.6652,218.0376,-1.0403,-0.9241,213.7498
2021-01-06 14:00:00,218.1625,224.0303,212.2947,217.8438,42.362,218.1625,-1.0693,-0.9104,215.0667
2021-01-06 13:00:00,218.2634,224.1231,212.4038,217.9379,42.6105,218.2634,-1.1091,-1.0137,215.2539
2021-01-06 12:00:00,218.3633,224.2185,212.508,218.0289,42.1883,218.3633,-1.1329,-1.1498,215.0169
2021-01-06 11:00:00,218.4659,224.2986,212.6331,218.131,41.5112,218.4659,-1.1287,-1.2827,214.6377
2021-01-06 10:00:00,218.5836,224.3877,212.7795,218.2494,37.9783,218.5836,-1.0902,-1.3952,212.7621
2021-01-06 09:00:00,218.7404,224.4138,213.067,218.4354,38.1011,218.7404,-1.014,-1.3274,212.8639
2021-01-06 08:00:00,218.8961,224.4269,213.3654,218.6243,38.7632,218.8961,-0.9356,-1.2319,213.4106
2021-01-06 07:00:00,219.0396,224.4389,213.6404,218.801,38.4175,219.0396,-0.8616,-1.1478,213.231
2021-01-06 06:00:00,219.1944,224.4493,213.9396,218.9898,36.7399,219.1944,-0.79,-1.0054,212.373
2021-01-06 05:00:00,219.3673,224.3904,214.3442,219.2141,38.6923,219.3673,-0.7361,-0.7218,213.9893
2021-01-05 20:00:00,219.5409,224.5284,214.5534,219.3912,42.9759,219.5409,-0.7397,-0.5138,217.0722
2021-01-05 19:00:00,219.6614,224.753,214.5698,219.4699,43.1736,219.6614,-0.7962,-0.5547,217.2019
2021-01-05 18:00:00,219.78,224.9674,214.5926,219.5467,43.1736,219.78,-0.8566,-0.6121,217.2019
2021-01-05 17:00:00,219.9009,225.1796,214.6222,219.6262,43.4712,219.9009,-0.9177,-0.6765,217.4015
2021-01-05 16:00:00,220.0143,225.3652,214.6634,219.7016,43.6338,220.0143,-0.978,-0.7692,217.5112
2021-01-05 15:00:00,220.1164,225.506,214.7268,219.7759,42.9276,220.1164,-1.0302,-0.8874,217.142
2021-01-05 14:00:00,220.227,225.6401,214.8138,219.8652,41.3154,220.227,-1.066,-0.9878,216.3189
2021-01-05 13:00:00,220.3489,225.7341,214.9638,219.9854,40.5751,220.3489,-1.0855,-1.0178,215.9498
2021-01-05 12:00:00,220.4746,225.7947,215.1545,220.1222,41.894,220.4746,-1.1024,-1.0037,216.8866
2021-01-05 11:00:00,220.5894,225.8922,215.2866,220.2319,40.6743,220.5894,-1.1271,-1.0664,216.284
2021-01-05 10:00:00,220.7123,225.9516,215.473,220.3657,42.0539,220.7123,-1.1423,-1.0697,217.2418
2021-01-05 09:00:00,220.8244,226.0496,215.5991,220.4716,38.9128,220.8244,-1.1604,-1.1558,215.7652
2021-01-05 08:00:00,220.9587,226.0701,215.8474,220.6311,40.9635,220.9587,-1.1616,-1.0986,217.152
2021-01-05 07:00:00,221.0876,226.1984,215.9768,220.749,40.4305,221.0876,-1.1773,-1.1507,216.9126
2021-01-05 06:00:00,221.2284,226.337,216.1198,220.8791,41.1769,221.2284,-1.184,-1.1762,217.4015
2021-01-05 05:00:00,221.3589,226.4697,216.2481,220.997,41.33,221.3589,-1.186,-1.2413,217.5012
2021-01-04 20:00:00,221.4866,226.5883,216.3848,221.1155,40.5474,221.4866,-1.1721,-1.3166,217.142
2021-01-04 19:00:00,221.6206,226.6811,216.5601,221.2502,40.067,221.6206,-1.136,-1.3569,216.9226
2021-01-04 18:00:00,221.7583,226.7491,216.7675,221.3969,40.3732,221.7583,-1.0808,-1.3663,217.1321
2021-01-04 17:00:00,221.8955,226.8222,216.9688,221.5414,40.4019,221.8955,-1.0094,-1.3798,217.1518
2021-01-04 16:00:00,222.0335,226.8843,217.1827,221.6902,40.6311,222.0335,-0.9168,-1.3789,217.3117
2021-01-04 15:00:00,222.1556,226.8921,217.419,221.8387,39.4502,222.1556,-0.8013,-1.374,216.7529
2021-01-04 14:00:00,222.2844,226.8435,217.7254,222.0111,38.8307,222.2844,-0.6581,-1.2909,216.4636
2021-01-04 13:00:00,222.4163,226.7462,218.0864,222.1991,35.8014,222.4163,-0.4999,-1.1366,215.1067
2021-01-04 12:00:00,222.5693,226.484,218.6545,222.4395,36.6814,222.5693,-0.3407,-0.7849,215.7752
2021-01-04 11:00:00,222.7138,226.235,219.1926,222.6655,40.575,222.7138,-0.2297,-0.3927,218.4291
2021-01-04 10:00:00,222.8254,226.2184,219.4324,222.8091,41.9921,222.8254,-0.1889,-0.1566,219.2871
2021-01-04 09:00:00,222.9203,226.2298,219.6109,222.9284,48.0783,222.9203,-0.197,0.0597,222.4499
2021-01-04 08:00:00,222.9582,226.2972,219.6192,222.9447,48.3828,222.9582,-0.2612,0.0129,222.5896
2021-01-04 07:00:00,222.9926,226.358,219.6272,222.9567,47.2564,222.9926,-0.3297,-0.0613,222.1107
2021-01-04 06:00:00,223.0475,226.4607,219.6342,222.9854,47.0196,223.0475,-0.3968,-0.1064,222.0109
2021-01-04 05:00:00,223.0678,226.4706,219.665,223.0184,48.365,223.0678,-0.4694,-0.1522,222.6394
2020-12-31 20:00:00,223.0885,226.4959,219.6812,223.0313,46.8212,223.0885,-0.5487,-0.2725,221.9909
2020-12-31 19:00:00,223.1195,226.5201,219.7189,223.0665,46.8212,223.1195,-0.6178,-0.3559,221.9909
2020-12-31 18:00:00,223.1328,226.5218,219.7437,223.103,46.5836,223.1328,-0.6832,-0.4573,221.8912
2020-12-31 17:00:00,223.1586,226.5329,219.7842,223.1441,46.7892,223.1586,-0.7397,-0.5699,221.9909
