date,Middle BBand,Upper BBand,Lower BBand,EMA,RSI,SMA,MACD,MACD_Signal,Closing Price
2021-02-22 20:00:00,592.9186,607.2823,578.5549,592.0357,44.874,592.9186,-5.2212,-3.3923,574.8
2021-02-22 19:00:00,593.5386,607.9319,579.1453,592.6199,45.3596,593.5386,-4.8583,-2.935,576.4
2021-02-22 18:00:00,594.1194,608.5121,579.7268,593.1698,44.8461,594.1194,-4.4873,-2.4542,575.0
2021-02-22 17:00:00,594.7236,608.8969,580.5503,593.7857,44.806,594.7236,-3.806,-1.946,574.89
2021-02-22 16:00:00,595.3338,609.1877,581.4798,594.4262,44.5683,595.3338,-2.8699,-1.481,574.23
2021-02-22 15:00:00,595.9799,609.4475,582.5123,595.1108,48.8489,595.9799,-1.5661,-1.1337,587.89
2021-02-22 14:00:00,596.3984,610.385,582.4118,595.3556,49.7203,596.3984,-1.27,-1.0256,590.425
2021-02-22 13:00:00,596.766,611.2555,582.2765,595.5227,50.4376,596.766,-1.1318,-0.9645,592.48
2021-02-22 12:00:00,597.1115,612.1538,582.0692,595.6259,50.0688,597.1115,-1.1481,-0.9227,591.41
2021-02-22 11:00:00,597.4985,613.1179,581.8791,595.7688,50.2509,597.4985,-1.0433,-0.8664,591.94
2021-02-22 10:00:00,597.8068,613.7031,581.9106,595.8986,53.8136,597.8068,-0.9483,-0.8221,601.75
2021-02-22 09:00:00,597.8924,613.9273,581.8575,595.7002,49.8775,597.8924,-1.8121,-0.7906,590.7
2021-02-22 08:00:00,598.0831,614.0433,582.1229,595.8697,49.1252,598.0831,-1.7631,-0.5352,588.75
2021-02-22 07:00:00,598.4141,614.41,582.4181,596.1111,48.7567,598.4141,-1.4764,-0.2283,587.8
2021-02-22 06:00:00,598.7012,614.5426,582.8599,596.3928,49.1213,598.7012,-0.9924,0.0838,588.79
2021-02-22 05:00:00,598.9547,614.6396,583.2699,596.6505,48.6368,598.9547,-0.4609,0.3528,587.52
2021-02-19 20:00:00,599.2646,614.767,583.7621,596.96,52.2918,599.2646,0.3535,0.5562,597.0
2021-02-19 19:00:00,599.3807,614.918,583.8435,596.9587,52.1986,599.3807,0.4226,0.6069,596.75
2021-02-19 18:00:00,599.4849,615.034,583.9358,596.9658,52.0698,599.4849,0.5301,0.653,596.4
2021-02-19 17:00:00,599.5944,615.1476,584.0412,596.9849,52.0335,599.5944,0.6953,0.6837,596.3
2021-02-19 16:00:00,599.6261,615.16,584.0921,597.0082,52.3848,599.6261,0.9061,0.6808,597.2
2021-02-19 15:00:00,599.6394,615.1664,584.1124,597.0017,52.5787,599.6394,1.0704,0.6245,597.7
2021-02-19 14:00:00,599.6444,615.1691,584.1198,596.978,52.4193,599.6444,1.2136,0.513,597.2399
2021-02-19 13:00:00,599.6321,615.1655,584.0986,596.9691,52.4495,599.6321,1.4256,0.3378,597.32
2021-02-19 12:00:00,599.6541,615.1781,584.1301,596.9572,55.367,599.6541,1.6673,0.0659,604.775
2021-02-19 11:00:00,599.5017,615.0011,584.0022,596.6922,54.7124,599.5017,1.1925,-0.3344,602.805
2021-02-19 10:00:00,599.4181,614.8995,583.9367,596.485,53.3551,599.4181,0.7697,-0.7162,598.83
2021-02-19 09:00:00,599.5131,615.0487,583.9774,596.4055,54.6185,599.5131,0.6235,-1.0876,601.95
2021-02-19 08:00:00,599.6314,615.3466,583.9162,596.2175,53.9029,599.6314,0.1103,-1.5154,599.87
2021-02-19 07:00:00,599.7954,615.7211,583.8697,596.0937,53.5672,599.7954,-0.3346,-1.9219,598.9
2021-02-19 06:00:00,599.8898,615.8603,583.9193,595.9986,53.8055,599.8898,-0.7989,-2.3187,599.5
2021-02-19 05:00:00,600.0647,616.2426,583.8868,595.8799,53.4593,600.0647,-1.4409,-2.6986,598.48
2021-02-18 20:00:00,600.2483,616.5994,583.8973,595.7918,51.2509,600.2483,-2.1356,-3.013,592.21
2021-02-18 19:00:00,600.5457,616.95,584.1414,595.9132,51.5309,600.5457,-2.3528,-3.2324,592.94
2021-02-18 18:00:00,600.8633,617.4038,584.3228,596.014,51.2835,600.8633,-2.6701,-3.4523,592.25
2021-02-18 17:00:00,601.1693,617.7404,584.5983,596.1416,51.6252,601.1693,-2.9659,-3.6479,593.16
2021-02-18 16:00:00,601.495,618.1912,584.7988,596.2426,51.6252,601.495,-3.3931,-3.8183,593.16
2021-02-18 15:00:00,601.7923,618.5196,585.0651,596.3471,50.8316,601.7923,-3.889,-3.9247,590.88
2021-02-18 14:00:00,602.111,618.7227,585.4993,596.5325,50.3107,602.111,-4.2332,-3.9336,589.3981
2021-02-18 13:00:00,602.4732,618.907,586.0394,596.7743,49.3022,602.4732,-4.46,-3.8587,586.5688
2021-02-18 12:00:00,602.8672,618.8853,586.8492,597.1203,49.015,602.8672,-4.3967,-3.7083,585.77
2021-02-18 11:00:00,603.2007,618.6024,587.7991,597.505,49.5857,603.2007,-4.1705,-3.5363,587.42
2021-02-18 10:00:00,603.5574,618.4639,588.6509,597.8469,51.5699,603.5574,-3.9891,-3.3777,592.965
2021-02-18 09:00:00,603.7646,618.42,589.1093,598.0124,49.8197,603.7646,-4.2642,-3.2248,588.05
2021-02-18 08:00:00,604.0973,618.2067,589.9879,598.3501,50.6436,604.0973,-4.0529,-2.965,590.3
2021-02-18 07:00:00,604.3671,618.0226,590.7116,598.623,49.8498,604.3671,-3.9532,-2.693,588.11
2021-02-18 06:00:00,604.5869,617.598,591.5759,598.9793,49.7736,604.5869,-3.5456,-2.378,587.9
2021-02-18 05:00:00,604.7606,617.1389,592.3823,599.3549,51.727,604.7606,-2.9523,-2.0861,593.21
2021-02-17 20:00:00,604.8038,617.0378,592.5697,599.5632,53.5927,604.8038,-2.6929,-1.8695,598.0
2021-02-17 19:00:00,604.7988,617.0442,592.5533,599.6162,53.0714,604.7988,-2.8102,-1.6636,596.5
2021-02-17 18:00:00,604.8321,616.9976,592.6666,599.7218,52.6391,604.8321,-2.7663,-1.377,595.26
2021-02-17 17:00:00,604.8361,616.9892,592.683,599.8731,53.6145,604.8361,-2.5439,-1.0297,597.75
2021-02-17 16:00:00,604.7114,617.2984,592.1244,599.945,53.0962,604.7114,-2.4765,-0.6511,596.24
2021-02-17 15:00:00,604.6261,617.5076,591.7445,600.0706,52.7455,604.6261,-2.2007,-0.1948,595.22
2021-02-17 14:00:00,604.5766,617.6241,591.5291,600.2351,53.5085,604.5766,-1.7128,0.3067,597.1982
2021-02-17 13:00:00,604.52,617.7236,591.3163,600.338,53.3211,604.52,-1.2666,0.8116,596.64
2021-02-17 12:00:00,604.4188,617.9513,590.8862,600.4634,52.5223,604.4188,-0.6218,1.3311,594.27
2021-02-17 11:00:00,604.4151,617.9588,590.8714,600.6733,54.3756,604.4151,0.4515,1.8194,599.07
2021-02-17 10:00:00,604.2138,618.4126,590.015,600.7277,55.9781,604.2138,1.3262,2.1613,603.03
2021-02-17 09:00:00,603.9783,618.7067,589.2499,600.6496,57.1576,603.9783,2.0201,2.3701,605.85
2021-02-17 08:00:00,603.6865,618.9395,588.4334,600.4733,59.8626,603.6865,2.5892,2.4577,612.0
2021-02-17 07:00:00,603.168,619.3425,586.9934,600.0826,59.6335,603.168,2.6518,2.4248,611.25
2021-02-17 05:00:00,602.792,619.2438,586.3402,599.704,59.6335,602.792,2.7696,2.368,611.25
2021-02-16 20:00:00,602.232,619.7472,584.7169,599.3127,59.7434,602.232,2.8795,2.2676,611.5
2021-02-16 19:00:00,601.627,620.2899,582.9641,598.8995,60.4002,601.627,2.9525,2.1146,612.9999
2021-02-16 18:00:00,600.9775,620.6947,581.2604,598.4215,60.4002,600.9775,2.85,1.9052,613.0
2021-02-16 17:00:00,600.3232,620.9842,579.6622,597.9274,60.2538,600.3232,2.6778,1.6689,612.48
2021-02-16 16:00:00,599.6652,621.2305,578.0999,597.434,60.563,599.6652,2.4719,1.4167,613.21
2021-02-16 15:00:00,598.9985,621.308,576.689,596.8993,61.1634,598.9985,2.0988,1.1529,614.63
2021-02-16 14:00:00,598.2922,621.2515,575.3329,596.2982,60.0132,598.2922,1.4476,0.9165,610.44
2021-02-16 13:00:00,597.6515,621.3524,573.9506,595.8188,59.0,597.6515,1.0219,0.7837,606.885
2021-02-16 12:00:00,597.041,621.6299,572.452,595.4437,57.5897,597.041,0.8257,0.7241,602.14
2021-02-16 11:00:00,596.579,621.8008,571.3571,595.2167,60.3742,596.579,1.0463,0.6987,608.61
2021-02-16 10:00:00,595.9709,621.7562,570.1855,594.7627,59.3036,595.9709,0.654,0.6119,605.03
2021-02-16 09:00:00,595.4727,621.69,569.2554,594.4147,58.9901,595.4727,0.5082,0.6013,604.0
2021-02-16 08:00:00,595.0147,621.5779,568.4514,594.0898,59.9199,595.0147,0.4196,0.6246,606.11
2021-02-16 07:00:00,594.5077,621.3641,567.6513,593.6823,59.2798,594.5077,0.0855,0.6759,603.97
2021-02-16 06:00:00,594.0632,621.1602,566.9662,593.3335,58.9879,594.0632,-0.1241,0.8235,603.0
2021-02-16 05:00:00,593.5899,621.0358,566.1439,593.0059,58.9789,593.5899,-0.2912,1.0604,602.97
2021-02-12 20:00:00,593.1104,620.8873,565.3334,592.6681,57.5309,593.1104,-0.4971,1.3983,598.2
2021-02-12 19:00:00,592.707,620.8767,564.5373,592.4806,57.469,592.707,-0.2671,1.8721,598.0
2021-02-12 18:00:00,592.3412,620.7951,563.8873,592.2935,57.469,592.3412,0.0508,2.4069,598.0
2021-02-12 17:00:00,591.981,620.6853,563.2768,592.1,57.0147,591.981,0.4557,2.9959,596.5
2021-02-12 16:00:00,591.646,620.5996,562.6925,591.9509,57.8821,591.646,1.1187,3.631,598.64
2021-02-12 15:00:00,591.2945,620.4115,562.1775,591.7241,56.9768,591.2945,1.7308,4.259,595.63
2021-02-12 14:00:00,590.994,620.2974,561.6906,591.5917,57.8544,590.994,2.7933,4.8911,597.79
2021-02-12 13:00:00,590.6679,620.0968,561.2389,591.3816,60.7242,590.6679,3.8889,5.4156,604.53
2021-02-12 12:00:00,590.2175,619.6111,560.824,590.9359,62.7778,590.2175,4.5444,5.7972,609.05
2021-02-12 11:00:00,589.6639,618.8685,560.4592,590.3219,63.0841,589.6639,4.8548,6.1104,609.71
2021-02-12 10:00:00,589.0244,618.1254,559.9233,589.6647,61.6497,589.0244,5.1132,6.4243,604.5653
2021-02-12 09:00:00,588.5003,617.5955,559.405,589.1596,64.2376,588.5003,5.8924,6.7521,609.99
2021-02-12 08:00:00,587.8518,616.7359,558.9676,588.4534,64.1038,587.8518,6.2489,6.9671,609.5
2021-02-12 07:00:00,587.1819,615.8905,558.4733,587.74,64.3697,587.1819,6.663,7.1466,610.05
2021-02-12 06:00:00,586.4261,615.0743,557.778,586.9837,65.3142,586.4261,7.0386,7.2675,612.0
2021-02-12 05:00:00,585.3845,614.7728,555.9961,586.1357,64.9537,585.3845,7.217,7.3247,610.61
2021-02-11 20:00:00,584.3018,614.6633,553.9403,585.3061,65.9673,584.3018,7.4813,7.3516,612.7
2021-02-11 19:00:00,583.2076,614.1234,552.2919,584.3775,65.5372,583.2076,7.497,7.3192,611.0
2021-02-11 18:00:00,582.1326,613.5889,550.6764,583.475,65.2833,582.1326,7.5812,7.2747,610.0
2021-02-11 17:00:00,581.036,613.1115,548.9605,582.5759,65.822,581.036,7.6801,7.1981,611.13
2021-02-11 16:00:00,579.9116,612.4153,547.408,581.6079,65.5947,579.9116,7.5796,7.0776,610.21
2021-02-11 15:00:00,578.8031,611.6328,545.9735,580.6384,64.4762,578.8031,7.4347,6.9522,605.7799
2021-02-11 14:00:00,577.7651,611.0525,544.4778,579.7861,65.9224,577.7651,7.5927,6.8315,608.82
2021-02-11 13:00:00,576.6748,610.1073,543.2424,578.8019,65.0554,576.6748,7.3744,6.6412,605.4
2021-02-11 12:00:00,575.6455,609.2793,542.0117,577.9003,66.3216,575.6455,7.3368,6.458,608.01
2021-02-11 11:00:00,574.548,608.1834,540.9126,576.8796,65.9412,574.548,6.9162,6.2383,606.487
2021-02-11 10:00:00,573.5362,606.919,540.1534,575.876,64.6023,573.5362,6.4339,6.0688,601.3
2021-02-11 09:00:00,572.5785,606.0172,539.1398,575.0141,63.7982,572.5785,6.2529,5.9775,598.32
2021-02-11 08:00:00,571.681,605.1985,538.1635,574.2241,63.1013,571.681,6.2343,5.9086,595.8
2021-02-11 07:00:00,570.796,604.5229,537.0692,573.4927,64.015,570.796,6.3765,5.8272,597.7
2021-02-11 06:00:00,569.9647,603.4561,536.4733,572.6721,64.4011,569.9647,6.2718,5.6898,598.5
2021-02-11 05:00:00,569.1035,602.2714,535.9357,571.7966,63.5913,569.1035,5.9654,5.5443,595.5
2021-02-10 20:00:00,568.2619,601.2702,535.2535,570.9931,62.114,568.2619,5.7931,5.4391,590.27
2021-02-10 19:00:00,567.524,600.5107,534.5373,570.3397,62.5194,567.524,6.0214,5.3505,591.12
2021-02-10 18:00:00,566.7804,599.6172,533.9435,569.6352,63.0575,566.7804,6.1386,5.1828,592.25
2021-02-10 17:00:00,566.0135,598.5833,533.4438,568.8686,63.798,566.0135,6.084,4.9439,593.8
2021-02-10 16:00:00,565.226,597.3522,533.0999,568.0235,62.9053,565.226,5.7678,4.6588,590.57
2021-02-10 15:00:00,564.4927,596.2783,532.7071,567.2592,64.5928,564.4927,5.6093,4.3816,594.05
2021-02-10 14:00:00,563.6414,594.9473,532.3354,566.3511,62.5908,563.6414,4.9711,4.0747,586.99
2021-02-10 13:00:00,562.9107,594.0487,531.7727,565.6514,63.5467,562.9107,4.803,3.8505,588.9001
2021-02-10 12:00:00,562.165,592.9183,531.4118,564.8633,63.3855,562.165,4.3241,3.6124,588.34
2021-02-10 11:00:00,561.3703,591.84,530.9005,564.0675,61.1372,561.3703,3.707,3.4345,580.89
2021-02-10 10:00:00,560.6679,591.2482,530.0875,563.4973,65.2657,560.6679,3.624,3.3664,588.695
2021-02-10 09:00:00,559.7872,590.1307,529.4437,562.6431,61.6633,559.7872,2.6707,3.302,577.65
2021-02-10 08:00:00,559.1433,589.5827,528.704,562.1344,60.776,559.1433,2.5396,3.4598,575.2
2021-02-10 07:00:00,558.5317,589.1304,527.933,561.6915,60.345,558.5317,2.5848,3.6898,574.03
2021-02-10 05:00:00,557.9395,588.6904,527.1886,561.2732,60.2385,557.9395,2.724,3.9661,573.74
2021-02-09 20:00:00,557.3672,588.1986,526.5358,560.8506,59.9687,557.3672,2.8916,4.2766,573.0
2021-02-09 19:00:00,556.8388,587.667,526.0107,560.4388,60.0825,556.8388,3.1388,4.6229,573.21
2021-02-09 18:00:00,556.3137,587.0819,525.5454,560.0059,59.7392,556.3137,3.3872,4.9939,572.25
2021-02-09 17:00:00,555.8078,586.5093,525.1064,559.5908,59.6503,555.8078,3.7528,5.3956,572.0
2021-02-09 16:00:00,555.2912,585.9286,524.6537,559.1702,59.0279,555.2912,4.1904,5.8063,570.25
2021-02-09 15:00:00,554.8057,585.4027,524.2086,558.7946,61.2415,554.8057,4.866,6.2103,574.42
2021-02-09 14:00:00,554.3195,584.5796,524.0594,558.2649,60.4382,554.3195,5.2331,6.5464,572.1239
2021-02-09 13:00:00,553.8568,583.8617,523.8518,557.7951,62.1006,553.8568,5.8592,6.8747,575.14
2021-02-09 12:00:00,553.3519,582.9237,523.7802,557.2071,62.8788,553.3519,6.2661,7.1286,576.52
2021-02-09 11:00:00,552.8216,581.8487,523.7945,556.5525,62.6017,552.8216,6.5538,7.3442,575.69
2021-02-09 10:00:00,552.3816,580.8028,523.9603,555.9037,63.5061,552.3816,6.9101,7.5418,577.3
2021-02-09 09:00:00,552.0374,579.7342,524.3406,555.1784,62.6154,552.0374,7.1005,7.6997,574.6
2021-02-09 08:00:00,551.5692,578.6678,524.4706,554.5201,62.482,551.5692,7.5151,7.8495,574.2
2021-02-09 07:00:00,551.0879,577.5807,524.5951,553.853,62.4161,551.0879,7.9758,7.9331,574.0
2021-02-09 06:00:00,550.5837,576.4573,524.7102,553.17,63.5416,550.5837,8.4681,7.9224,576.05
2021-02-09 05:00:00,550.0409,575.1086,524.9731,552.3944,63.7291,550.0409,8.7645,7.786,576.39
2021-02-08 20:00:00,549.4594,573.6589,525.2599,551.581,63.7345,549.4594,8.9808,7.5414,576.4
2021-02-08 19:00:00,548.8897,572.1153,525.6642,550.7397,64.3554,548.8897,9.1252,7.1816,577.55
2021-02-08 18:00:00,548.3022,570.3517,526.2527,549.8309,64.3822,548.3022,9.0597,6.6957,577.6
2021-02-08 17:00:00,547.7136,568.4497,526.9774,548.8896,64.711,547.7136,8.8392,6.1047,578.22
2021-02-08 16:00:00,547.0724,566.3215,527.8233,547.8953,64.5069,547.0724,8.366,5.4211,577.51
2021-02-08 15:00:00,546.4166,564.0897,528.7434,546.8914,64.0227,546.4166,7.7128,4.6849,575.83
2021-02-08 14:00:00,545.7657,561.8642,529.6672,545.9104,62.685,545.7657,6.9378,3.9279,571.34
2021-02-08 13:00:00,545.1995,559.9974,530.4017,545.0484,63.607,545.1995,6.3049,3.1754,573.12
2021-02-08 12:00:00,544.567,557.6862,531.4479,544.0968,62.9936,544.567,5.2242,2.393,571.08
2021-02-08 11:00:00,543.9866,555.3227,532.6505,543.1822,62.453,543.9866,3.9765,1.6852,569.3078
2021-02-08 10:00:00,543.4098,552.9063,533.9134,542.2965,60.9979,543.4098,2.5067,1.1124,564.705
2021-02-08 09:00:00,542.9281,550.8579,534.9983,541.5369,55.3809,542.9281,1.0627,0.7638,549.5
2021-02-08 08:00:00,542.6697,550.7351,534.6044,541.267,53.7215,542.6697,0.7525,0.6891,545.65
2021-02-08 07:00:00,542.4964,550.7431,534.2497,541.1184,54.4455,542.4964,0.7375,0.6732,547.05
2021-02-08 05:00:00,542.2631,550.7693,533.7568,540.9174,54.2071,542.2631,0.5651,0.6572,546.5
2021-02-05 20:00:00,542.0047,550.9126,533.0969,540.7281,53.1998,542.0047,0.3929,0.6802,544.2
2021-02-05 19:00:00,541.7847,551.1072,532.4623,540.6104,52.9654,541.7847,0.4016,0.752,543.67
2021-02-05 18:00:00,541.5377,551.4161,531.6594,540.5067,52.9802,541.5377,0.4607,0.8396,543.7
2021-02-05 17:00:00,541.2886,551.6772,530.9,540.3985,52.8941,541.2886,0.5265,0.9343,543.5
2021-02-05 16:00:00,541.0549,551.8565,530.2533,540.2933,52.852,541.0549,0.6231,1.0363,543.401
2021-02-05 15:00:00,540.7932,552.1036,529.4829,540.188,52.9642,540.7932,0.7474,1.1396,543.64
2021-02-05 14:00:00,540.5616,552.194,528.9291,540.071,52.3478,540.5616,0.8709,1.2376,542.159
2021-02-05 13:00:00,540.3412,552.3393,528.3432,540.0002,54.0508,540.3412,1.1667,1.3293,545.78
2021-02-05 12:00:00,539.9901,552.551,527.4291,539.8043,53.2495,539.9901,1.1585,1.37,543.84
2021-02-05 11:00:00,539.5742,553.2043,525.9442,539.6674,53.5477,539.5742,1.3287,1.4229,544.47
2021-02-05 10:00:00,539.1519,553.6892,524.6146,539.5047,52.8178,539.1519,1.4626,1.4464,542.7
2021-02-05 09:00:00,538.8569,553.8067,523.9071,539.3963,55.2889,538.8569,1.7923,1.4424,547.82
2021-02-05 08:00:00,538.4516,553.7227,523.1805,539.1108,54.8876,538.4516,1.6659,1.3549,546.83
2021-02-05 07:00:00,538.0627,553.6456,522.4799,538.8491,54.1394,538.0627,1.581,1.2771,545.0
2021-02-04 20:00:00,537.6961,553.6399,521.7523,538.6406,54.6263,537.6961,1.636,1.2011,546.0
2021-02-04 19:00:00,537.3461,553.4664,521.2258,538.3911,54.8688,537.3461,1.5806,1.0924,546.5
2021-02-04 18:00:00,536.8669,553.569,520.1648,538.1163,54.7661,536.8669,1.436,0.9704,546.24
2021-02-04 17:00:00,536.4029,553.5778,519.228,537.8409,54.9126,536.4029,1.257,0.854,546.55
2021-02-04 16:00:00,535.9352,553.5031,518.3674,537.5457,54.922,535.9352,0.9786,0.7533,546.57
2021-02-04 15:00:00,535.4536,553.4091,517.498,537.2398,53.5255,535.4536,0.6071,0.6969,542.97
2021-02-04 14:00:00,535.0546,553.3844,516.7248,537.0455,53.6072,535.0546,0.4907,0.7194,543.15
2021-02-04 13:00:00,534.6491,553.3179,515.9802,536.8386,54.0622,534.6491,0.3165,0.7766,544.16
2021-02-04 12:00:00,534.2202,553.1754,515.2651,536.5904,52.6919,534.2202,-0.0131,0.8916,540.655
2021-02-04 11:00:00,533.8493,553.154,514.5446,536.4526,51.9234,533.8493,-0.0768,1.1178,538.745
2021-02-04 10:00:00,533.6094,553.0223,514.1966,536.3749,50.7334,533.6094,0.0374,1.4164,535.8566
2021-02-04 09:00:00,533.4512,552.9428,513.9597,536.3925,52.1218,533.4512,0.4768,1.7612,539.0175
2021-02-04 08:00:00,533.1494,552.8465,513.4523,536.3035,51.9099,533.1494,0.7088,2.0823,538.5
2021-02-04 07:00:00,532.8829,552.7155,513.0504,536.229,51.9099,532.8829,1.0474,2.4256,538.5
2021-02-04 05:00:00,532.5496,552.6636,512.4356,536.152,52.2991,532.5496,1.4643,2.7702,539.4
2021-02-03 20:00:00,532.1943,552.5633,511.8252,536.0419,53.1259,532.1943,1.8834,3.0967,541.3
2021-02-03 19:00:00,531.7726,552.4158,511.1294,535.8637,53.3004,531.7726,2.1976,3.4,541.7
2021-02-03 18:00:00,531.4409,552.0749,510.8069,535.6659,53.3866,531.4409,2.5258,3.7006,541.9
2021-02-03 17:00:00,531.0926,551.7142,510.471,535.4545,53.0506,531.0926,2.8877,3.9943,541.0
2021-02-03 16:00:00,530.7926,551.3526,510.2326,535.2666,53.1008,530.7926,3.3993,4.2709,541.12
2021-02-03 15:00:00,530.4656,550.9822,509.9489,535.0681,54.8568,530.4656,3.9905,4.4888,545.25
2021-02-03 14:00:00,530.0769,550.3405,509.8133,534.723,54.5382,530.0769,4.2666,4.6134,544.36
2021-02-03 13:00:00,529.8091,549.7324,509.8858,534.3963,54.7473,529.8091,4.6476,4.7001,544.85
2021-02-03 12:00:00,529.5949,549.1396,510.0503,534.0419,54.6939,529.5949,5.0163,4.7133,544.6967
2021-02-03 11:00:00,529.3398,548.4848,510.1948,533.6808,56.6661,529.3398,5.4296,4.6375,549.29
2021-02-03 10:00:00,528.949,547.3936,510.5044,533.1516,60.0795,528.949,5.4104,4.4395,556.65
2021-02-03 09:00:00,528.4048,545.4194,511.3902,532.3551,56.5322,528.4048,4.5579,4.1967,546.51
2021-02-03 08:00:00,527.9673,544.4385,511.4961,531.8753,56.0819,527.9673,4.4359,4.1064,545.32
2021-02-03 07:00:00,527.5528,543.4998,511.6059,531.4195,55.4835,527.5528,4.3369,4.024,543.75
2021-02-02 20:00:00,527.1236,542.6852,511.5621,531.0015,55.3807,527.1236,4.3072,3.9458,543.48
2021-02-02 19:00:00,526.6158,541.9968,511.2348,530.5785,54.6251,526.6158,4.2342,3.8555,541.5
2021-02-02 18:00:00,526.0758,541.603,510.5487,530.2083,54.9579,526.0758,4.281,3.7608,542.22
2021-02-02 17:00:00,525.5501,540.9908,510.1095,529.8011,54.9945,525.5501,4.2052,3.6307,542.3
2021-02-02 16:00:00,525.1088,540.1169,510.1007,529.3774,54.9871,525.1088,4.0391,3.4871,542.28
2021-02-02 15:00:00,524.6375,539.2294,510.0456,528.9401,54.0511,524.6375,3.7704,3.349,539.75
2021-02-02 14:00:00,524.2035,538.518,509.889,528.5736,53.4529,524.2035,3.6302,3.2437,538.16
2021-02-02 13:00:00,523.8528,537.8089,509.8967,528.2487,52.9295,523.8528,3.5604,3.1471,536.7789
2021-02-02 12:00:00,523.524,537.1727,509.8753,527.9595,53.1811,523.524,3.56,3.0438,537.37
2021-02-02 11:00:00,523.1613,536.4713,509.8513,527.6405,52.352,523.1613,3.4476,2.9147,535.17
2021-02-02 10:00:00,522.9168,535.8696,509.964,527.3853,52.8055,522.9168,3.478,2.7815,536.255
2021-02-02 09:00:00,522.7106,535.1928,510.2284,527.0846,52.2222,522.7106,3.3557,2.6073,534.7
2021-02-02 08:00:00,522.4271,534.5754,510.2787,526.8264,52.6751,522.4271,3.3092,2.4202,535.8
2021-02-02 07:00:00,522.2457,533.9052,510.5863,526.5223,52.0053,522.2457,3.0896,2.198,534.0
2021-02-02 06:00:00,522.0496,533.3003,510.7989,526.2688,52.5128,522.0496,2.9478,1.975,535.25
2021-02-02 05:00:00,521.9454,532.8146,511.0762,525.9643,51.697,521.9454,2.5965,1.7319,533.05
2021-02-01 20:00:00,521.8651,532.4728,511.2573,525.7241,50.9246,521.8651,2.3344,1.5157,531.0
2021-02-01 19:00:00,521.8736,532.5114,511.2357,525.5453,50.9246,521.8736,2.1747,1.311,531.0
2021-02-01 18:00:00,521.9736,533.0562,510.8909,525.3604,50.1155,521.9736,1.9391,1.0951,528.85
2021-02-01 17:00:00,522.1662,534.0903,510.2421,525.2421,50.0779,522.1662,1.8292,0.8841,528.75
2021-02-01 16:00:00,522.3454,534.9627,509.7281,525.1232,50.3506,522.3454,1.6725,0.6478,529.48
2021-02-01 15:00:00,522.4781,535.5518,509.4043,524.9755,49.6938,522.4781,1.3738,0.3917,527.7001
2021-02-01 14:00:00,522.6597,536.3089,509.0106,524.8831,50.4459,522.6597,1.1538,0.1461,529.74
2021-02-01 13:00:00,522.7892,536.846,508.7325,524.7185,50.155,522.7892,0.6486,-0.1058,528.94
2021-02-01 12:00:00,522.9304,537.3956,508.4652,524.5754,48.5855,522.9304,0.0757,-0.2944,524.71
2021-02-01 11:00:00,523.1602,538.1596,508.1609,524.5708,46.2978,523.1602,-0.2259,-0.3869,518.8899
2021-02-01 10:00:00,523.4976,538.9996,507.9956,524.7634,46.3815,523.4976,-0.015,-0.4272,519.1299
2021-02-01 09:00:00,523.8312,539.7977,507.8648,524.9544,48.4895,523.8312,0.23,-0.5302,525.0
2021-02-01 08:00:00,524.0537,540.4456,507.6619,524.9528,47.8944,524.0537,-0.0584,-0.7203,523.5
2021-02-01 07:00:00,524.3571,541.3589,507.3552,525.0021,47.8944,524.3571,-0.2728,-0.8857,523.5
2021-02-01 06:00:00,524.6909,542.3848,506.997,525.053,47.6997,524.6909,-0.5426,-1.039,523.0
2021-02-01 05:00:00,525.0234,543.3173,506.7295,525.1226,48.4113,525.0234,-0.8281,-1.1631,525.0
2021-01-29 20:00:00,525.3451,544.2931,506.3971,525.1267,45.5136,525.3451,-1.3841,-1.2468,517.75
2021-01-29 19:00:00,525.7976,545.2874,506.3077,525.3768,45.7401,525.7976,-1.3354,-1.2125,518.4
2021-01-29 18:00:00,526.2142,546.1182,506.3102,525.6133,45.7712,526.2142,-1.3201,-1.1817,518.49
2021-01-29 17:00:00,526.6417,546.9612,506.3222,525.8548,45.4397,526.6417,-1.2905,-1.1472,517.67
2021-01-29 16:00:00,527.0952,547.8044,506.3861,526.1322,45.8972,527.0952,-1.1504,-1.1113,519.03
2021-01-29 15:00:00,527.5331,548.6485,506.4177,526.373,45.8144,527.5331,-1.0934,-1.1016,518.82
2021-01-29 14:00:00,527.9926,549.5253,506.4598,526.629,45.6624,527.9926,-0.9833,-1.1036,518.43
2021-01-29 13:00:00,528.4292,550.2296,506.6289,526.9069,45.6509,528.4292,-0.7887,-1.1337,518.4
2021-01-29 12:00:00,528.8984,551.0244,506.7724,527.1953,47.6211,528.8984,-0.5259,-1.22,524.35
2021-01-29 11:00:00,529.1882,551.5229,506.8536,527.2917,48.3155,529.1882,-0.7886,-1.3935,526.365
2021-01-29 10:00:00,529.4284,551.9456,506.9112,527.3232,46.2282,529.4284,-1.3176,-1.5447,520.91
2021-01-29 09:00:00,529.6702,552.1279,507.2125,527.5406,46.773,529.6702,-1.4183,-1.6014,522.51
2021-01-29 08:00:00,530.1314,553.1123,507.1505,527.7111,45.1809,530.1314,-1.689,-1.6472,518.5
2021-01-29 07:00:00,530.6724,554.0573,507.2875,528.0233,45.0115,530.6724,-1.6017,-1.6368,518.08
2021-01-29 05:00:00,531.2219,554.9444,507.4994,528.3604,44.1713,531.2219,-1.4242,-1.6456,516.0
2021-01-28 20:00:00,531.8551,555.9438,507.7663,528.7794,46.1028,531.8551,-0.9651,-1.7009,521.8
2021-01-28 19:00:00,532.3754,556.9174,507.8334,529.016,45.7812,532.3754,-0.9557,-1.8849,521.0
2021-01-28 18:00:00,532.9419,557.9717,507.9121,529.2877,46.4627,532.9419,-0.8483,-2.1172,523.0
2021-01-28 17:00:00,533.3731,558.5935,508.1526,529.5008,45.8684,533.3731,-0.9025,-2.4344,521.5
2021-01-28 16:00:00,533.8229,559.1428,508.503,529.7721,46.0124,533.8229,-0.8059,-2.8174,521.93
2021-01-28 15:00:00,534.2599,559.6487,508.8711,530.0379,48.2133,534.2599,-0.7146,-3.3202,528.29
2021-01-28 14:00:00,534.5842,560.1562,509.0122,530.0971,49.5735,534.5842,-1.2353,-3.9716,532.0
2021-01-28 13:00:00,534.8592,560.6679,509.0505,530.0326,48.5698,534.8592,-2.2597,-4.6557,529.39
2021-01-28 12:00:00,535.2314,561.356,509.1068,530.0544,47.1631,535.2314,-3.2685,-5.2547,525.84
2021-01-28 11:00:00,535.6461,561.9504,509.3417,530.1973,46.4162,535.6461,-4.1471,-5.7513,524.0
2021-01-28 10:00:00,536.0576,562.393,509.7223,530.4074,44.8581,536.0576,-5.0209,-6.1523,520.26
2021-01-28 09:00:00,536.5378,562.7538,510.3218,530.7513,44.9234,536.5378,-5.6823,-6.4352,520.45
2021-01-28 08:00:00,537.0073,563.0625,510.9521,531.1005,43.8884,537.0073,-6.4632,-6.6234,518.0
2021-01-28 07:00:00,537.5506,563.3561,511.7452,531.5446,41.694,537.5506,-7.1165,-6.6635,513.01
2021-01-28 06:00:00,538.1736,563.377,512.9703,532.1729,39.8825,538.1736,-7.3387,-6.5502,509.1
2021-01-28 05:00:00,538.8303,563.0014,514.6592,532.955,40.381,538.8303,-7.1175,-6.3531,510.68
2021-01-27 20:00:00,539.4559,562.6017,516.3102,533.7101,42.0629,539.4559,-6.8925,-6.162,515.82
2021-01-27 19:00:00,540.0276,562.4944,517.5609,534.3166,41.2103,540.0276,-7.0284,-5.9793,514.0
2021-01-27 18:00:00,540.6403,562.222,519.0586,535.0053,41.0745,540.6403,-6.9143,-5.7171,513.71
2021-01-27 17:00:00,541.2568,561.8152,520.6984,535.7271,42.2022,541.2568,-6.6386,-5.4178,517.12
2021-01-27 16:00:00,541.8131,561.5176,522.1087,536.3579,42.1702,541.8131,-6.5373,-5.1126,517.05
2021-01-27 15:00:00,542.3951,561.1809,523.6093,537.0124,41.5141,542.3951,-6.3058,-4.7564,515.61
2021-01-27 14:00:00,543.0019,560.6025,525.4013,537.7379,43.1487,543.0019,-5.772,-4.369,520.5
2021-01-27 13:00:00,543.5719,560.4197,526.7241,538.3222,44.3351,543.5719,-5.5046,-4.0183,523.88
2021-01-27 12:00:00,543.9667,560.0426,527.8907,538.8118,41.4346,543.9667,-5.4275,-3.6467,517.689
2021-01-27 11:00:00,544.434,558.9851,529.8829,539.5278,44.0721,544.434,-4.6196,-3.2015,524.92
2021-01-27 10:00:00,544.743,558.3823,531.1037,540.023,42.7388,544.743,-4.2576,-2.847,522.23
2021-01-27 09:00:00,545.115,557.4312,532.7988,540.6262,45.4185,545.115,-3.4597,-2.4944,529.0
2021-01-27 08:00:00,545.351,556.9445,533.7575,541.0203,45.0331,545.351,-3.0803,-2.253,528.23
2021-01-27 07:00:00,545.5558,556.3381,534.7734,541.4538,46.4058,545.5558,-2.4728,-2.0462,531.51
2021-01-27 06:00:00,545.6088,556.1428,535.0747,541.7909,48.857,545.6088,-1.9954,-1.9396,537.0
2021-01-27 05:00:00,545.5921,556.1836,535.0006,541.9533,50.4858,545.5921,-1.9161,-1.9256,540.41
2021-01-26 20:00:00,545.5186,556.3122,534.725,542.0056,50.0488,545.5186,-2.1341,-1.928,539.5
2021-01-26 19:00:00,545.4769,556.3818,534.572,542.0906,49.0478,545.4769,-2.2887,-1.8765,537.44
2021-01-26 18:00:00,545.4863,556.3646,534.6079,542.2482,49.5982,545.4863,-2.243,-1.7734,538.6
2021-01-26 17:00:00,545.4354,556.4694,534.4015,542.3719,49.0701,545.4354,-2.2702,-1.656,537.51
2021-01-26 16:00:00,545.3986,556.5522,534.245,542.5367,49.022,545.3986,-2.1609,-1.5024,537.41
2021-01-26 15:00:00,545.3583,556.6439,534.0726,542.7105,49.5241,545.3583,-1.9797,-1.3378,538.5
2021-01-26 14:00:00,545.2923,556.782,533.8025,542.8532,49.8141,545.2923,-1.8307,-1.1773,539.13
2021-01-26 13:00:00,545.2154,556.9284,533.5024,542.9794,49.8232,545.2154,-1.678,-1.0139,539.15
2021-01-26 12:00:00,545.1359,557.0751,533.1967,543.1092,49.4598,545.1359,-1.4607,-0.8479,538.35
2021-01-26 11:00:00,545.0398,557.2851,532.7945,543.2706,50.9804,545.0398,-1.0807,-0.6947,541.7
2021-01-26 10:00:00,544.8958,557.4927,532.299,543.3238,51.8365,544.8958,-0.921,-0.5982,543.53
2021-01-26 09:00:00,544.6847,557.781,531.5883,543.3168,51.5831,544.6847,-0.8902,-0.5175,542.95
2021-01-26 08:00:00,544.4985,557.9995,530.9975,543.3293,52.2118,544.4985,-0.7788,-0.4243,544.3
2021-01-26 07:00:00,544.2685,558.2372,530.2997,543.2963,52.4914,544.2685,-0.7627,-0.3357,544.9
2021-01-25 20:00:00,543.9502,558.6958,529.2045,543.242,51.8576,543.9502,-0.7922,-0.2289,543.4
2021-01-25 19:00:00,543.6352,559.1991,528.0712,543.2366,52.1954,543.6352,-0.6656,-0.0881,544.14
2021-01-25 18:00:00,543.3162,559.5939,527.0384,543.206,52.5319,543.3162,-0.5697,0.0563,544.88
2021-01-25 17:00:00,542.9348,560.0961,525.7735,543.1493,52.7216,542.9348,-0.5143,0.2128,545.3
2021-01-25 16:00:00,542.5632,560.4539,524.6724,543.0764,53.2119,542.5632,-0.4789,0.3945,546.39
2021-01-25 15:00:00,542.1567,560.7747,523.5386,542.964,52.5107,542.1567,-0.5377,0.6129,544.63
2021-01-25 14:00:00,541.7858,561.0666,522.5051,542.9076,53.3687,541.7858,-0.4257,0.9005,546.55
2021-01-25 13:00:00,541.3602,561.3172,521.4031,542.7841,51.4128,541.3602,-0.4722,1.232,541.74
2021-01-25 12:00:00,541.0032,561.6739,520.3324,542.8195,51.0074,541.0032,-0.0348,1.6581,540.775
2021-01-25 11:00:00,540.6469,562.045,519.2488,542.8888,48.6704,540.6469,0.6222,2.0813,535.42
2021-01-25 10:00:00,540.3631,562.4709,518.2553,543.142,55.8973,540.3631,1.9969,2.4461,550.18
2021-01-25 09:00:00,539.7792,562.6563,516.902,542.9034,56.332,539.7792,2.2198,2.5584,550.96
2021-01-25 08:00:00,539.2077,562.6454,515.77,542.6303,56.3817,539.2077,2.3924,2.6431,551.05
2021-01-25 07:00:00,538.6642,562.4874,514.8409,542.3449,58.0278,538.6642,2.5689,2.7057,553.99
2021-01-25 06:00:00,538.0782,562.0936,514.0627,541.9501,57.6264,538.0782,2.4573,2.7399,553.02
2021-01-25 05:00:00,537.502,561.7139,513.2902,541.5749,58.7483,537.502,2.378,2.8106,554.99
2021-01-22 20:00:00,536.9939,560.9952,512.9925,541.1201,56.1399,536.9939,2.0416,2.9187,548.87
2021-01-22 19:00:00,536.571,560.6144,512.5276,540.8574,55.9699,536.571,2.2056,3.138,548.49
2021-01-22 18:00:00,536.1529,560.2252,512.0805,540.5987,55.8192,536.1529,2.4216,3.3711,548.15
2021-01-22 17:00:00,535.592,560.0845,511.0995,540.3427,55.6436,535.592,2.6967,3.6085,547.75
2021-01-22 16:00:00,535.0345,559.9144,510.1547,540.0916,56.0544,535.0345,3.0493,3.8364,548.5
2021-01-22 15:00:00,534.4569,559.6666,509.2471,539.8066,57.8573,534.4569,3.3786,4.0332,551.72
2021-01-22 14:00:00,533.8032,559.2216,508.3848,539.4027,57.4393,533.8032,3.4219,4.1968,550.72
2021-01-22 13:00:00,533.1975,558.7063,507.6887,539.0191,56.5816,533.1975,3.5293,4.3906,548.695
2021-01-22 12:00:00,532.6971,558.1481,507.2461,538.6911,56.79,532.6971,3.8212,4.6059,549.07
2021-01-22 11:00:00,532.2343,557.4867,506.9819,538.3393,56.6014,532.2343,4.0999,4.8021,548.62
2021-01-22 10:00:00,531.7738,556.8211,506.7265,537.9908,57.6896,531.7738,4.442,4.9776,550.5976
2021-01-22 09:00:00,531.2591,556.0053,506.5129,537.5634,57.6054,531.2591,4.6125,5.1115,550.39
2021-01-22 08:00:00,530.7251,555.178,506.2722,537.1286,56.8371,530.7251,4.7842,5.2362,548.5
2021-01-22 07:00:00,530.363,554.3921,506.3338,536.7431,56.7228,530.363,5.1263,5.3492,548.22
2021-01-22 06:00:00,530.0593,553.6343,506.4843,536.3541,57.7428,530.0593,5.5168,5.405,550.12
2021-01-22 05:00:00,529.7355,552.7259,506.745,535.8874,58.0888,529.7355,5.7415,5.377,550.76
2021-01-21 20:00:00,529.3333,551.6735,506.993,535.3833,58.0656,529.3333,5.8797,5.2859,550.7
2021-01-21 19:00:00,528.9766,550.6132,507.34,534.8641,57.9895,528.9766,5.9766,5.1375,550.5
2021-01-21 18:00:00,528.6293,549.5292,507.7294,534.3341,58.7603,528.6293,6.0338,4.9277,551.97
2021-01-21 17:00:00,528.2448,548.2423,508.2473,533.7362,58.7864,528.2448,5.8693,4.6511,552.02
2021-01-21 16:00:00,527.8361,546.8515,508.8207,533.1164,60.1975,527.8361,5.5689,4.3466,554.7
2021-01-21 15:00:00,527.3883,545.0709,509.7057,532.3848,57.5277,527.3883,4.8316,4.041,547.5627
2021-01-21 14:00:00,527.1072,544.0174,510.1971,531.8703,56.7959,527.1072,4.547,3.8434,545.73
2021-01-21 13:00:00,526.8869,543.153,510.6208,531.4005,55.8699,526.8869,4.3042,3.6675,543.46
2021-01-21 12:00:00,526.7753,542.6728,510.8779,530.9917,56.4411,526.7753,4.1628,3.5083,544.55
2021-01-21 11:00:00,526.6123,541.9688,511.2559,530.5321,55.8754,526.6123,3.8108,3.3447,543.16
2021-01-21 10:00:00,526.5053,541.4839,511.5267,530.104,54.7764,526.5053,3.4476,3.2281,540.515
2021-01-21 09:00:00,526.4739,541.3423,511.6055,529.7511,52.1982,526.4739,3.2032,3.1733,534.69
2021-01-21 08:00:00,526.6341,542.05,511.2181,529.5837,52.8647,526.6341,3.4377,3.1658,536.0
2021-01-21 07:00:00,526.7597,542.5962,510.9232,529.3662,52.8647,526.7597,3.5537,3.0978,536.0
2021-01-21 06:00:00,526.8741,543.0707,510.6774,529.1413,53.3677,526.8741,3.65,2.9838,537.0
2021-01-21 05:00:00,526.9657,543.4503,510.4812,528.8749,53.8717,526.9657,3.6181,2.8172,538.0
2021-01-20 20:00:00,527.0824,543.9718,510.193,528.5656,52.7977,527.0824,3.4229,2.617,535.55
2021-01-20 19:00:00,527.2049,544.4412,509.9686,528.3288,52.6872,527.2049,3.3734,2.4156,535.3
2021-01-20 18:00:00,527.3109,544.8211,509.8007,528.0925,52.5517,527.3109,3.2866,2.1761,534.99
2021-01-20 17:00:00,527.4156,545.1813,509.6498,527.8587,52.357,527.4156,3.1596,1.8985,534.54
2021-01-20 16:00:00,527.5274,545.5537,509.5011,527.6322,52.3484,527.5274,2.9974,1.5832,534.52
2021-01-20 15:00:00,527.6391,545.9185,509.3596,527.3987,52.2895,527.6391,2.7487,1.2296,534.38
2021-01-20 14:00:00,527.7997,546.4784,509.121,527.162,51.5319,527.7997,2.4056,0.8499,532.58
2021-01-20 13:00:00,527.9709,547.0065,508.9353,526.9784,51.7496,527.9709,2.116,0.4609,533.065
2021-01-20 12:00:00,528.0652,547.2561,508.8742,526.7721,50.8202,528.0652,1.6661,0.0472,530.8589
2021-01-20 11:00:00,528.2305,547.684,508.777,526.6335,51.2253,528.2305,1.2923,-0.3576,531.78
2021-01-20 10:00:00,528.3613,548.0132,508.7095,526.4591,50.6882,528.3613,0.7027,-0.77,530.5
2021-01-20 09:00:00,528.5137,548.3701,508.6573,526.3221,48.6462,528.5137,0.0702,-1.1382,525.8
2021-01-20 08:00:00,528.7087,548.6841,508.7332,526.3398,48.0612,528.7087,-0.2596,-1.4403,524.5
2021-01-20 07:00:00,528.9003,548.9312,508.8695,526.4021,48.2692,528.9003,-0.5444,-1.7355,525.0
2021-01-19 20:00:00,529.1318,549.2976,508.9661,526.4497,46.9139,529.1318,-0.9509,-2.0332,522.0
2021-01-19 19:00:00,529.4195,549.6624,509.1766,526.6005,47.3203,529.4195,-1.1505,-2.3038,523.0
2021-01-19 18:00:00,529.6795,549.9866,509.3725,526.7226,46.8678,529.6795,-1.4903,-2.5921,522.0
2021-01-19 17:00:00,529.9643,550.3119,509.6168,526.8826,47.0187,529.9643,-1.8004,-2.8676,522.38
2021-01-19 16:00:00,530.2478,550.6388,509.8569,527.0353,46.4069,530.2478,-2.2089,-3.1343,521.01
2021-01-19 15:00:00,530.5395,550.8942,510.1849,527.2395,46.0986,530.5395,-2.5585,-3.3657,520.32
2021-01-19 14:00:00,530.8575,551.1597,510.5553,527.4741,45.689,530.8575,-2.8973,-3.5675,519.4
2021-01-19 13:00:00,531.1678,551.3287,511.0069,527.7478,45.2407,531.1678,-3.194,-3.7351,518.392
2021-01-19 12:00:00,531.5535,551.607,511.4999,528.0649,43.7705,531.5535,-3.4236,-3.8703,515.145
2021-01-19 11:00:00,531.9979,551.7569,512.2389,528.5029,44.32,531.9979,-3.3361,-3.982,516.67
2021-01-19 10:00:00,532.4026,551.8821,512.9232,528.904,44.9643,532.4026,-3.3313,-4.1435,518.4399
2021-01-19 09:00:00,532.75,551.9625,513.5374,529.2587,45.1064,532.75,-3.4569,-4.3465,518.83
2021-01-19 08:00:00,533.0925,552.031,514.154,529.6122,44.9397,533.0925,-3.6066,-4.5689,518.45
2021-01-19 07:00:00,533.5978,552.5645,514.6311,529.9906,47.1829,533.5978,-3.7066,-4.8095,524.5
2021-01-19 06:00:00,534.023,553.2961,514.7499,530.1767,46.7509,534.023,-4.3963,-5.0852,523.5
2021-01-19 05:00:00,534.498,554.1121,514.8839,530.4031,46.708,534.498,-5.1108,-5.2575,523.4
2021-01-15 20:00:00,534.943,554.7404,515.1456,530.6405,42.6693,534.943,-5.9383,-5.2941,514.5
2021-01-15 19:00:00,535.5288,554.9485,516.1091,531.1876,42.5732,535.5288,-6.0019,-5.1331,514.3
2021-01-15 18:00:00,536.0696,554.8926,517.2467,531.7601,42.3545,536.0696,-5.9754,-4.9159,513.84
2021-01-15 17:00:00,536.6033,554.6757,518.5309,532.3675,41.7187,536.6033,-5.8079,-4.651,512.5
2021-01-15 16:00:00,537.1595,554.2582,520.0607,533.041,42.3633,537.1595,-5.3731,-4.3617,514.38
2021-01-15 15:00:00,537.6698,553.8201,521.5196,533.6736,43.8855,537.6698,-4.9314,-4.1089,518.672
2021-01-15 14:00:00,538.1014,553.5675,522.6354,534.1821,44.8559,538.1014,-4.733,-3.9033,521.3
2021-01-15 13:00:00,538.5979,553.7848,523.4111,534.6188,44.7141,538.5979,-4.6784,-3.6958,520.99
2021-01-15 12:00:00,539.1811,554.3057,524.0566,535.0808,44.134,539.1811,-4.5091,-3.4502,519.717
2021-01-15 11:00:00,539.7835,554.6358,524.9312,535.6016,43.5081,539.7835,-4.0979,-3.1855,518.35
2021-01-15 10:00:00,540.3047,554.2806,526.3287,536.1864,46.6756,540.3047,-3.3742,-2.9574,526.77
2021-01-15 09:00:00,540.7467,554.6602,526.8333,536.5056,47.9936,540.7467,-3.2587,-2.8531,530.0
2021-01-15 08:00:00,541.1371,555.1364,527.1377,536.7261,48.2799,541.1371,-3.3929,-2.7517,530.69
2021-01-15 06:00:00,541.2647,555.0182,527.5113,536.9307,46.4304,541.2647,-3.5849,-2.5915,526.63
2021-01-14 20:00:00,541.5226,554.7385,528.3067,537.2799,47.5296,541.5226,-3.3646,-2.3431,529.3
2021-01-14 19:00:00,541.7659,554.6049,528.9269,537.5504,47.6792,541.7659,-3.3062,-2.0877,529.66
2021-01-14 18:00:00,541.9549,554.4035,529.5064,537.8179,47.335,541.9549,-3.2203,-1.7831,528.9
2021-01-14 17:00:00,542.0617,554.1656,529.9579,538.1202,46.6998,542.0617,-2.9864,-1.4238,527.5
2021-01-14 16:00:00,542.1231,553.9656,530.2806,538.4802,46.8307,542.1231,-2.5019,-1.0332,527.83
2021-01-14 15:00:00,542.1799,553.7777,530.5821,538.8412,47.9811,542.1799,-1.8807,-0.666,530.7
2021-01-14 14:00:00,542.2016,553.7181,530.6851,539.1172,48.7233,542.2016,-1.3527,-0.3624,532.51
2021-01-14 13:00:00,542.1808,553.7716,530.5899,539.3412,50.5299,542.1808,-0.8433,-0.1148,536.7644
2021-01-14 12:00:00,542.0873,553.9387,530.236,539.4285,49.6696,542.0873,-0.6142,0.0673,534.77
2021-01-14 11:00:00,541.966,554.2555,529.6765,539.5864,50.523,541.966,-0.1097,0.2377,536.74
2021-01-14 10:00:00,541.7593,554.7882,528.7305,539.6829,51.3554,541.7593,0.3353,0.3246,538.63
2021-01-14 09:00:00,541.5933,555.025,528.1617,539.7186,53.9789,541.5933,0.7059,0.3219,544.3
2021-01-14 08:00:00,541.3079,555.2167,527.3991,539.5633,53.6669,541.3079,0.5913,0.2259,543.54
2021-01-14 07:00:00,541.044,555.368,526.72,539.4285,53.3889,541.044,0.5139,0.1345,542.86
2021-01-14 06:00:00,540.8539,555.378,526.3298,539.3122,53.2429,540.8539,0.4768,0.0397,542.5
2021-01-14 05:00:00,540.7039,555.3423,526.0655,539.2041,54.407,540.7039,0.4593,-0.0696,545.0
2021-01-13 20:00:00,540.5534,555.1977,525.909,539.0076,53.5684,540.5534,0.1756,-0.2018,542.9
2021-01-13 19:00:00,540.4049,555.1315,525.6783,538.8757,53.0672,540.4049,0.0248,-0.2962,541.66
2021-01-13 18:00:00,540.2639,555.1013,525.4265,538.7813,52.91,540.2639,-0.0418,-0.3764,541.27
2021-01-13 17:00:00,540.1245,555.0781,525.171,538.6969,52.9021,540.1245,-0.0865,-0.46,541.25
2021-01-13 16:00:00,539.9787,555.0557,524.9017,538.6104,52.8903,539.9787,-0.1402,-0.5534,541.22
2021-01-13 15:00:00,539.8172,555.0444,524.59,538.5219,54.1286,539.8172,-0.2037,-0.6567,544.02
2021-01-13 14:00:00,539.647,554.9107,524.3834,538.3356,53.683,539.647,-0.5669,-0.77,542.85
2021-01-13 13:00:00,539.4852,554.8154,524.1551,538.1825,52.067,539.4852,-0.903,-0.8208,538.72
2021-01-13 12:00:00,539.3769,554.8186,523.9352,538.1643,52.9735,539.3769,-0.8985,-0.8002,540.78
2021-01-13 11:00:00,539.1493,554.9009,523.3977,538.0756,52.5197,539.1493,-1.0893,-0.7756,539.63
2021-01-13 10:00:00,538.956,554.962,522.95,538.023,52.524,538.956,-1.1999,-0.6972,539.64
2021-01-13 09:00:00,538.7291,555.0721,522.3862,537.9681,51.685,538.7291,-1.3246,-0.5716,537.5
2021-01-13 08:00:00,538.5008,555.283,521.7186,537.984,51.0893,538.5008,-1.2467,-0.3833,536.0
2021-01-13 07:00:00,538.1383,556.0242,520.2524,538.0513,52.3113,538.1383,-0.9764,-0.1674,538.89
2021-01-13 05:00:00,537.7401,556.5796,518.9006,538.0228,52.4693,537.7401,-0.9114,0.0348,539.26
2021-01-12 20:00:00,537.2858,557.2387,517.3329,537.9809,52.2162,537.2858,-0.8529,0.2714,538.6
2021-01-12 19:00:00,536.8258,557.8786,515.7731,537.9599,52.42,536.8258,-0.6986,0.5525,539.09
2021-01-12 18:00:00,536.341,558.4749,514.207,537.9216,52.5435,536.341,-0.5414,0.8652,539.39
2021-01-12 17:00:00,535.8595,558.9437,512.7752,537.8718,52.2188,535.8595,-0.3634,1.2169,538.51
2021-01-12 16:00:00,535.3826,559.3916,511.3737,537.8502,52.5766,535.3826,-0.0414,1.612,539.4
2021-01-12 15:00:00,534.8818,559.7722,509.9914,537.7977,52.076,534.8818,0.2797,2.0253,538.02
2021-01-12 14:00:00,534.3895,560.165,508.614,537.7901,53.4881,534.3895,0.8259,2.4617,541.53
2021-01-12 13:00:00,533.78,560.5611,506.9988,537.6633,53.6021,533.78,1.1536,2.8707,541.81
2021-01-12 12:00:00,533.3119,560.4939,506.13,537.5228,53.3034,533.3119,1.5267,3.3,540.9556
2021-01-12 11:00:00,532.9752,560.2705,505.6799,537.4064,52.7164,532.9752,2.0677,3.7433,539.28
2021-01-12 10:00:00,532.6522,560.0996,505.2048,537.3429,52.7554,532.6522,2.8986,4.1622,539.38
2021-01-12 09:00:00,532.3772,559.8801,504.8743,537.2738,56.6142,532.3772,3.9069,4.4781,548.77
2021-01-12 08:00:00,531.9349,559.2217,504.6482,536.8841,57.1572,531.9349,4.181,4.6209,550.01
2021-01-12 07:00:00,531.4568,558.4639,504.4497,536.4392,58.0354,531.4568,4.3437,4.7309,552.0
2021-01-12 06:00:00,531.0068,557.525,504.4885,535.9117,57.4212,531.0068,4.2855,4.8277,550.1
2021-01-12 05:00:00,530.5886,556.6772,504.5,535.4308,57.2755,530.5886,4.3425,4.9632,549.65
2021-01-11 20:00:00,530.1536,555.8234,504.4838,534.9488,56.3289,530.1536,4.3978,5.1184,546.75
2021-01-11 19:00:00,529.7703,555.1222,504.4184,534.5487,56.0349,529.7703,4.6997,5.2985,545.86
2021-01-11 18:00:00,529.4229,554.4526,504.3933,534.1653,56.0391,529.4229,5.1073,5.4482,545.87
2021-01-11 17:00:00,529.2459,553.956,504.5359,533.7685,55.7575,529.2459,5.5523,5.5334,545.0
2021-01-11 16:00:00,529.0986,553.5351,504.6621,533.3878,55.6194,529.0986,6.128,5.5287,544.57
2021-01-11 15:00:00,528.9666,553.1517,504.7816,533.0087,58.335,528.9666,6.8175,5.3789,551.09
2021-01-11 14:00:00,528.7221,552.2965,505.1477,532.3958,60.514,528.7221,6.9345,5.0193,555.98
2021-01-11 13:00:00,528.3931,550.9664,505.8198,531.5963,60.4784,528.3931,6.4852,4.5405,555.86
2021-01-11 12:00:00,528.0242,549.4861,506.5624,530.7738,58.567,528.0242,5.8295,4.0543,549.62
2021-01-11 11:00:00,527.7559,548.5224,506.9895,530.135,60.2546,527.7559,5.5431,3.6105,553.295
2021-01-11 10:00:00,527.3636,547.0464,507.6808,529.3499,60.3127,527.3636,4.7229,3.1273,553.42
2021-01-11 09:00:00,527.0122,545.5406,508.4837,528.534,55.1878,527.0122,3.5945,2.7284,538.35
2021-01-11 08:00:00,526.9166,545.2686,508.5647,528.2012,56.9885,526.9166,3.6363,2.5119,542.1
2021-01-11 07:00:00,526.7845,544.8084,508.7605,527.7301,57.8799,526.7845,3.2551,2.2308,543.9
2021-01-11 06:00:00,526.4028,543.9237,508.8819,527.1819,56.8096,526.4028,2.5378,1.9748,541.0
2021-01-11 05:00:00,526.1278,543.2367,509.0189,526.7135,54.583,526.1278,1.8807,1.834,535.31
2021-01-08 20:00:00,525.9725,542.9135,509.0315,526.4221,52.848,525.9725,1.5939,1.8224,531.18
2021-01-08 19:00:00,525.8945,542.7819,509.0071,526.2608,52.8769,525.8945,1.6253,1.8795,531.24
2021-01-08 18:00:00,525.823,542.6555,508.9905,526.092,53.239,525.823,1.6355,1.943,532.0
2021-01-08 17:00:00,525.7088,542.4649,508.9527,525.8918,52.9304,525.7088,1.5474,2.0199,531.2601
2021-01-08 16:00:00,525.5995,542.2948,508.9042,525.7098,52.889,525.5995,1.4878,2.138,531.16
2021-01-08 15:00:00,525.4901,542.1242,508.8561,525.525,51.348,525.4901,1.4003,2.3005,527.4901
2021-01-08 14:00:00,525.4358,542.0646,508.807,525.4584,49.9665,525.4358,1.6419,2.5256,524.34
2021-01-08 13:00:00,525.4391,542.0672,508.8111,525.4963,51.9607,525.4391,2.2471,2.7465,528.67
2021-01-08 12:00:00,525.4004,542.0089,508.7918,525.3888,51.3009,525.4004,2.546,2.8714,527.175
2021-01-08 11:00:00,525.3906,541.9957,508.7855,525.3282,51.5486,525.3906,3.0427,2.9527,527.7069
2021-01-08 10:00:00,525.3558,541.9501,508.7616,525.2476,53.3307,525.3558,3.5783,2.9302,531.45
2021-01-08 09:00:00,525.3138,541.8588,508.7688,525.0373,54.3425,525.3138,3.8287,2.7682,533.5
2021-01-08 08:00:00,525.3907,542.1287,508.6526,524.7505,55.592,525.3907,3.8839,2.503,535.97
2021-01-08 06:00:00,525.3915,542.1317,508.6513,524.3701,54.7722,525.3915,3.6463,2.1578,533.99
2021-01-07 20:00:00,525.25,541.8399,508.6601,524.044,54.4423,525.25,3.4917,1.7857,533.2
2021-01-07 19:00:00,525.1158,541.5761,508.6555,523.7337,54.322,525.1158,3.324,1.3592,532.91
2021-01-07 18:00:00,524.9773,541.3123,508.6423,523.4226,54.1537,524.9773,3.0911,0.868,532.5
2021-01-07 17:00:00,524.8607,541.0786,508.6427,523.1149,53.7574,524.8607,2.7906,0.3123,531.53
2021-01-07 16:00:00,524.773,540.9024,508.6435,522.8296,54.8534,524.773,2.4652,-0.3073,533.81
2021-01-07 15:00:00,524.5762,540.5471,508.6052,522.4574,54.5859,524.5762,1.782,-1.0005,533.14
2021-01-07 14:00:00,524.392,540.2179,508.5661,522.0953,54.2195,524.392,0.9522,-1.6961,532.22
2021-01-07 13:00:00,524.23,539.9305,508.5294,521.7521,52.1164,524.23,-0.0271,-2.3581,527.1262
2021-01-07 12:00:00,524.151,539.8402,508.4619,521.5699,52.5375,524.151,-0.758,-2.9409,528.0299
2021-01-07 11:00:00,524.0526,539.7172,508.3879,521.3509,51.6881,524.0526,-1.7719,-3.4866,526.03
2021-01-07 10:00:00,523.9602,539.6425,508.2779,521.1923,50.7211,523.9602,-2.8366,-3.9153,523.8
2021-01-07 09:00:00,523.8651,539.6192,508.1109,521.1039,46.1854,523.8651,-3.9272,-4.185,514.25
2021-01-07 08:00:00,523.9626,539.549,508.3761,521.3363,46.516,523.9626,-4.2897,-4.2494,515.0
2021-01-07 07:00:00,524.0363,539.4937,508.5788,521.5511,44.9664,524.0363,-4.7664,-4.2394,512.0
2021-01-07 06:00:00,524.2501,539.3873,509.1129,521.8748,44.4387,524.2501,-5.0,-4.1076,511.0
2021-01-07 05:00:00,524.4241,539.1834,509.6649,522.2435,43.9099,524.4241,-5.1237,-3.8845,510.0
2021-01-06 20:00:00,524.6824,538.9574,510.4075,522.6585,44.1163,524.6824,-5.1051,-3.5747,510.5
2021-01-06 19:00:00,524.9381,538.7292,511.147,523.0706,43.8045,524.9381,-5.0582,-3.1921,509.9
2021-01-06 18:00:00,525.2023,538.4266,511.978,523.5171,43.5205,525.2023,-4.8635,-2.7256,509.35
2021-01-06 17:00:00,525.4631,538.0273,512.8989,523.9974,43.073,525.4631,-4.4884,-2.1911,508.48
2021-01-06 16:00:00,525.7309,537.4953,513.9666,524.5234,41.2199,525.7309,-3.8557,-1.6168,504.96
2021-01-06 15:00:00,526.0816,536.5291,515.6341,525.1865,44.7912,526.0816,-2.6336,-1.0571,513.728
2021-01-06 14:00:00,526.2895,536.2295,516.3494,525.575,48.0712,526.2895,-1.9283,-0.6629,520.75
2021-01-06 13:00:00,526.3768,536.2122,516.5415,525.7385,47.6146,526.3768,-1.7149,-0.3466,519.9
2021-01-06 12:00:00,526.4751,536.1664,516.7839,525.9364,49.103,526.4751,-1.3312,-0.0045,522.88
2021-01-06 11:00:00,526.518,536.168,516.868,526.04,48.7623,526.518,-1.1253,0.3271,522.2354
2021-01-06 10:00:00,526.6049,536.1928,517.017,526.169,48.2789,526.6049,-0.7807,0.6903,521.32
2021-01-06 09:00:00,526.6929,536.1815,517.2042,526.3334,50.1495,526.6929,-0.2361,1.058,525.0
2021-01-06 08:00:00,526.6449,536.1962,517.0935,526.3786,50.1547,526.6449,0.0876,1.3815,525.01
2021-01-06 07:00:00,526.5707,536.2401,516.9014,526.425,49.4025,526.5707,0.4985,1.705,523.55
2021-01-06 06:00:00,526.4801,536.3607,516.5994,526.5224,49.5031,526.4801,1.1644,2.0066,523.75
2021-01-06 05:00:00,526.3697,536.5142,516.2253,526.6164,50.1408,526.3697,1.977,2.2172,525.02
2021-01-05 20:00:00,526.2861,536.5557,516.0164,526.6705,55.8382,526.2861,2.8561,2.2773,535.25
2021-01-05 19:00:00,526.0386,536.1466,515.9305,526.3797,56.3988,526.0386,2.895,2.1325,536.16
2021-01-05 18:00:00,525.7191,535.7387,515.6994,526.0482,56.7002,525.7191,2.8099,1.9419,536.65
2021-01-05 17:00:00,525.4001,535.2242,515.5759,525.6888,56.5931,525.4001,2.6105,1.7249,536.42
2021-01-05 16:00:00,525.0764,534.7046,515.4482,525.325,56.5104,525.0764,2.3415,1.5036,536.24
2021-01-05 15:00:00,524.7541,534.1581,515.35,524.955,55.342,524.7541,1.9824,1.2941,533.728
2021-01-05 14:00:00,524.4789,533.7821,515.1758,524.6576,55.2447,524.4789,1.7509,1.122,533.5213
2021-01-05 13:00:00,524.2131,533.378,515.0481,524.3571,53.4268,524.2131,1.4511,0.9648,529.755
2021-01-05 12:00:00,524.0172,533.2024,514.8319,524.1742,54.9291,524.0172,1.4309,0.8432,532.3339
2021-01-05 11:00:00,523.7741,532.8372,514.711,523.8976,55.0975,523.7741,1.1216,0.6963,532.619
2021-01-05 10:00:00,523.5129,532.4436,514.5823,523.6019,56.0163,523.5129,0.6815,0.5899,534.17
2021-01-05 09:00:00,523.2184,531.8854,514.5514,523.2437,48.9013,523.2184,-0.0481,0.5671,521.0
2021-01-05 08:00:00,523.1354,531.9794,514.2915,523.3197,51.0598,523.1354,0.3624,0.7209,524.5
2021-01-05 07:00:00,523.0226,531.9662,514.079,523.2797,52.021,523.0226,0.5246,0.8105,525.99
2021-01-05 06:00:00,522.9231,531.8653,513.9809,523.1879,52.3527,522.9231,0.5724,0.8819,526.5
2021-01-05 05:00:00,522.8024,531.7437,513.8612,523.0756,52.6439,522.8024,0.5731,0.9593,526.95
2021-01-04 20:00:00,522.6474,531.6181,513.6768,522.9442,51.5845,522.6474,0.5198,1.0559,525.15
2021-01-04 19:00:00,522.5118,531.5727,513.4508,522.8695,51.3167,522.5118,0.6276,1.1899,524.6999
2021-01-04 18:00:00,522.3834,531.5344,513.2324,522.8074,51.2578,522.3834,0.8018,1.3305,524.6
2021-01-04 17:00:00,522.2634,531.4836,513.0433,522.7467,51.0423,522.2634,1.0227,1.4626,524.23
2021-01-04 16:00:00,522.1321,531.4603,512.8039,522.6964,51.2289,522.1321,1.3274,1.5726,524.54
2021-01-04 15:00:00,521.9864,531.4319,512.5409,522.6339,52.3227,521.9864,1.6655,1.6339,526.3425
2021-01-04 14:00:00,521.7984,531.3383,512.2585,522.5082,52.474,521.7984,1.8892,1.626,526.59
2021-01-04 13:00:00,521.6136,531.2045,512.0226,522.3698,51.9385,521.6136,2.1221,1.5603,525.62
2021-01-04 12:00:00,521.4569,531.088,511.8258,522.2596,53.9794,521.4569,2.4873,1.4198,528.9301
2021-01-04 11:00:00,521.2406,530.7731,511.708,522.0335,60.4581,521.2406,2.5801,1.1529,538.11
2021-01-04 10:00:00,520.8774,529.4205,512.3343,521.4885,59.3663,520.8774,1.7265,0.7961,536.02
2021-01-04 09:00:00,520.5369,528.2244,512.8494,520.996,52.9338,520.5369,0.8245,0.5635,525.5
2021-01-04 08:00:00,520.3709,528.0527,512.6891,520.8433,52.6888,520.3709,0.7325,0.4983,525.15
2021-01-04 07:00:00,520.2312,527.8649,512.5975,520.6973,52.3051,520.2312,0.64,0.4397,524.6
2021-01-04 06:00:00,520.1501,527.6993,512.6008,520.565,52.9967,520.1501,0.5686,0.3896,525.5
2021-01-04 05:00:00,520.0951,527.5349,512.6552,520.3977,53.5928,520.0951,0.3776,0.3449,526.27
2020-12-31 20:00:00,520.0206,527.2994,512.7418,520.1986,50.5602,520.0206,0.0499,0.3367,522.0
2020-12-31 19:00:00,520.0119,527.2825,512.7413,520.1376,50.6288,520.0119,0.0657,0.4084,522.09
2020-12-31 18:00:00,520.0104,527.2793,512.7415,520.0714,50.9382,520.0104,0.0758,0.4941,522.5
