date,Lower BBand,Middle BBand,Upper BBand,EMA,RSI,SMA,MACD,MACD Signal,Closing Price
2021-02-22 20:00:00,34.0777,34.3909,34.7042,34.3639,40.4355,34.3909,-0.097,-0.0924,34.18
2021-02-22 19:00:00,34.0887,34.4073,34.7259,34.3766,40.0665,34.4073,-0.0982,-0.0913,34.17
2021-02-22 18:00:00,34.1069,34.4226,34.7383,34.3909,40.3079,34.4226,-0.0974,-0.0895,34.18
2021-02-22 17:00:00,34.1294,34.4349,34.7405,34.4054,40.3079,34.4349,-0.0959,-0.0876,34.18
2021-02-22 16:00:00,34.1544,34.4459,34.7375,34.421,42.3364,34.4459,-0.0926,-0.0855,34.2651
2021-02-22 15:00:00,34.1697,34.4551,34.7405,34.4317,40.8104,34.4551,-0.0957,-0.0837,34.22
2021-02-22 14:00:00,34.1925,34.4664,34.7404,34.4463,42.2483,34.4664,-0.0937,-0.0808,34.28
2021-02-22 13:00:00,34.2089,34.4758,34.7427,34.4578,41.9186,34.4758,-0.0958,-0.0775,34.27
2021-02-22 12:00:00,34.2264,34.4879,34.7494,34.4707,39.0601,34.4879,-0.0962,-0.073,34.185
2021-02-22 11:00:00,34.2621,34.5027,34.7432,34.4904,41.132,34.5027,-0.0866,-0.0671,34.275
2021-02-22 10:00:00,34.2846,34.5151,34.7457,34.5053,34.5255,34.5151,-0.0822,-0.0623,34.0979
2021-02-22 09:00:00,34.3547,34.5348,34.715,34.5334,42.0494,34.5348,-0.0575,-0.0573,34.39
2021-02-22 08:00:00,34.366,34.5442,34.7224,34.5433,42.0494,34.5442,-0.0547,-0.0573,34.39
2021-02-22 07:00:00,34.3781,34.5542,34.7303,34.5538,45.5419,34.5542,-0.0504,-0.0579,34.5
2021-02-22 06:00:00,34.3685,34.5642,34.7598,34.5576,47.2669,34.5642,-0.0555,-0.0598,34.55
2021-02-22 05:00:00,34.3572,34.5732,34.7892,34.5581,41.2432,34.5732,-0.0661,-0.0608,34.41
2021-02-19 20:00:00,34.3676,34.5848,34.8021,34.5683,42.2427,34.5848,-0.0645,-0.0595,34.44
2021-02-19 19:00:00,34.377,34.5952,34.8134,34.5771,43.2561,34.5952,-0.0646,-0.0583,34.47
2021-02-19 18:00:00,34.3834,34.6052,34.827,34.5845,41.909,34.6052,-0.0668,-0.0567,34.44
2021-02-19 17:00:00,34.389,34.6188,34.8487,34.5945,41.4612,34.6188,-0.0657,-0.0541,34.43
2021-02-19 16:00:00,34.3987,34.6332,34.8677,34.6058,41.7724,34.6332,-0.0622,-0.0513,34.44
2021-02-19 15:00:00,34.4112,34.6468,34.8825,34.6173,42.3877,34.6468,-0.0578,-0.0485,34.46
2021-02-19 14:00:00,34.4238,34.6598,34.8959,34.6281,44.0366,34.6598,-0.0535,-0.0462,34.5126
2021-02-19 13:00:00,34.4281,34.6728,34.9174,34.6361,43.3235,34.6728,-0.0525,-0.0444,34.495
2021-02-19 12:00:00,34.4389,34.6858,34.9327,34.6458,44.3383,34.6858,-0.0487,-0.0424,34.5277
2021-02-19 11:00:00,34.4412,34.7003,34.9595,34.654,42.4371,34.7003,-0.0465,-0.0408,34.48
2021-02-19 10:00:00,34.456,34.7157,34.9753,34.666,43.6455,34.7157,-0.0381,-0.0393,34.52
2021-02-19 09:00:00,34.4692,34.7293,34.9895,34.676,49.4281,34.7293,-0.031,-0.0396,34.69
2021-02-19 08:00:00,34.4709,34.7307,34.9904,34.6751,47.0339,34.7307,-0.0387,-0.0418,34.63
2021-02-19 07:00:00,34.4638,34.7283,34.9929,34.6782,47.7625,34.7283,-0.0419,-0.0426,34.65
2021-02-19 06:00:00,34.4595,34.7267,34.9938,34.6801,48.4887,34.7267,-0.0474,-0.0427,34.67
2021-02-19 05:00:00,34.4612,34.7277,34.9942,34.6808,46.9288,34.7277,-0.0557,-0.0416,34.63
2021-02-18 20:00:00,34.4676,34.7317,34.9958,34.6843,43.6286,34.7317,-0.0615,-0.038,34.55
2021-02-18 19:00:00,34.481,34.7367,34.9924,34.6936,41.8818,34.7367,-0.0599,-0.0322,34.51
2021-02-18 18:00:00,34.501,34.743,34.985,34.7062,42.8443,34.743,-0.0528,-0.0253,34.54
2021-02-18 17:00:00,34.5164,34.7477,34.979,34.7177,43.4851,34.7477,-0.0461,-0.0184,34.5599
2021-02-18 16:00:00,34.5303,34.752,34.9737,34.7286,43.4883,34.752,-0.0388,-0.0114,34.56
2021-02-18 15:00:00,34.5457,34.7567,34.9677,34.7402,45.9066,34.7567,-0.029,-0.0046,34.635
2021-02-18 14:00:00,34.5473,34.7572,34.9671,34.7474,45.6104,34.7572,-0.0238,0.0015,34.6274
2021-02-18 13:00:00,34.5533,34.7593,34.9652,34.7557,46.2744,34.7593,-0.0159,0.0078,34.648
2021-02-18 12:00:00,34.5546,34.7597,34.9648,34.7632,47.6382,34.7597,-0.0077,0.0137,34.6899
2021-02-18 11:00:00,34.5524,34.7588,34.9653,34.7682,46.92,34.7588,-0.0015,0.0191,34.67
2021-02-18 10:00:00,34.5545,34.7597,34.9648,34.775,47.5537,34.7597,0.0086,0.0243,34.69
2021-02-18 09:00:00,34.5503,34.7582,34.966,34.7808,51.2323,34.7582,0.0192,0.0282,34.8
2021-02-18 08:00:00,34.5438,34.7537,34.9635,34.7795,51.9384,34.7537,0.0214,0.0304,34.82
2021-02-18 07:00:00,34.5362,34.7479,34.9596,34.7767,49.9373,34.7479,0.0217,0.0327,34.76
2021-02-18 06:00:00,34.5344,34.7522,34.97,34.7779,49.5992,34.7522,0.028,0.0354,34.75
2021-02-18 05:00:00,34.5336,34.7569,34.9802,34.7798,50.2554,34.7569,0.0366,0.0373,34.77
2021-02-17 20:00:00,34.5238,34.7649,35.006,34.7805,52.9647,34.7649,0.045,0.0374,34.85
2021-02-17 19:00:00,34.5161,34.7699,35.0238,34.7757,53.312,34.7699,0.047,0.0355,34.86
2021-02-17 18:00:00,34.5139,34.7722,35.0306,34.7699,53.0142,34.7722,0.0477,0.0327,34.85
2021-02-17 17:00:00,34.5105,34.7679,35.0253,34.7644,53.0142,34.7679,0.0491,0.0289,34.85
2021-02-17 16:00:00,34.5056,34.7626,35.0195,34.7584,54.6427,34.7626,0.05,0.0238,34.9
2021-02-17 15:00:00,34.5003,34.7546,35.0089,34.7487,54.235,34.7546,0.0454,0.0173,34.885
2021-02-17 14:00:00,34.4981,34.7484,34.9987,34.7393,56.8705,34.7484,0.0404,0.0103,34.965
2021-02-17 13:00:00,34.5031,34.7402,34.9774,34.7237,56.2279,34.7402,0.0253,0.0027,34.94
2021-02-17 12:00:00,34.5038,34.7307,34.9577,34.7088,55.9769,34.7307,0.0082,-0.0029,34.9301
2021-02-17 11:00:00,34.5102,34.7254,34.9406,34.6935,50.4208,34.7254,-0.0127,-0.0057,34.73
2021-02-17 10:00:00,34.5105,34.7285,34.9465,34.691,44.6878,34.7285,-0.0189,-0.004,34.56
2021-02-17 09:00:00,34.5257,34.7376,34.9496,34.7001,45.8949,34.7376,-0.0092,-0.0002,34.6
2021-02-17 08:00:00,34.5367,34.7424,34.948,34.707,49.1,34.7424,-0.0007,0.002,34.7
2021-02-17 07:00:00,34.5293,34.7395,34.9498,34.7074,50.8153,34.7395,-0.0001,0.0027,34.75
2021-02-17 06:00:00,34.4951,34.7295,34.964,34.7045,49.0963,34.7295,-0.0044,0.0034,34.7
2021-02-17 05:00:00,34.4729,34.7225,34.9721,34.7048,49.0963,34.7225,-0.0048,0.0054,34.7
2021-02-16 20:00:00,34.4538,34.7159,34.9779,34.7051,48.4225,34.7159,-0.0051,0.0079,34.68
2021-02-16 19:00:00,34.443,34.7115,34.98,34.7069,48.7343,34.7115,-0.0035,0.0112,34.69
2021-02-16 18:00:00,34.4333,34.7072,34.9811,34.708,49.0395,34.7072,-0.0024,0.0148,34.7
2021-02-16 17:00:00,34.4127,34.6995,34.9863,34.7086,47.4487,34.6995,-0.0019,0.0191,34.65
2021-02-16 16:00:00,34.3928,34.6929,34.993,34.7126,48.6225,34.6929,0.0038,0.0244,34.69
2021-02-16 15:00:00,34.3723,34.6849,34.9974,34.7142,47.6842,34.6849,0.0069,0.0295,34.66
2021-02-16 14:00:00,34.3502,34.6769,35.0035,34.7179,47.8249,34.6769,0.0139,0.0352,34.665
2021-02-16 13:00:00,34.3318,34.6694,35.0069,34.7216,48.6577,34.6694,0.0221,0.0405,34.695
2021-02-16 12:00:00,34.3154,34.6614,35.0073,34.7234,47.1758,34.6614,0.0292,0.0451,34.645
2021-02-16 11:00:00,34.2966,34.6537,35.0108,34.7288,47.7082,34.6537,0.0429,0.0491,34.665
2021-02-16 10:00:00,34.2699,34.6432,35.0165,34.7332,47.1897,34.6432,0.0578,0.0506,34.647
2021-02-16 09:00:00,34.2486,34.6341,35.0196,34.7392,54.2048,34.6341,0.0777,0.0488,34.89
2021-02-16 08:00:00,34.241,34.6196,34.9982,34.7288,54.2048,34.6196,0.0773,0.0416,34.89
2021-02-16 07:00:00,34.2374,34.6057,34.9741,34.7177,58.197,34.6057,0.0756,0.0327,35.01
2021-02-16 06:00:00,34.2556,34.5974,34.9391,34.6975,57.9475,34.5974,0.0601,0.0219,35.0
2021-02-16 05:00:00,34.2752,34.5897,34.9042,34.6766,56.1777,34.5897,0.0405,0.0124,34.93
2021-02-12 20:00:00,34.2774,34.589,34.9007,34.6592,50.0857,34.589,0.0221,0.0054,34.72
2021-02-12 19:00:00,34.2743,34.5917,34.9092,34.655,49.1087,34.5917,0.0196,0.0012,34.69
2021-02-12 18:00:00,34.2734,34.5934,34.9134,34.6525,48.1239,34.5934,0.0192,-0.0034,34.6599
2021-02-12 17:00:00,34.273,34.5954,34.9178,34.652,49.3538,34.5954,0.0214,-0.0091,34.7
2021-02-12 16:00:00,34.2725,34.5964,34.9202,34.6487,49.9695,34.5964,0.0199,-0.0167,34.72
2021-02-12 15:00:00,34.2723,34.5967,34.9211,34.6438,47.9286,34.5967,0.0156,-0.0259,34.655
2021-02-12 14:00:00,34.2721,34.5989,34.9257,34.643,51.5233,34.5989,0.0166,-0.0362,34.77
2021-02-12 13:00:00,34.273,34.5979,34.9227,34.6343,53.2905,34.5979,0.0058,-0.0494,34.8226
2021-02-12 12:00:00,34.2756,34.5961,34.9167,34.6213,53.7103,34.5961,-0.0133,-0.0633,34.835
2021-02-12 11:00:00,34.2762,34.5958,34.9153,34.6066,50.884,34.5958,-0.0388,-0.0757,34.7413
2021-02-12 10:00:00,34.2723,34.5987,34.9251,34.5973,46.6388,34.5987,-0.0613,-0.085,34.615
2021-02-12 09:00:00,34.2676,34.6067,34.9459,34.596,40.0963,34.6067,-0.0762,-0.0909,34.4499
2021-02-12 08:00:00,34.2724,34.6216,34.9707,34.6061,41.2848,34.6216,-0.0773,-0.0946,34.49
2021-02-12 07:00:00,34.2725,34.6367,35.0009,34.6141,41.5819,34.6367,-0.0817,-0.0989,34.5
2021-02-12 06:00:00,34.2696,34.6537,35.0379,34.622,43.0804,34.6537,-0.0871,-0.1032,34.55
2021-02-12 05:00:00,34.2648,34.6697,35.0747,34.627,43.3826,34.6697,-0.0979,-0.1072,34.56
2021-02-11 20:00:00,34.2577,34.6874,35.1172,34.6316,39.7021,34.6874,-0.1112,-0.1095,34.47
2021-02-11 19:00:00,34.2628,34.7081,35.1534,34.6427,38.8481,34.7081,-0.1174,-0.109,34.45
2021-02-11 18:00:00,34.2744,34.7294,35.1844,34.656,38.8481,34.7294,-0.1216,-0.1069,34.45
2021-02-11 17:00:00,34.2963,34.7464,35.1965,34.6702,37.6096,34.7464,-0.1252,-0.1033,34.42
2021-02-11 16:00:00,34.3249,34.7644,35.2039,34.6875,38.107,34.7644,-0.1249,-0.0978,34.44
2021-02-11 15:00:00,34.3542,34.7814,35.2087,34.7046,38.4759,34.7814,-0.1248,-0.091,34.455
2021-02-11 14:00:00,34.3842,34.7982,35.2123,34.7218,36.9013,34.7982,-0.1243,-0.0825,34.415
2021-02-11 13:00:00,34.4237,34.8167,35.2097,34.7429,34.2583,34.8167,-0.1178,-0.0721,34.35
2021-02-11 12:00:00,34.4791,34.8399,35.2007,34.77,34.8002,34.8399,-0.1012,-0.0606,34.375
2021-02-11 11:00:00,34.5404,34.8592,35.1781,34.7973,36.5908,34.8592,-0.081,-0.0505,34.455
2021-02-11 10:00:00,34.5926,34.8741,35.1555,34.8209,36.9956,34.8741,-0.0623,-0.0429,34.4726
2021-02-11 09:00:00,34.6464,34.886,35.1256,34.8449,44.8235,34.886,-0.0392,-0.038,34.76
2021-02-11 08:00:00,34.6562,34.8931,35.1301,34.8508,45.1448,34.8931,-0.0385,-0.0377,34.77
2021-02-11 07:00:00,34.6633,34.8961,35.129,34.8563,49.9944,34.8961,-0.038,-0.0375,34.91
2021-02-11 06:00:00,34.658,34.8928,35.1276,34.8526,45.5519,34.8928,-0.0512,-0.0374,34.8
2021-02-11 05:00:00,34.6596,34.8935,35.1274,34.8563,42.8761,34.8935,-0.0559,-0.034,34.74
2021-02-10 20:00:00,34.6716,34.8985,35.1253,34.8643,41.9569,34.8985,-0.0551,-0.0285,34.72
2021-02-10 19:00:00,34.6875,34.9045,35.1214,34.8742,42.2858,34.9045,-0.0512,-0.0218,34.73
2021-02-10 18:00:00,34.7016,34.9091,35.1167,34.8842,42.2858,34.9091,-0.0466,-0.0144,34.73
2021-02-10 17:00:00,34.7083,34.9108,35.1133,34.8948,41.8599,34.9108,-0.0399,-0.0064,34.72
2021-02-10 16:00:00,34.7155,34.9125,35.1095,34.9069,42.4657,34.9125,-0.0298,0.002,34.74
2021-02-10 15:00:00,34.721,34.9138,35.1066,34.9184,43.3758,34.9138,-0.0186,0.0099,34.77
2021-02-10 14:00:00,34.7223,34.9141,35.106,34.9286,45.0884,34.9141,-0.007,0.0171,34.825
2021-02-10 13:00:00,34.7208,34.9136,35.1065,34.9357,45.2297,34.9136,0.0024,0.0231,34.8295
2021-02-10 12:00:00,34.7161,34.9122,35.1082,34.9431,46.0193,34.9122,0.0137,0.0282,34.855
2021-02-10 11:00:00,34.7071,34.9092,35.1113,34.9491,47.2708,34.9092,0.0255,0.0319,34.895
2021-02-10 10:00:00,34.6982,34.9054,35.1126,34.9529,48.8768,34.9054,0.036,0.0335,34.945
2021-02-10 09:00:00,34.6862,34.8992,35.1123,34.9534,51.0567,34.8992,0.0439,0.0328,35.01
2021-02-10 08:00:00,34.6832,34.8934,35.1035,34.9495,51.7431,34.8934,0.0466,0.03,35.03
2021-02-10 07:00:00,34.6827,34.8872,35.0918,34.944,53.8422,34.8872,0.0474,0.0259,35.09
2021-02-10 06:00:00,34.6897,34.8839,35.0781,34.9339,53.8422,34.8839,0.0416,0.0205,35.09
2021-02-10 05:00:00,34.6975,34.8805,35.0636,34.9231,53.8422,34.8805,0.0337,0.0153,35.09
2021-02-09 20:00:00,34.7008,34.8795,35.0583,34.9116,49.8613,34.8795,0.023,0.0107,34.96
2021-02-09 19:00:00,34.6917,34.8839,35.076,34.9083,49.8613,34.8839,0.0222,0.0076,34.96
2021-02-09 18:00:00,34.6874,34.8869,35.0864,34.9047,49.5485,34.8869,0.021,0.0039,34.95
2021-02-09 17:00:00,34.686,34.8842,35.0824,34.9016,49.8491,34.8842,0.0201,-0.0004,34.96
2021-02-09 16:00:00,34.685,34.8812,35.0774,34.8976,50.1432,34.8812,0.0176,-0.0055,34.97
2021-02-09 15:00:00,34.6848,34.8782,35.0716,34.8926,52.3836,34.8782,0.0132,-0.0113,35.045
2021-02-09 14:00:00,34.6899,34.8734,35.0569,34.882,49.7808,34.8734,-0.0002,-0.0174,34.955
2021-02-09 13:00:00,34.6904,34.8724,35.0544,34.877,48.105,34.8724,-0.0082,-0.0217,34.9
2021-02-09 12:00:00,34.6905,34.8729,35.0553,34.8754,45.8834,34.8729,-0.0127,-0.0251,34.83
2021-02-09 11:00:00,34.6933,34.8765,35.0596,34.8786,50.1854,34.8765,-0.0111,-0.0282,34.975
2021-02-09 10:00:00,34.6929,34.8768,35.0607,34.8719,46.3273,34.8768,-0.0237,-0.0324,34.86
2021-02-09 09:00:00,34.6922,34.8816,35.071,34.8727,44.5214,34.8816,-0.0277,-0.0346,34.81
2021-02-09 08:00:00,34.6929,34.8896,35.0864,34.8771,44.8129,34.8896,-0.0273,-0.0364,34.82
2021-02-09 07:00:00,34.6976,34.8928,35.088,34.881,46.8904,34.8928,-0.0274,-0.0386,34.89
2021-02-09 06:00:00,34.6981,34.8958,35.0935,34.8804,47.1925,34.8958,-0.0343,-0.0414,34.9
2021-02-09 05:00:00,34.6979,34.8991,35.1004,34.879,46.187,34.8991,-0.0436,-0.0432,34.87
2021-02-08 20:00:00,34.6996,34.9031,35.1066,34.8796,43.0417,34.9031,-0.0517,-0.0432,34.78
2021-02-08 19:00:00,34.7098,34.9098,35.1098,34.8865,42.6819,34.9098,-0.0523,-0.041,34.77
2021-02-08 18:00:00,34.7213,34.9181,35.115,34.8946,42.9442,34.9181,-0.0512,-0.0382,34.78
2021-02-08 17:00:00,34.7319,34.9221,35.1123,34.9025,42.9442,34.9221,-0.05,-0.035,34.78
2021-02-08 16:00:00,34.7413,34.9251,35.109,34.9109,43.6968,34.9251,-0.0478,-0.0312,34.81
2021-02-08 15:00:00,34.7484,34.9278,35.1072,34.9179,42.8905,34.9278,-0.0474,-0.027,34.785
2021-02-08 14:00:00,34.7609,34.9323,35.1037,34.927,42.251,34.9323,-0.0436,-0.022,34.765
2021-02-08 13:00:00,34.7758,34.9365,35.0972,34.9382,42.6434,34.9365,-0.0362,-0.0165,34.782
2021-02-08 12:00:00,34.7905,34.9409,35.0913,34.949,41.9692,34.9409,-0.0278,-0.0116,34.76
2021-02-08 11:00:00,34.8132,34.9484,35.0836,34.962,43.6416,34.9484,-0.0145,-0.0076,34.8342
2021-02-08 10:00:00,34.8172,34.9494,35.0816,34.9708,43.8877,34.9494,-0.0049,-0.0058,34.845
2021-02-08 09:00:00,34.8242,34.9516,35.0789,34.9795,47.353,34.9516,0.0064,-0.0061,34.99
2021-02-08 08:00:00,34.8204,34.9484,35.0765,34.9788,47.353,34.9484,0.0059,-0.0092,34.99
2021-02-08 07:00:00,34.8196,34.9468,35.0739,34.978,49.102,34.9468,0.0053,-0.013,35.06
2021-02-08 06:00:00,34.823,34.9448,35.0665,34.9723,49.865,34.9448,-0.0028,-0.0176,35.09
2021-02-08 05:00:00,34.8305,34.9418,35.053,34.9642,48.8403,34.9418,-0.0161,-0.0213,35.05
2021-02-05 20:00:00,34.834,34.9401,35.0462,34.9583,43.8482,34.9401,-0.0288,-0.0226,34.87
2021-02-05 19:00:00,34.8317,34.9474,35.0631,34.9644,43.8482,34.9474,-0.0263,-0.021,34.87
2021-02-05 18:00:00,34.8341,34.9541,35.0741,34.9709,44.0715,34.9541,-0.0227,-0.0197,34.88
2021-02-05 17:00:00,34.8352,34.9544,35.0737,34.9772,44.5096,34.9544,-0.0187,-0.0189,34.9
2021-02-05 16:00:00,34.8342,34.9541,35.074,34.9825,45.0508,34.9541,-0.0154,-0.019,34.925
2021-02-05 15:00:00,34.8312,34.9529,35.0746,34.9864,44.7912,34.9529,-0.0136,-0.0199,34.915
2021-02-05 14:00:00,34.8242,34.9508,35.0773,34.9914,45.2666,34.9508,-0.01,-0.0214,34.938
2021-02-05 13:00:00,34.8149,34.9475,35.0801,34.9951,46.236,34.9475,-0.0076,-0.0243,34.985
2021-02-05 12:00:00,34.8121,34.9448,35.0775,34.9957,46.6469,34.9448,-0.0093,-0.0285,35.005
2021-02-05 11:00:00,34.8124,34.9433,35.0743,34.9951,47.5663,34.9433,-0.0133,-0.0333,35.05
2021-02-05 10:00:00,34.8029,34.9355,35.0681,34.9913,44.3875,34.9355,-0.0228,-0.0383,34.915
2021-02-05 09:00:00,34.8004,34.9343,35.0682,34.9966,45.6764,34.9343,-0.0209,-0.0421,34.98
2021-02-05 08:00:00,34.8003,34.9332,35.0661,34.9977,46.0743,34.9332,-0.0247,-0.0474,35.0
2021-02-05 07:00:00,34.79,34.9372,35.0843,34.9976,45.8462,34.9372,-0.0312,-0.0531,34.99
2021-02-05 06:00:00,34.7762,34.9428,35.1095,34.9981,45.624,34.9428,-0.0381,-0.0586,34.98
2021-02-05 05:00:00,34.7685,34.9478,35.1272,34.9993,46.3597,34.9478,-0.0454,-0.0637,35.02
2021-02-04 20:00:00,34.7556,34.9535,35.1514,34.9979,43.7282,34.9535,-0.058,-0.0683,34.9
2021-02-04 19:00:00,34.7388,34.9658,35.1928,35.0047,43.053,34.9658,-0.0611,-0.0709,34.87
2021-02-04 18:00:00,34.7338,34.9782,35.2225,35.014,43.3885,34.9782,-0.0611,-0.0733,34.89
2021-02-04 17:00:00,34.7397,34.9845,35.2292,35.0225,43.8844,34.9845,-0.0622,-0.0764,34.92
2021-02-04 16:00:00,34.7433,34.9908,35.2384,35.0296,43.2575,34.9908,-0.0658,-0.0799,34.89
2021-02-04 15:00:00,34.7496,34.9985,35.2473,35.0392,43.6503,34.9985,-0.0664,-0.0834,34.915
2021-02-04 14:00:00,34.7552,35.0023,35.2494,35.0478,44.7501,35.0023,-0.0687,-0.0877,34.985
2021-02-04 13:00:00,34.7554,35.0025,35.2496,35.0521,42.3427,35.0025,-0.0778,-0.0925,34.865
2021-02-04 12:00:00,34.7641,35.0062,35.2482,35.065,43.0023,35.0062,-0.0761,-0.0961,34.9087
2021-02-04 11:00:00,34.7711,35.0108,35.2505,35.0758,42.7518,35.0108,-0.0772,-0.1011,34.896
2021-02-04 10:00:00,34.7565,35.0069,35.2574,35.0882,43.3906,35.0069,-0.0762,-0.1071,34.94
2021-02-04 09:00:00,34.7488,35.0041,35.2594,35.0984,44.2623,35.0041,-0.0783,-0.1148,35.0
2021-02-04 08:00:00,34.6757,34.9876,35.2995,35.1052,44.2623,34.9876,-0.086,-0.1239,35.0
2021-02-04 07:00:00,34.6559,34.9793,35.3026,35.1125,44.2623,34.9793,-0.0945,-0.1334,35.0
2021-02-04 06:00:00,34.4872,35.0176,35.548,35.1202,45.5009,35.0176,-0.104,-0.1432,35.09
2021-02-04 05:00:00,34.4357,35.0426,35.6495,35.1223,45.1713,35.0426,-0.1237,-0.153,35.07
2021-02-03 20:00:00,34.4212,35.0603,35.6993,35.1259,42.1264,35.0603,-0.1451,-0.1603,34.89
2021-02-03 19:00:00,34.3784,35.0973,35.8162,35.1422,42.1264,35.0973,-0.152,-0.1641,34.89
2021-02-03 18:00:00,34.3516,35.1339,35.9162,35.1596,42.1264,35.1339,-0.1586,-0.1671,34.89
2021-02-03 17:00:00,34.3476,35.1663,35.9849,35.1781,41.4739,35.1663,-0.1647,-0.1692,34.85
2021-02-03 16:00:00,34.3542,35.1996,36.045,35.2008,41.314,35.1996,-0.166,-0.1704,34.84
2021-02-03 15:00:00,34.3657,35.2343,36.1028,35.2257,42.0356,35.2343,-0.1642,-0.1715,34.905
2021-02-03 14:00:00,34.3789,35.2658,36.1526,35.2478,42.6448,35.2658,-0.1661,-0.1733,34.96
2021-02-03 13:00:00,34.3948,35.2934,36.1921,35.2676,40.4452,35.2934,-0.1718,-0.1751,34.815
2021-02-03 12:00:00,34.4263,35.3276,36.2289,35.2988,41.1287,35.3276,-0.1618,-0.1759,34.88
2021-02-03 11:00:00,34.4551,35.3603,36.2655,35.3277,41.8117,35.3603,-0.1532,-0.1795,34.945
2021-02-03 10:00:00,34.4794,35.3931,36.3068,35.3541,43.7005,35.3931,-0.1468,-0.186,35.12
2021-02-03 09:00:00,34.4929,35.4197,36.3466,35.3703,44.1411,35.4197,-0.1541,-0.1959,35.16
2021-02-03 08:00:00,34.51,35.4402,36.3704,35.3848,43.7298,35.4402,-0.1654,-0.2063,35.13
2021-02-03 07:00:00,34.5283,35.4666,36.4048,35.4023,44.3613,35.4666,-0.1743,-0.2165,35.19
2021-02-03 06:00:00,34.5401,35.4952,36.4504,35.417,45.2027,35.4952,-0.1893,-0.2271,35.27
2021-02-03 05:00:00,34.5481,35.5226,36.4971,35.4271,44.8234,35.5226,-0.2138,-0.2365,35.24
2021-02-02 20:00:00,34.5581,35.5536,36.5491,35.44,42.7812,35.5536,-0.2389,-0.2422,35.08
2021-02-02 19:00:00,34.5822,35.5929,36.6036,35.4648,43.0701,35.5929,-0.2511,-0.2431,35.11
2021-02-02 18:00:00,34.613,35.6286,36.6441,35.4893,43.164,35.6286,-0.2662,-0.241,35.12
2021-02-02 17:00:00,34.6524,35.6569,36.6615,35.5148,42.0647,35.6569,-0.2825,-0.2348,35.03
2021-02-02 16:00:00,34.7055,35.6882,36.671,35.5482,41.5793,35.6882,-0.2901,-0.2228,34.99
2021-02-02 15:00:00,34.7684,35.7196,36.6707,35.5867,41.4013,35.7196,-0.2915,-0.206,34.975
2021-02-02 14:00:00,34.839,35.7521,36.6651,35.6289,42.0033,35.7521,-0.2875,-0.1846,35.048
2021-02-02 13:00:00,34.9044,35.7801,36.6559,35.669,38.8475,35.7801,-0.2857,-0.1589,34.78
2021-02-02 12:00:00,35.0227,35.8159,36.6091,35.7303,39.4279,35.8159,-0.2519,-0.1272,34.855
2021-02-02 11:00:00,35.1356,35.8452,36.5548,35.7906,35.0505,35.8452,-0.2128,-0.096,34.505
2021-02-02 10:00:00,35.3785,35.8867,36.395,35.8793,36.8527,35.8867,-0.1241,-0.0668,34.75
2021-02-02 09:00:00,35.6438,35.9297,36.2157,35.9572,51.4706,35.9297,-0.034,-0.0525,36.15
2021-02-02 08:00:00,35.6171,35.9376,36.258,35.9439,46.968,35.9376,-0.0611,-0.0571,35.84
2021-02-02 07:00:00,35.595,35.9569,36.3188,35.9511,43.0109,35.9569,-0.0633,-0.0561,35.6
2021-02-02 06:00:00,35.4264,36.0139,36.6014,35.9753,48.8881,36.0139,-0.0406,-0.0543,36.0
2021-02-02 05:00:00,35.4285,36.0162,36.604,35.9736,48.7187,36.0162,-0.0519,-0.0577,35.99
2021-02-01 20:00:00,35.4288,36.0166,36.6043,35.9724,46.4908,36.0166,-0.0645,-0.0592,35.86
2021-02-01 19:00:00,35.4341,36.0196,36.605,35.9802,46.3174,36.0196,-0.0664,-0.0578,35.85
2021-02-01 18:00:00,35.4402,36.0229,36.6055,35.9892,46.7569,36.0229,-0.0668,-0.0557,35.88
2021-02-01 17:00:00,35.4486,36.0289,36.6092,35.9967,46.264,36.0289,-0.0695,-0.0529,35.85
2021-02-01 16:00:00,35.4606,36.0379,36.6152,36.0068,45.2848,36.0379,-0.0688,-0.0488,35.79
2021-02-01 15:00:00,35.479,36.0516,36.6242,36.0218,45.9595,36.0516,-0.0608,-0.0438,35.84
2021-02-01 14:00:00,35.4928,36.0602,36.6276,36.0343,46.2579,36.0602,-0.0548,-0.0395,35.8624
2021-02-01 13:00:00,35.4927,36.0601,36.6276,36.0461,47.1081,36.0601,-0.0487,-0.0356,35.9268
2021-02-01 12:00:00,35.4975,36.0631,36.6287,36.0544,47.0087,36.0631,-0.0467,-0.0324,35.92
2021-02-01 11:00:00,35.5054,36.0686,36.6317,36.0636,44.873,36.0686,-0.0427,-0.0288,35.775
2021-02-01 10:00:00,35.5239,36.0768,36.6296,36.0835,46.6921,36.0768,-0.0223,-0.0253,35.92
2021-02-01 09:00:00,35.533,36.0829,36.6328,36.0948,48.3922,36.0829,-0.0107,-0.0261,36.05
2021-02-01 08:00:00,35.5362,36.0865,36.6369,36.0979,48.922,36.0865,-0.009,-0.0299,36.09
2021-02-01 07:00:00,35.5317,36.0832,36.6347,36.0985,49.98,36.0832,-0.0107,-0.0351,36.17
2021-02-01 06:00:00,35.5273,36.0782,36.6292,36.0935,51.1837,36.0782,-0.0209,-0.0412,36.26
2021-02-01 05:00:00,35.5235,36.0705,36.6175,36.082,50.1521,36.0705,-0.0428,-0.0463,36.18
2021-01-29 20:00:00,35.5227,36.0685,36.6144,36.0753,47.3278,36.0685,-0.062,-0.0472,35.97
2021-01-29 19:00:00,35.5253,36.0702,36.6151,36.0825,47.3278,36.0702,-0.0641,-0.0435,35.97
2021-01-29 18:00:00,35.5228,36.0689,36.615,36.0903,46.7912,36.0689,-0.066,-0.0384,35.93
2021-01-29 17:00:00,35.5175,36.0665,36.6156,36.1014,47.0227,36.0665,-0.0633,-0.0315,35.95
2021-01-29 16:00:00,35.511,36.0635,36.6161,36.1118,46.2514,36.0635,-0.0609,-0.0235,35.89
2021-01-29 15:00:00,35.511,36.0635,36.6161,36.1271,45.7757,36.0635,-0.051,-0.0142,35.8526
2021-01-29 14:00:00,35.514,36.0648,36.6156,36.146,44.2767,36.0648,-0.0337,-0.005,35.735
2021-01-29 13:00:00,35.528,36.0696,36.6112,36.1744,44.4281,36.0696,0.0008,0.0022,35.75
2021-01-29 12:00:00,35.5425,36.0747,36.607,36.2036,47.4619,36.0747,0.0433,0.0026,36.04
2021-01-29 11:00:00,35.5395,36.0727,36.6059,36.2149,51.5066,36.0727,0.0674,-0.0076,36.385
2021-01-29 10:00:00,35.5397,36.0604,36.5811,36.2032,51.9407,36.0604,0.062,-0.0263,36.42
2021-01-29 09:00:00,35.5425,36.0462,36.5499,36.1883,65.5123,36.0462,0.0507,-0.0484,37.31
2021-01-29 08:00:00,35.8193,36.0021,36.1848,36.1109,46.7856,36.0021,-0.0551,-0.0732,36.07
2021-01-29 07:00:00,35.8195,36.0017,36.1839,36.1137,45.1606,36.0017,-0.0631,-0.0777,36.0
2021-01-29 06:00:00,35.7666,36.0178,36.2689,36.1216,43.9794,36.0178,-0.0653,-0.0813,35.95
2021-01-29 05:00:00,35.7304,36.0365,36.3427,36.1334,43.9794,36.0365,-0.062,-0.0853,35.95
2021-01-28 20:00:00,35.6879,36.0593,36.4306,36.146,46.017,36.0593,-0.0568,-0.0912,36.06
2021-01-28 19:00:00,35.6289,36.0836,36.5382,36.152,47.1693,36.0836,-0.0607,-0.0997,36.12
2021-01-28 18:00:00,35.5825,36.1066,36.6307,36.1542,48.7424,36.1066,-0.0708,-0.1095,36.2
2021-01-28 17:00:00,35.5164,36.1338,36.7512,36.151,46.5901,36.1338,-0.0909,-0.1192,36.1
2021-01-28 16:00:00,35.4793,36.1621,36.8449,36.1545,40.8254,36.1621,-0.105,-0.1262,35.86
2021-01-28 15:00:00,35.4685,36.1987,36.9289,36.1748,43.7751,36.1987,-0.097,-0.1315,36.015
2021-01-28 14:00:00,35.4517,36.2311,37.0105,36.1859,45.2008,36.2311,-0.1012,-0.1402,36.085
2021-01-28 13:00:00,35.4448,36.2584,37.072,36.1928,43.5505,36.2584,-0.1122,-0.1499,36.02
2021-01-28 12:00:00,35.4319,36.2945,37.157,36.2047,45.2741,36.2945,-0.1179,-0.1594,36.105
2021-01-28 11:00:00,35.4251,36.326,37.227,36.2116,46.3911,36.326,-0.1323,-0.1697,36.1585
2021-01-28 10:00:00,35.4231,36.3545,37.2859,36.2153,42.037,36.3545,-0.1541,-0.1791,35.99
2021-01-28 09:00:00,35.4446,36.384,37.3233,36.2308,42.633,36.384,-0.1625,-0.1854,36.02
2021-01-28 08:00:00,35.4678,36.4118,37.3557,36.2454,42.8286,36.4118,-0.174,-0.1911,36.03
2021-01-28 07:00:00,35.4896,36.443,37.3964,36.2602,44.6096,36.443,-0.1871,-0.1954,36.12
2021-01-28 06:00:00,35.5098,36.469,37.4282,36.2699,42.0199,36.469,-0.2102,-0.1975,36.02
2021-01-28 05:00:00,35.5432,36.4963,37.4494,36.2871,39.5616,36.4963,-0.2266,-0.1943,35.93
2021-01-27 20:00:00,35.5896,36.5269,37.4643,36.3117,37.5715,36.5269,-0.235,-0.1862,35.86
2021-01-27 19:00:00,35.6482,36.5527,37.4571,36.3429,37.5715,36.5527,-0.2352,-0.174,35.86
2021-01-27 18:00:00,35.7129,36.586,37.459,36.3762,38.0681,36.586,-0.232,-0.1587,35.8897
2021-01-27 17:00:00,35.7796,36.6156,37.4517,36.4098,38.0681,36.6156,-0.2275,-0.1403,35.8897
2021-01-27 16:00:00,35.8527,36.6473,37.4419,36.4456,37.812,36.6473,-0.2185,-0.1186,35.8798
2021-01-27 15:00:00,35.9346,36.6773,37.42,36.4846,38.1936,36.6773,-0.2029,-0.0936,35.9045
2021-01-27 14:00:00,36.0207,36.7062,37.3916,36.5247,39.3466,36.7062,-0.1825,-0.0662,35.9788
2021-01-27 13:00:00,36.104,36.7362,37.3684,36.5623,39.9348,36.7362,-0.1614,-0.0372,36.0163
2021-01-27 12:00:00,36.1861,36.7593,37.3325,36.6,39.4034,36.7593,-0.1359,-0.0061,35.9935
2021-01-27 11:00:00,36.2776,36.7796,37.2816,36.6418,39.243,36.7796,-0.099,0.0263,35.9865
2021-01-27 10:00:00,36.3898,36.8011,37.2124,36.687,40.2898,36.8011,-0.0499,0.0577,36.0578
2021-01-27 09:00:00,36.4992,36.8181,37.137,36.7304,47.6116,36.8181,0.0064,0.0845,36.4832
2021-01-27 08:00:00,36.5118,36.8207,37.1296,36.7474,48.2023,36.8207,0.0347,0.1041,36.5129
2021-01-27 07:00:00,36.4507,36.8111,37.1715,36.7636,50.6316,36.8111,0.0674,0.1214,36.6316
2021-01-27 06:00:00,36.405,36.8009,37.1967,36.7727,54.1488,36.8009,0.096,0.1349,36.7899
2021-01-27 05:00:00,36.3414,36.7831,37.2247,36.7715,54.6071,36.7831,0.1151,0.1447,36.8097
2021-01-26 20:00:00,36.2826,36.7643,37.2459,36.7689,59.74,36.7643,0.1357,0.1521,37.0174
2021-01-26 19:00:00,36.2165,36.7356,37.2546,36.7517,58.4825,36.7356,0.1388,0.1562,36.9482
2021-01-26 18:00:00,36.1534,36.7085,37.2637,36.7382,58.7333,36.7085,0.1479,0.1605,36.958
2021-01-26 17:00:00,36.1037,36.6825,37.2612,36.723,59.483,36.6825,0.1563,0.1637,36.9877
2021-01-26 16:00:00,36.0648,36.6564,37.2481,36.7047,58.0202,36.6564,0.1618,0.1655,36.9036
2021-01-26 15:00:00,36.0263,36.6329,37.2394,36.691,63.2109,36.6329,0.175,0.1664,37.1015
2021-01-26 14:00:00,36.0024,36.6027,37.203,36.6627,62.3979,36.6027,0.1691,0.1643,37.052
2021-01-26 13:00:00,35.9746,36.5725,37.1704,36.6359,61.7442,36.5725,0.1642,0.1631,37.0125
2021-01-26 12:00:00,35.9704,36.5504,37.1304,36.6099,59.3532,36.5504,0.1596,0.1628,36.874
2021-01-26 11:00:00,35.9591,36.532,37.1048,36.5917,58.9993,36.532,0.1655,0.1636,36.8542
2021-01-26 10:00:00,35.9477,36.5135,37.0792,36.5736,61.9996,36.5135,0.1726,0.1631,36.968
2021-01-26 09:00:00,35.9349,36.4871,37.0393,36.5464,60.8275,36.4871,0.1675,0.1608,36.8987
2021-01-26 08:00:00,35.8948,36.4559,37.0171,36.5221,59.8001,36.4559,0.1657,0.1591,36.8393
2021-01-26 07:00:00,35.8581,36.4269,36.9958,36.5002,60.0538,36.4269,0.1671,0.1574,36.8492
2021-01-26 06:00:00,35.8212,36.3959,36.9707,36.4761,56.0914,36.3959,0.1654,0.155,36.6316
2021-01-26 05:00:00,35.7887,36.3745,36.9603,36.4654,62.3408,36.3745,0.1829,0.1524,36.8591
2021-01-25 20:00:00,35.7626,36.3428,36.9231,36.4383,60.8752,36.3428,0.1795,0.1448,36.78
2021-01-25 19:00:00,35.7504,36.3178,36.8852,36.4147,62.6427,36.3178,0.1806,0.1361,36.8393
2021-01-25 18:00:00,35.739,36.2878,36.8366,36.3854,61.5639,36.2878,0.1733,0.125,36.78
2021-01-25 17:00:00,35.738,36.2627,36.7874,36.3582,61.3842,36.2627,0.1675,0.1129,36.7701
2021-01-25 16:00:00,35.7421,36.238,36.7339,36.3298,64.5949,36.238,0.1586,0.0993,36.8789
2021-01-25 15:00:00,35.7748,36.2119,36.649,36.2919,61.5939,36.2119,0.134,0.0844,36.7107
2021-01-25 14:00:00,35.7912,36.1902,36.5891,36.263,59.4436,36.1902,0.1177,0.072,36.6019
2021-01-25 13:00:00,35.8038,36.1734,36.5429,36.2397,60.3342,36.1734,0.1063,0.0606,36.6316
2021-01-25 12:00:00,35.8237,36.154,36.4842,36.2126,59.0492,36.154,0.0871,0.0492,36.5673
2021-01-25 11:00:00,35.8313,36.1329,36.4344,36.1882,58.9504,36.1329,0.068,0.0397,36.5624
2021-01-25 10:00:00,35.8325,36.1085,36.3845,36.1624,51.1516,36.1085,0.043,0.0326,36.224
2021-01-25 09:00:00,35.8171,36.0981,36.3792,36.1581,54.1095,36.0981,0.045,0.03,36.3247
2021-01-25 08:00:00,35.8066,36.0838,36.361,36.1466,52.2805,36.0838,0.0367,0.0262,36.2557
2021-01-25 07:00:00,35.7842,36.0693,36.3545,36.1391,52.0157,36.0693,0.0325,0.0236,36.2458
2021-01-25 06:00:00,35.7868,36.065,36.3432,36.1317,49.5811,36.065,0.0277,0.0214,36.1568
2021-01-25 05:00:00,35.7868,36.065,36.3432,36.13,49.0255,36.065,0.0302,0.0198,36.137
2021-01-22 20:00:00,35.784,36.0686,36.3533,36.1295,50.0927,36.0686,0.035,0.0172,36.1766
2021-01-22 19:00:00,35.784,36.0686,36.3533,36.1263,50.8959,36.0686,0.0366,0.0128,36.2062
2021-01-22 18:00:00,35.784,36.0686,36.3533,36.1208,50.6409,36.0686,0.0351,0.0068,36.1963
2021-01-22 17:00:00,35.7848,36.0663,36.3479,36.1156,50.6409,36.0663,0.0337,-0.0003,36.1963
2021-01-22 16:00:00,35.7855,36.0634,36.3412,36.11,49.4134,36.0634,0.0314,-0.0087,36.1469
2021-01-22 15:00:00,35.7854,36.062,36.3387,36.1074,54.8162,36.062,0.033,-0.0188,36.3497
2021-01-22 14:00:00,35.798,36.054,36.3099,36.0907,54.1063,36.054,0.0139,-0.0317,36.32
2021-01-22 13:00:00,35.8096,36.0462,36.2828,36.0749,53.6369,36.0462,-0.0076,-0.0431,36.3002
2021-01-22 12:00:00,35.8213,36.0401,36.259,36.0594,50.5832,36.0401,-0.0329,-0.052,36.1766
2021-01-22 11:00:00,35.8234,36.0376,36.2519,36.0513,44.506,36.0376,-0.0521,-0.0568,35.9639
2021-01-22 10:00:00,35.8282,36.0433,36.2583,36.0573,44.6293,36.0433,-0.0543,-0.058,35.9688
2021-01-22 09:00:00,35.8319,36.0501,36.2684,36.0634,43.1046,36.0501,-0.0568,-0.0589,35.9194
2021-01-22 08:00:00,35.839,36.0603,36.2816,36.0734,44.7732,36.0603,-0.0541,-0.0595,35.9886
2021-01-22 07:00:00,35.8405,36.0684,36.2962,36.0792,42.3059,36.0684,-0.0569,-0.0608,35.9095
2021-01-22 06:00:00,35.8321,36.0855,36.339,36.0909,45.2362,36.0855,-0.0516,-0.0618,36.0282
2021-01-22 05:00:00,35.8199,36.0984,36.3768,36.0953,42.3407,36.0984,-0.0561,-0.0644,35.9391
2021-01-21 20:00:00,35.8123,36.1165,36.4208,36.106,44.6213,36.1165,-0.0521,-0.0665,36.0282
2021-01-21 19:00:00,35.8,36.1323,36.4647,36.1114,44.6213,36.1323,-0.0552,-0.0701,36.0282
2021-01-21 18:00:00,35.801,36.1449,36.4887,36.1171,46.4393,36.1449,-0.0584,-0.0738,36.0974
2021-01-21 17:00:00,35.802,36.1535,36.5049,36.1185,45.2062,36.1535,-0.0687,-0.0776,36.0578
2021-01-21 16:00:00,35.8073,36.1627,36.5181,36.1227,46.2352,36.1627,-0.0768,-0.0799,36.0974
2021-01-21 15:00:00,35.8105,36.1709,36.5313,36.1244,44.7802,36.1709,-0.0901,-0.0806,36.05
2021-01-21 14:00:00,35.8185,36.1801,36.5417,36.1296,41.0142,36.1801,-0.1009,-0.0783,35.9344
2021-01-21 13:00:00,35.8394,36.1938,36.5482,36.143,37.294,36.1938,-0.1014,-0.0726,35.8303
2021-01-21 12:00:00,35.8798,36.2104,36.5411,36.1646,39.2263,36.2104,-0.09,-0.0654,35.9144
2021-01-21 11:00:00,35.9098,36.2246,36.5394,36.1818,38.5015,36.2246,-0.0827,-0.0593,35.8946
2021-01-21 10:00:00,35.9457,36.2414,36.537,36.2017,35.7228,36.2414,-0.0702,-0.0534,35.8204
2021-01-21 09:00:00,36.0045,36.2606,36.5168,36.2279,43.2851,36.2606,-0.0456,-0.0492,36.1172
2021-01-21 08:00:00,36.0148,36.2702,36.5257,36.2356,44.4992,36.2702,-0.0438,-0.0501,36.1568
2021-01-21 07:00:00,36.0188,36.2808,36.5427,36.241,47.3905,36.2808,-0.045,-0.0516,36.2458
2021-01-21 06:00:00,36.0183,36.2804,36.5425,36.2407,44.6885,36.2804,-0.0548,-0.0533,36.1766
2021-01-21 05:00:00,36.0253,36.2847,36.5441,36.2451,45.66,36.2847,-0.0594,-0.0529,36.2062
2021-01-20 20:00:00,36.0299,36.2877,36.5454,36.2478,42.434,36.2877,-0.0676,-0.0513,36.1271
2021-01-20 19:00:00,36.0391,36.291,36.5429,36.2561,41.5961,36.291,-0.0689,-0.0472,36.1073
2021-01-20 18:00:00,36.0504,36.2946,36.5388,36.2664,41.5961,36.2946,-0.0676,-0.0418,36.1073
2021-01-20 17:00:00,36.0629,36.2986,36.5342,36.2773,41.5961,36.2986,-0.065,-0.0354,36.1073
2021-01-20 16:00:00,36.0744,36.3019,36.5294,36.2891,40.8179,36.3019,-0.0606,-0.028,36.0875
2021-01-20 15:00:00,36.0904,36.3061,36.5219,36.303,41.622,36.3061,-0.0522,-0.0198,36.1172
2021-01-20 14:00:00,36.107,36.3114,36.5159,36.3158,41.0608,36.3114,-0.0437,-0.0117,36.1024
2021-01-20 13:00:00,36.129,36.3182,36.5074,36.3305,41.8384,36.3182,-0.0308,-0.0037,36.132
2021-01-20 12:00:00,36.1456,36.3228,36.5,36.3442,42.9873,36.3228,-0.0168,0.0031,36.1754
2021-01-20 11:00:00,36.1585,36.3271,36.4958,36.3558,44.3085,36.3271,-0.0031,0.0081,36.224
2021-01-20 10:00:00,36.1592,36.3274,36.4955,36.3649,44.4966,36.3274,0.0095,0.0109,36.231
2021-01-20 09:00:00,36.1626,36.3285,36.4944,36.3742,50.2462,36.3285,0.0247,0.0112,36.4241
2021-01-20 08:00:00,36.1523,36.3209,36.4895,36.3707,49.9194,36.3209,0.024,0.0078,36.414
2021-01-20 07:00:00,36.1501,36.3161,36.482,36.3677,52.1942,36.3161,0.0239,0.0038,36.4832
2021-01-20 06:00:00,36.1571,36.3115,36.4659,36.3598,52.8595,36.3115,0.0163,-0.0012,36.503
2021-01-20 05:00:00,36.1666,36.3082,36.4498,36.3499,49.7646,36.3082,0.0044,-0.0056,36.4041
2021-01-19 20:00:00,36.1529,36.3125,36.472,36.3461,48.1183,36.3125,-0.0008,-0.0082,36.3546
2021-01-19 19:00:00,36.1527,36.3131,36.4736,36.3456,47.4524,36.3131,-0.0023,-0.01,36.3348
2021-01-19 18:00:00,36.1509,36.3161,36.4812,36.3463,47.7486,36.3161,-0.0023,-0.0119,36.3447
2021-01-19 17:00:00,36.1476,36.3197,36.4919,36.3464,47.1103,36.3197,-0.0032,-0.0143,36.3249
2021-01-19 16:00:00,36.1468,36.323,36.4992,36.3479,47.6733,36.323,-0.0024,-0.0171,36.3447
2021-01-19 15:00:00,36.1459,36.3256,36.5054,36.3481,47.216,36.3256,-0.0032,-0.0208,36.3299
2021-01-19 14:00:00,36.1464,36.3278,36.5092,36.3494,47.4834,36.3278,-0.0028,-0.0252,36.3398
2021-01-19 13:00:00,36.1465,36.328,36.5094,36.35,49.0406,36.328,-0.0032,-0.0308,36.3972
2021-01-19 12:00:00,36.1391,36.3321,36.5252,36.3468,49.0943,36.3321,-0.0095,-0.0377,36.3991
2021-01-19 11:00:00,36.1333,36.336,36.5387,36.3432,49.2245,36.336,-0.0176,-0.0447,36.4041
2021-01-19 10:00:00,36.1277,36.34,36.5523,36.339,51.0568,36.34,-0.0282,-0.0515,36.4733
2021-01-19 09:00:00,36.1298,36.3368,36.5437,36.3297,44.169,36.3368,-0.0483,-0.0574,36.2359
2021-01-19 08:00:00,36.1375,36.3422,36.5468,36.3362,45.994,36.3422,-0.0492,-0.0596,36.3052
2021-01-19 07:00:00,36.1383,36.3427,36.5471,36.3383,45.684,36.3427,-0.0566,-0.0622,36.2953
2021-01-19 06:00:00,36.1406,36.348,36.5553,36.3413,43.4897,36.348,-0.0642,-0.0636,36.226
2021-01-19 05:00:00,36.1477,36.3572,36.5667,36.3492,43.1727,36.3572,-0.066,-0.0635,36.2161
2021-01-15 20:00:00,36.1559,36.3678,36.5796,36.3584,43.4081,36.3678,-0.0663,-0.0629,36.226
2021-01-15 19:00:00,36.1655,36.3776,36.5898,36.3675,42.8052,36.3776,-0.0667,-0.062,36.2062
2021-01-15 18:00:00,36.1779,36.3892,36.6005,36.3787,43.0267,36.3892,-0.0642,-0.0608,36.2161
2021-01-15 17:00:00,36.1935,36.3948,36.5961,36.3899,44.3585,36.3948,-0.0612,-0.06,36.2755
2021-01-15 16:00:00,36.2004,36.3974,36.5944,36.3978,45.0322,36.3974,-0.0624,-0.0597,36.3052
2021-01-15 15:00:00,36.2037,36.3987,36.5938,36.4041,44.0743,36.3987,-0.0661,-0.059,36.2705
2021-01-15 14:00:00,36.2146,36.4039,36.5931,36.4134,44.8294,36.4039,-0.0663,-0.0572,36.3052
2021-01-15 13:00:00,36.2223,36.4091,36.5959,36.4208,42.7993,36.4091,-0.0692,-0.0549,36.231
2021-01-15 12:00:00,36.2412,36.4161,36.5909,36.4339,43.5217,36.4161,-0.0642,-0.0514,36.2656
2021-01-15 11:00:00,36.2538,36.42,36.5863,36.4455,41.5995,36.42,-0.0605,-0.0481,36.1957
2021-01-15 10:00:00,36.283,36.427,36.5711,36.4627,43.0957,36.427,-0.0478,-0.045,36.2694
2021-01-15 09:00:00,36.2942,36.4295,36.5649,36.4761,44.6826,36.4295,-0.0384,-0.0443,36.3447
2021-01-15 08:00:00,36.2998,36.4317,36.5636,36.4851,45.9727,36.4317,-0.0335,-0.0458,36.4041
2021-01-15 07:00:00,36.3008,36.4324,36.5639,36.4907,48.932,36.4324,-0.0328,-0.0489,36.5327
2021-01-15 06:00:00,36.2837,36.437,36.5902,36.4878,44.6967,36.437,-0.0445,-0.0529,36.3744
2021-01-15 05:00:00,36.2696,36.4479,36.6261,36.4956,45.8453,36.4479,-0.0427,-0.055,36.4239
2021-01-14 20:00:00,36.2547,36.4577,36.6608,36.5006,46.5389,36.4577,-0.0448,-0.0581,36.4535
2021-01-14 19:00:00,36.2428,36.4666,36.6905,36.5038,45.7454,36.4666,-0.0498,-0.0614,36.4239
2021-01-14 18:00:00,36.2365,36.4762,36.7159,36.5094,45.7454,36.4762,-0.0525,-0.0643,36.4239
2021-01-14 17:00:00,36.2309,36.4864,36.742,36.5153,44.9823,36.4864,-0.0552,-0.0672,36.3942
2021-01-14 16:00:00,36.23,36.4976,36.7652,36.5236,43.7068,36.4976,-0.0548,-0.0702,36.3447
2021-01-14 15:00:00,36.2358,36.5108,36.7859,36.5359,47.5426,36.5108,-0.0484,-0.0741,36.5228
2021-01-14 14:00:00,36.2302,36.5184,36.8066,36.5368,47.359,36.5184,-0.0577,-0.0805,36.5155
2021-01-14 13:00:00,36.2248,36.527,36.8292,36.5383,47.5198,36.527,-0.068,-0.0862,36.5228
2021-01-14 12:00:00,36.2262,36.5296,36.833,36.5394,43.8414,36.5296,-0.0809,-0.0908,36.3767
2021-01-14 11:00:00,36.2381,36.5378,36.8374,36.5506,44.3028,36.5378,-0.0813,-0.0933,36.3991
2021-01-14 10:00:00,36.2438,36.5402,36.8365,36.5611,42.2319,36.5402,-0.0829,-0.0963,36.32
2021-01-14 09:00:00,36.2626,36.5474,36.8322,36.5777,44.9587,36.5474,-0.0757,-0.0996,36.4535
2021-01-14 08:00:00,36.2692,36.553,36.8369,36.5862,46.0226,36.553,-0.079,-0.1056,36.503
2021-01-14 07:00:00,36.2169,36.5751,36.9334,36.592,46.663,36.5751,-0.0871,-0.1123,36.5327
2021-01-14 06:00:00,36.1313,36.6054,37.0796,36.5961,46.4228,36.6054,-0.0992,-0.1186,36.5228
2021-01-14 05:00:00,36.091,36.6328,37.1747,36.6011,47.0372,36.6328,-0.1121,-0.1234,36.5525
2021-01-13 20:00:00,36.0649,36.6582,37.2516,36.6045,42.8973,36.6582,-0.1301,-0.1262,36.3843
2021-01-13 19:00:00,36.0518,36.6918,37.3318,36.6197,42.1256,36.6918,-0.134,-0.1253,36.3546
2021-01-13 18:00:00,36.0615,36.7228,37.3842,36.6379,41.8724,36.7228,-0.134,-0.1231,36.3447
2021-01-13 17:00:00,36.0732,36.7565,37.4398,36.6582,43.3345,36.7565,-0.131,-0.1203,36.4237
2021-01-13 16:00:00,36.0867,36.7858,37.4849,36.6743,44.0841,36.7858,-0.1334,-0.1177,36.4634
2021-01-13 15:00:00,36.1008,36.8142,37.5275,36.6889,43.4965,36.8142,-0.1385,-0.1137,36.4387
2021-01-13 14:00:00,36.1228,36.843,37.5633,36.7061,42.205,36.843,-0.1406,-0.1075,36.3843
2021-01-13 13:00:00,36.1528,36.8757,37.5986,36.7283,42.5917,36.8757,-0.1355,-0.0993,36.4067
2021-01-13 12:00:00,36.1891,36.9052,37.6212,36.7505,41.1478,36.9052,-0.1295,-0.0902,36.3447
2021-01-13 11:00:00,36.2414,36.9337,37.626,36.7785,42.2135,36.9337,-0.1135,-0.0804,36.409
2021-01-13 10:00:00,36.2903,36.9583,37.6264,36.804,42.4588,36.9583,-0.098,-0.0721,36.4239
2021-01-13 09:00:00,36.3347,36.9735,37.6123,36.8302,46.8443,36.9735,-0.0784,-0.0656,36.6712
2021-01-13 08:00:00,36.3517,36.9813,37.6108,36.8412,47.4123,36.9813,-0.0773,-0.0624,36.7009
2021-01-13 07:00:00,36.3711,36.9921,37.6132,36.8508,47.7858,36.9921,-0.0778,-0.0587,36.7206
2021-01-13 06:00:00,36.3643,36.9898,37.6154,36.8598,47.7858,36.9898,-0.0794,-0.0539,36.7206
2021-01-13 05:00:00,36.366,36.9905,37.6149,36.8694,47.5929,36.9905,-0.0803,-0.0476,36.7107
2021-01-12 20:00:00,36.357,36.9875,37.6181,36.8804,47.9352,36.9875,-0.0792,-0.0394,36.7305
2021-01-12 19:00:00,36.3524,36.9859,37.6194,36.8907,47.9352,36.9859,-0.0787,-0.0295,36.7305
2021-01-12 18:00:00,36.3384,36.9813,37.6241,36.9017,48.0969,36.9813,-0.0768,-0.0172,36.7404
2021-01-12 17:00:00,36.3341,36.9796,37.6251,36.9129,48.251,36.9796,-0.0744,-0.0022,36.7501
2021-01-12 16:00:00,36.3299,36.978,37.6261,36.9241,48.592,36.978,-0.0712,0.0158,36.7721
2021-01-12 15:00:00,36.3249,36.9759,37.627,36.9346,45.7191,36.9759,-0.0684,0.0376,36.6019
2021-01-12 14:00:00,36.3357,36.9795,37.6234,36.9575,46.0081,36.9795,-0.0464,0.064,36.6217
2021-01-12 13:00:00,36.3454,36.9828,37.6203,36.9807,43.3677,36.9828,-0.0197,0.0917,36.4708
2021-01-12 12:00:00,36.3712,36.99,37.6088,37.0158,44.2953,36.99,0.0301,0.1195,36.5376
2021-01-12 11:00:00,36.3792,36.9922,37.6051,37.0488,45.4777,36.9922,0.0863,0.1418,36.6217
2021-01-12 10:00:00,36.383,36.9933,37.6036,37.0783,54.5924,36.9933,0.1483,0.1557,37.1658
2021-01-12 09:00:00,36.3715,36.9816,37.5917,37.0722,60.5661,36.9816,0.1699,0.1576,37.4428
2021-01-12 08:00:00,36.3596,36.9555,37.5513,37.0467,59.0179,36.9555,0.1667,0.1545,37.3439
2021-01-12 07:00:00,36.3641,36.9423,37.5204,37.0262,58.5459,36.9423,0.1703,0.1514,37.3142
2021-01-12 06:00:00,36.3591,36.9238,37.4885,37.0063,60.3372,36.9238,0.1755,0.1467,37.3933
2021-01-12 05:00:00,36.3677,36.9053,37.443,36.9796,58.6558,36.9053,0.1715,0.1395,37.2845
2021-01-11 20:00:00,36.3717,36.8908,37.4099,36.9586,60.2264,36.8908,0.175,0.1315,37.3538
2021-01-11 19:00:00,36.3761,36.8694,37.3627,36.9314,59.4772,36.8694,0.1698,0.1206,37.3043
2021-01-11 18:00:00,36.3845,36.8516,37.3187,36.9056,59.6946,36.8516,0.1657,0.1084,37.3142
2021-01-11 17:00:00,36.3864,36.8282,37.2699,36.8775,59.5517,36.8282,0.1571,0.094,37.3043
2021-01-11 16:00:00,36.3958,36.8057,37.2157,36.848,60.802,36.8057,0.1449,0.0782,37.3636
2021-01-11 15:00:00,36.4224,36.781,37.1397,36.8125,59.8054,36.781,0.1211,0.0616,37.2911
2021-01-11 14:00:00,36.446,36.7574,37.0688,36.7795,58.5303,36.7574,0.0964,0.0467,37.2004
2021-01-11 13:00:00,36.4727,36.7391,37.0055,36.7504,57.7892,36.7391,0.0727,0.0343,37.1485
2021-01-11 12:00:00,36.497,36.7206,36.9443,36.723,53.6316,36.7206,0.0467,0.0247,36.8789
2021-01-11 11:00:00,36.4753,36.7073,36.9392,36.7122,54.1042,36.7073,0.0402,0.0192,36.9036
2021-01-11 10:00:00,36.464,36.6942,36.9245,36.699,56.5111,36.6942,0.0289,0.0139,37.0273
2021-01-11 09:00:00,36.4798,36.6787,36.8777,36.6764,49.9707,36.6787,0.0014,0.0102,36.6514
2021-01-11 08:00:00,36.4814,36.6801,36.8789,36.6781,51.7526,36.6801,0.0045,0.0123,36.7404
2021-01-11 07:00:00,36.4713,36.6739,36.8764,36.6738,49.4283,36.6739,-0.0006,0.0143,36.6217
2021-01-11 06:00:00,36.4719,36.6742,36.8765,36.6774,50.6066,36.6742,0.005,0.018,36.6811
2021-01-11 05:00:00,36.4719,36.6742,36.8765,36.6771,48.8381,36.6742,0.006,0.0213,36.592
2021-01-08 20:00:00,36.471,36.6739,36.8767,36.683,50.7914,36.6739,0.0163,0.0251,36.691
2021-01-08 19:00:00,36.468,36.6716,36.8751,36.6824,50.9885,36.6716,0.0191,0.0273,36.7009
2021-01-08 18:00:00,36.4669,36.6702,36.8736,36.6812,51.1806,36.6702,0.0214,0.0294,36.7107
2021-01-08 17:00:00,36.4506,36.663,36.8753,36.6791,51.177,36.663,0.023,0.0314,36.7105
2021-01-08 16:00:00,36.4382,36.6564,36.8746,36.677,51.3614,36.6564,0.0247,0.0335,36.7206
2021-01-08 15:00:00,36.4255,36.6491,36.8727,36.674,50.7731,36.6491,0.0255,0.0357,36.686
2021-01-08 14:00:00,36.415,36.6434,36.8717,36.6731,49.3345,36.6434,0.0297,0.0382,36.6019
2021-01-08 13:00:00,36.4043,36.6394,36.8745,36.678,50.2531,36.6394,0.0432,0.0404,36.6563
2021-01-08 12:00:00,36.4024,36.6378,36.8731,36.6795,53.0298,36.6378,0.0543,0.0396,36.8146
2021-01-08 11:00:00,36.3927,36.6413,36.8899,36.6702,50.4144,36.6413,0.0515,0.036,36.6583
2021-01-08 10:00:00,36.3847,36.6491,36.9135,36.671,56.0046,36.6491,0.063,0.0321,36.9482
2021-01-08 09:00:00,36.3992,36.6425,36.8858,36.6519,52.7181,36.6425,0.0474,0.0244,36.7602
2021-01-08 08:00:00,36.3907,36.6469,36.9032,36.6445,54.3712,36.6469,0.0459,0.0186,36.8393
2021-01-08 07:00:00,36.3949,36.6412,36.8874,36.631,54.578,36.6412,0.0353,0.0118,36.8492
2021-01-08 06:00:00,36.3921,36.63,36.8678,36.616,52.1131,36.63,0.0201,0.006,36.7107
2021-01-08 05:00:00,36.3897,36.626,36.8623,36.6094,53.3117,36.626,0.0147,0.0024,36.7701
2021-01-07 20:00:00,36.3873,36.6187,36.8502,36.5983,50.3693,36.6187,0.0014,-0.0006,36.6118
2021-01-07 19:00:00,36.3885,36.6207,36.8529,36.5974,50.7558,36.6207,0.0006,-0.0011,36.6316
2021-01-07 18:00:00,36.389,36.6214,36.8538,36.5951,50.5725,36.6214,-0.0025,-0.0016,36.6217
2021-01-07 17:00:00,36.3874,36.6267,36.866,36.5932,49.8506,36.6267,-0.0054,-0.0014,36.5821
2021-01-07 16:00:00,36.3898,36.6319,36.874,36.594,51.1134,36.6319,-0.0049,-0.0004,36.6514
2021-01-07 15:00:00,36.3902,36.6339,36.8776,36.59,50.1117,36.6339,-0.0113,0.0008,36.5946
2021-01-07 14:00:00,36.393,36.6381,36.8833,36.5897,48.0014,36.6381,-0.0136,0.0038,36.4783
2021-01-07 13:00:00,36.4049,36.6485,36.8921,36.5974,48.5927,36.6485,-0.0044,0.0082,36.5129
2021-01-07 12:00:00,36.4112,36.6597,36.9082,36.6032,49.4337,36.6597,0.0039,0.0113,36.5624
2021-01-07 11:00:00,36.4173,36.6632,36.909,36.606,51.7198,36.6632,0.0093,0.0132,36.693
2021-01-07 10:00:00,36.4039,36.6722,36.9405,36.6,49.2808,36.6722,0.0028,0.0141,36.5525
2021-01-07 09:00:00,36.4064,36.6732,36.9399,36.6033,50.674,36.6732,0.0088,0.0169,36.6316
2021-01-07 08:00:00,36.3688,36.663,36.9572,36.6014,51.5545,36.663,0.0082,0.019,36.6811
2021-01-07 07:00:00,36.3425,36.6531,36.9637,36.5959,49.8705,36.6531,0.0024,0.0217,36.5821
2021-01-07 06:00:00,36.3011,36.6422,36.9834,36.5968,50.5499,36.6422,0.0049,0.0265,36.6217
2021-01-07 05:00:00,36.2712,36.632,36.9928,36.5951,51.2245,36.632,0.0041,0.0319,36.6613
2021-01-06 20:00:00,36.2569,36.6244,36.9919,36.5905,48.3951,36.6244,-0.001,0.0388,36.4931
2021-01-06 19:00:00,36.2611,36.6264,36.9917,36.5973,48.7165,36.6264,0.0095,0.0488,36.5129
2021-01-06 18:00:00,36.2411,36.6201,36.9992,36.6031,48.5513,36.6201,0.0209,0.0586,36.503
2021-01-06 17:00:00,36.2226,36.6142,37.0058,36.61,48.7029,36.6142,0.036,0.068,36.5129
2021-01-06 16:00:00,36.2042,36.6079,37.0116,36.6167,48.2341,36.6079,0.0539,0.076,36.4832
2021-01-06 15:00:00,36.1821,36.601,37.0199,36.6259,50.0773,36.601,0.0788,0.0815,36.6069
2021-01-06 14:00:00,36.1623,36.5919,37.0215,36.6272,55.2534,36.5919,0.097,0.0822,36.9205
2021-01-06 13:00:00,36.1596,36.5754,36.9911,36.607,54.8449,36.5754,0.0868,0.0785,36.8921
2021-01-06 12:00:00,36.1348,36.5528,36.9708,36.5873,52.7637,36.5528,0.0755,0.0764,36.7503
2021-01-06 11:00:00,36.0891,36.531,36.973,36.576,55.2547,36.531,0.0744,0.0766,36.8938
2021-01-06 10:00:00,36.0307,36.4994,36.9681,36.5541,51.7628,36.4994,0.0572,0.0772,36.6662
2021-01-06 09:00:00,35.9731,36.4758,36.9785,36.5464,49.1791,36.4758,0.0577,0.0822,36.5129
2021-01-06 08:00:00,35.9481,36.4638,36.9795,36.5487,50.5294,36.4638,0.073,0.0884,36.592
2021-01-06 07:00:00,35.9354,36.4532,36.9709,36.5457,49.8641,36.4532,0.0835,0.0922,36.5525
2021-01-06 06:00:00,35.9354,36.4532,36.9709,36.5453,51.8879,36.4532,0.0997,0.0943,36.6712
2021-01-06 05:00:00,35.9364,36.4505,36.9646,36.5366,51.5712,36.4505,0.1068,0.093,36.6514
2021-01-05 20:00:00,35.9338,36.4535,36.9732,36.5287,53.7961,36.4535,0.1164,0.0895,36.78
2021-01-05 19:00:00,35.9347,36.4528,36.9709,36.5113,53.1955,36.4528,0.1138,0.0828,36.7404
2021-01-05 18:00:00,35.9376,36.4495,36.9615,36.4955,52.7502,36.4495,0.1129,0.0751,36.7107
2021-01-05 17:00:00,35.9281,36.4347,36.9413,36.4807,52.9124,36.4347,0.1131,0.0656,36.7206
2021-01-05 16:00:00,35.926,36.4222,36.9183,36.4641,54.0367,36.4222,0.1107,0.0538,36.7899
2021-01-05 15:00:00,35.9275,36.406,36.8845,36.4417,55.0052,36.406,0.0989,0.0395,36.8492
2021-01-05 14:00:00,35.9412,36.3905,36.8398,36.4136,52.4661,36.3905,0.0765,0.0247,36.6662
2021-01-05 13:00:00,35.944,36.3814,36.8189,36.3961,57.5576,36.3814,0.0654,0.0117,36.963
2021-01-05 12:00:00,35.9671,36.3546,36.742,36.357,51.7487,36.3546,0.02,-0.0017,36.5821
2021-01-05 11:00:00,35.945,36.3371,36.7292,36.3415,47.0444,36.3371,0.0005,-0.0071,36.3264
2021-01-05 10:00:00,35.9091,36.3247,36.7402,36.3426,48.0697,36.3247,0.0018,-0.009,36.3843
2021-01-05 09:00:00,35.8828,36.3123,36.7419,36.3397,45.5192,36.3123,-0.0026,-0.0117,36.2557
2021-01-05 08:00:00,35.8594,36.3036,36.7478,36.3455,46.539,36.3036,0.005,-0.014,36.3151
2021-01-05 07:00:00,35.8416,36.2948,36.748,36.3476,48.6459,36.2948,0.0085,-0.0187,36.4338
2021-01-05 06:00:00,35.8412,36.2919,36.7425,36.3416,50.8723,36.2919,0.0008,-0.0255,36.5525
2021-01-05 05:00:00,35.8445,36.2856,36.7267,36.3271,46.3205,36.2856,-0.0211,-0.0321,36.3249
2021-01-04 20:00:00,35.8453,36.2879,36.7306,36.3272,46.3205,36.2879,-0.0256,-0.0348,36.3249
2021-01-04 19:00:00,35.8461,36.2899,36.7337,36.3274,46.3185,36.2899,-0.0309,-0.0371,36.3248
2021-01-04 18:00:00,35.8467,36.2912,36.7357,36.3276,45.3257,36.2912,-0.0373,-0.0387,36.2755
2021-01-04 17:00:00,35.8488,36.2939,36.7389,36.3312,46.3214,36.2939,-0.0399,-0.039,36.3348
2021-01-04 16:00:00,35.8494,36.2952,36.7409,36.3309,47.8455,36.2952,-0.0487,-0.0388,36.4239
2021-01-04 15:00:00,35.8491,36.2929,36.7366,36.3245,43.641,36.2929,-0.0682,-0.0364,36.215
2021-01-04 14:00:00,35.8538,36.2969,36.7399,36.3321,41.0537,36.2969,-0.0709,-0.0284,36.0974
2021-01-04 13:00:00,35.8683,36.3054,36.7426,36.3482,37.4341,36.3054,-0.0613,-0.0178,35.9441
2021-01-04 12:00:00,35.901,36.3259,36.7507,36.3761,37.6504,36.3259,-0.0325,-0.0069,35.9589
2021-01-04 11:00:00,35.9339,36.3473,36.7607,36.4049,40.5979,36.3473,0.0031,-0.0005,36.1518
2021-01-04 10:00:00,35.9419,36.3647,36.7875,36.4223,42.6382,36.3647,0.029,-0.0015,36.2738
2021-01-04 09:00:00,35.944,36.3771,36.8102,36.4326,47.9615,36.3771,0.0491,-0.0091,36.5525
2021-01-04 08:00:00,35.9384,36.3817,36.8251,36.4243,48.7978,36.3817,0.0457,-0.0236,36.592
2021-01-04 07:00:00,35.9335,36.3854,36.8372,36.4127,52.0901,36.3854,0.0366,-0.0409,36.7404
2021-01-04 06:00:00,35.9373,36.3834,36.8295,36.3901,52.5471,36.3834,0.0094,-0.0603,36.7602
2021-01-04 05:00:00,35.9415,36.3814,36.8213,36.3646,50.0033,36.3814,-0.0274,-0.0778,36.6415
2020-12-31 20:00:00,35.9364,36.3844,36.8324,36.3455,40.1884,36.3844,-0.062,-0.0904,36.2656
2020-12-31 19:00:00,35.9309,36.4028,36.8747,36.351,41.8586,36.4028,-0.0669,-0.0975,36.3446
2020-12-31 18:00:00,35.9235,36.419,36.9144,36.3515,40.6683,36.419,-0.0802,-0.1051,36.3052
2020-12-31 17:00:00,35.9314,36.4266,36.9218,36.3547,42.3487,36.4266,-0.0921,-0.1113,36.3843
2020-12-31 16:00:00,35.9347,36.4345,36.9343,36.3526,42.5612,36.4345,-0.1139,-0.1161,36.3942
2020-12-31 15:00:00,35.9383,36.4414,36.9446,36.3498,34.9938,36.4414,-0.1412,-0.1167,36.1568
2020-12-31 14:00:00,35.9612,36.4569,36.9526,36.3631,31.3509,36.4569,-0.1497,-0.1106,36.0578
2020-12-31 13:00:00,35.9994,36.4764,36.9534,36.3841,27.2107,36.4764,-0.1484,-0.1008,35.954
2020-12-31 12:00:00,36.0603,36.4993,36.9382,36.4138,28.1484,36.4993,-0.1339,-0.0889,36.0133
2020-12-31 11:00:00,36.1171,36.5176,36.918,36.4414,27.3416,36.5176,-0.1196,-0.0776,35.9935
2020-12-31 10:00:00,36.1864,36.5365,36.8866,36.4723,28.2619,36.5365,-0.0975,-0.0671,36.0529
2020-12-31 09:00:00,36.253,36.5581,36.8631,36.5012,33.6444,36.5581,-0.074,-0.0595,36.3447
2020-12-31 08:00:00,36.2707,36.5653,36.8599,36.512,34.0696,36.5653,-0.0726,-0.0559,36.3645
2020-12-31 07:00:00,36.2814,36.5688,36.8562,36.5222,34.7057,36.5688,-0.0717,-0.0517,36.3942
2020-12-31 06:00:00,36.2874,36.5708,36.8541,36.531,34.3105,36.5708,-0.0726,-0.0467,36.3843
2020-12-31 05:00:00,36.2964,36.5737,36.851,36.5411,33.5328,36.5737,-0.0717,-0.0403,36.3645
2020-12-30 20:00:00,36.3066,36.5767,36.8468,36.5533,33.1503,36.5767,-0.0675,-0.0324,36.3546
2020-12-30 19:00:00,36.3185,36.58,36.8414,36.567,33.5233,36.58,-0.0602,-0.0236,36.3744
2020-12-30 18:00:00,36.3237,36.5813,36.839,36.5803,32.796,36.5813,-0.0519,-0.0145,36.3547
2020-12-30 17:00:00,36.3206,36.5806,36.8407,36.5958,32.0703,36.5806,-0.0386,-0.0051,36.3348
2020-12-30 16:00:00,36.3221,36.581,36.8398,36.6138,32.4069,36.581,-0.019,0.0032,36.3546
2020-12-30 15:00:00,36.3236,36.5813,36.839,36.6317,36.1679,36.5813,0.0042,0.0088,36.5574
2020-12-30 14:00:00,36.3029,36.5742,36.8455,36.6368,37.081,36.5742,0.0132,0.0099,36.6019
2020-12-30 13:00:00,36.2919,36.5683,36.8446,36.6392,38.5879,36.5683,0.0199,0.0091,36.6732
2020-12-30 12:00:00,36.2732,36.5575,36.8418,36.6369,37.6697,36.5575,0.0209,0.0064,36.6464
2020-12-30 11:00:00,36.2564,36.5478,36.8391,36.6362,38.5995,36.5478,0.0246,0.0028,36.691
2020-12-30 10:00:00,36.2393,36.5357,36.8322,36.6325,38.8052,36.5357,0.0245,-0.0026,36.7009
2020-12-30 09:00:00,36.2338,36.5264,36.8191,36.6277,38.168,36.5264,0.0229,-0.0094,36.6811
2020-12-30 08:00:00,36.2292,36.518,36.8069,36.6241,38.5561,36.518,0.0226,-0.0175,36.7009
2020-12-30 07:00:00,36.2322,36.5141,36.7959,36.6188,39.1331,36.5141,0.0198,-0.0275,36.7305
2020-12-30 06:00:00,36.1971,36.5236,36.8502,36.6111,40.9084,36.5236,0.013,-0.0393,36.8196
