date,Lower BBBAND,Middle BBAND,Upper BBAND,EMA,RSI,SMA,MACD,MACD_Signal,Closing Price
2021-02-22 20:00:00,69.3445,78.0326,86.7207,78.9104,65.9246,78.0326,2.3603,2.3872,85.86
2021-02-22 19:00:00,69.3305,77.8349,86.3394,78.6748,66.0062,77.8349,2.4537,2.3939,85.9
2021-02-22 18:00:00,69.3412,77.6366,85.9319,78.4299,65.1575,77.6366,2.533,2.3789,85.1
2021-02-22 17:00:00,69.3416,77.4533,85.5649,78.2038,64.7792,77.4533,2.679,2.3404,84.75
2021-02-22 16:00:00,69.3508,77.2774,85.204,77.9819,67.842,77.2774,2.8619,2.2558,86.23
2021-02-22 15:00:00,69.4701,77.0794,84.6888,77.7023,70.6841,77.0794,2.903,2.1042,87.51
2021-02-22 14:00:00,69.7154,76.8574,83.9994,77.3698,70.6084,76.8574,2.783,1.9046,87.43
2021-02-22 13:00:00,70.0004,76.6308,83.2611,77.0288,71.5851,76.6308,2.5974,1.685,87.86
2021-02-22 12:00:00,70.3743,76.3853,82.3962,76.6617,72.1097,76.3853,2.279,1.4568,88.09
2021-02-22 11:00:00,70.8916,76.1346,81.3775,76.2743,71.8895,76.1346,1.8161,1.2513,87.84
2021-02-22 10:00:00,71.4503,75.8628,80.2753,75.8822,65.8996,75.8628,1.2242,1.1101,82.1835
2021-02-22 09:00:00,71.4538,75.6859,79.918,75.6686,61.9794,75.6859,1.0269,1.0816,79.4
2021-02-22 08:00:00,71.293,75.5526,79.8122,75.5421,61.668,75.5526,1.0436,1.0952,79.2
2021-02-22 06:00:00,70.8642,75.3759,79.8876,75.4181,61.1519,75.3759,1.07,1.1081,78.87
2021-02-22 05:00:00,70.5182,75.2134,79.9086,75.3011,60.7104,75.2134,1.1218,1.1177,78.59
2021-02-19 20:00:00,70.2729,75.0702,79.8676,75.1896,62.7125,75.0702,1.2001,1.1166,79.39
2021-02-19 19:00:00,70.0693,74.9121,79.7548,75.0472,62.4997,74.9121,1.2011,1.0958,79.25
2021-02-19 18:00:00,69.8885,74.7579,79.6273,74.9047,61.8886,74.7579,1.1992,1.0695,78.85
2021-02-19 17:00:00,69.4841,74.5704,79.6567,74.771,61.8886,74.5704,1.22,1.037,78.85
2021-02-19 16:00:00,69.1255,74.3846,79.6436,74.6327,61.8735,74.3846,1.2288,0.9913,78.84
2021-02-19 15:00:00,68.7916,74.1979,79.6042,74.4901,62.6259,74.1979,1.2232,0.9319,79.15
2021-02-19 14:00:00,68.506,74.0071,79.5082,74.3322,62.262,74.0071,1.1667,0.8591,78.9
2021-02-19 13:00:00,68.2303,73.8192,79.4081,74.1773,61.5103,73.8192,1.1031,0.7822,78.39
2021-02-19 12:00:00,67.9515,73.6384,79.3253,74.0345,62.0344,73.6384,1.0578,0.7019,78.61
2021-02-19 11:00:00,67.7188,73.4564,79.194,73.8794,64.0848,73.4564,0.9622,0.613,79.45
2021-02-19 10:00:00,67.5481,73.2596,78.9712,73.6906,63.4051,73.2596,0.7406,0.5256,78.97
2021-02-19 09:00:00,67.4003,73.0756,78.7509,73.5116,59.1093,73.0756,0.496,0.4719,76.26
2021-02-19 08:00:00,67.1737,72.9369,78.7001,73.4184,58.7402,72.9369,0.4524,0.4659,76.05
2021-02-19 07:00:00,66.8968,72.7886,78.6803,73.3292,58.2103,72.7886,0.4115,0.4693,75.75
2021-02-19 05:00:00,66.5996,72.6386,78.6775,73.2472,57.5673,72.6386,0.3839,0.4837,75.39
2021-02-18 20:00:00,66.3285,72.4976,78.6666,73.1745,56.4509,72.4976,0.3798,0.5086,74.78
2021-02-18 19:00:00,66.0457,72.3624,78.6791,73.1201,57.4251,72.3624,0.4311,0.5409,75.18
2021-02-18 18:00:00,65.8041,72.2256,78.6471,73.0503,57.189,72.2256,0.4496,0.5683,75.05
2021-02-18 17:00:00,65.5403,72.0831,78.6258,72.9825,57.4058,72.0831,0.4799,0.598,75.14
2021-02-18 16:00:00,65.4156,71.9724,78.5292,72.9094,57.4533,71.9724,0.5024,0.6275,75.16
2021-02-18 15:00:00,65.277,71.8546,78.4321,72.8331,58.551,71.8546,0.5218,0.6588,75.62
2021-02-18 14:00:00,65.1548,71.7286,78.3024,72.7386,57.7574,71.7286,0.4922,0.693,75.16
2021-02-18 13:00:00,65.0284,71.6091,78.1897,72.6565,56.8568,71.6091,0.494,0.7432,74.65
2021-02-18 12:00:00,64.9033,71.4986,78.0939,72.589,57.2806,71.4986,0.5411,0.8056,74.83
2021-02-18 11:00:00,64.7783,71.3817,77.9852,72.513,55.7117,71.3817,0.575,0.8717,73.96
2021-02-18 10:00:00,64.6403,71.2767,77.9131,72.4639,58.4282,71.2767,0.6985,0.9459,75.08
2021-02-18 09:00:00,64.5585,71.1634,77.7683,72.3753,57.3697,71.1634,0.7319,1.0077,74.5
2021-02-18 08:00:00,64.4798,71.0626,77.6453,72.3032,57.5187,71.0626,0.8229,1.0767,74.56
2021-02-18 07:00:00,64.4374,70.9732,77.509,72.2267,57.8634,70.9732,0.921,1.1401,74.7
2021-02-18 06:00:00,64.4067,70.8832,77.3597,72.1429,58.8798,70.8832,1.0186,1.1949,75.11
2021-02-17 20:00:00,64.4044,70.7931,77.1817,72.0423,58.9543,70.7931,1.0867,1.2389,75.14
2021-02-17 19:00:00,64.3842,70.6891,76.9939,71.9373,59.1752,70.6891,1.1546,1.277,75.23
2021-02-17 18:00:00,64.3785,70.5852,76.7919,71.8257,59.4673,70.5852,1.2154,1.3076,75.35
2021-02-17 17:00:00,64.379,70.4761,76.5731,71.7062,59.2198,70.4761,1.263,1.3306,75.2
2021-02-17 16:00:00,64.3767,70.3661,76.3555,71.5878,59.023,70.3661,1.3208,1.3475,75.08
2021-02-17 15:00:00,64.3884,70.2622,76.136,71.4694,60.2623,70.2622,1.3875,1.3542,75.6
2021-02-17 14:00:00,64.4295,70.1481,75.8667,71.3294,60.7036,70.1481,1.3995,1.3459,75.7831
2021-02-17 13:00:00,64.4946,70.0313,75.5681,71.1784,60.0546,70.0313,1.3758,1.3325,75.37
2021-02-17 12:00:00,64.5595,69.9247,75.2899,71.0363,60.4586,69.9247,1.3677,1.3217,75.54
2021-02-17 11:00:00,64.6608,69.8237,74.9866,70.8837,61.4389,69.8237,1.32,1.3102,75.95
2021-02-17 10:00:00,64.812,69.7225,74.6329,70.7119,58.0603,69.7225,1.1983,1.3078,73.8784
2021-02-17 09:00:00,64.8594,69.6493,74.4392,70.6046,57.1543,69.6493,1.2364,1.3351,73.37
2021-02-17 08:00:00,64.8979,69.589,74.2801,70.5108,58.4486,69.589,1.3189,1.3598,73.9
2021-02-17 07:00:00,64.9669,69.5231,74.0794,70.396,56.6643,69.5231,1.351,1.37,72.92
2021-02-17 06:00:00,64.9947,69.4643,73.9339,70.3104,57.4816,69.4643,1.4721,1.3748,73.25
2021-02-17 05:00:00,65.0379,69.3976,73.7573,70.2107,59.3963,69.3976,1.5716,1.3505,74.0
2021-02-16 20:00:00,65.1176,69.3113,73.505,70.0823,59.3963,69.3113,1.5994,1.2952,74.0
2021-02-16 19:00:00,65.214,69.2268,73.2397,69.9495,59.6525,69.2268,1.6117,1.2192,74.1
2021-02-16 18:00:00,65.3421,69.1501,72.9582,69.8088,59.9066,69.1501,1.5937,1.121,74.2
2021-02-16 17:00:00,65.4896,69.0635,72.6373,69.6599,60.2853,69.0635,1.5374,1.0029,74.35
2021-02-16 16:00:00,65.6795,68.9783,72.2772,69.501,60.0202,68.9783,1.4279,0.8693,74.19
2021-02-16 15:00:00,65.8869,68.8945,71.9021,69.342,59.4209,68.8945,1.2836,0.7296,73.83
2021-02-16 14:00:00,66.096,68.8168,71.5376,69.1899,58.2234,68.8168,1.1174,0.5911,73.13
2021-02-16 13:00:00,66.2675,68.746,71.2244,69.0563,58.0844,68.746,0.9604,0.4595,73.05
2021-02-16 12:00:00,66.4667,68.6851,70.9036,68.9209,55.3108,68.6851,0.7541,0.3343,71.5324
2021-02-16 11:00:00,66.5498,68.6493,70.7488,68.8324,55.4001,68.6493,0.6344,0.2294,71.57
2021-02-16 10:00:00,66.6423,68.6169,70.5916,68.7396,55.0776,68.6169,0.4685,0.1281,71.4
2021-02-16 09:00:00,66.7366,68.5759,70.4153,68.6494,49.1188,68.5759,0.2673,0.0431,68.6
2021-02-16 08:00:00,66.7383,68.5779,70.4176,68.6511,50.3382,68.5779,0.2916,-0.013,69.12
2021-02-16 07:00:00,66.7324,68.5863,70.4402,68.6352,52.5074,68.5863,0.2655,-0.0891,70.0
2021-02-16 06:00:00,66.7042,68.5968,70.4893,68.5889,52.2776,68.5968,0.1387,-0.1778,69.9
2021-02-16 05:00:00,66.6868,68.6046,70.5224,68.5445,52.5275,68.6046,-0.0149,-0.2569,70.0
2021-02-12 20:00:00,66.6499,68.6183,70.5867,68.4952,46.4904,68.6183,-0.221,-0.3174,67.6
2021-02-12 19:00:00,66.6303,68.6756,70.7209,68.5255,46.7339,68.6756,-0.2364,-0.3416,67.7
2021-02-12 18:00:00,66.618,68.7303,70.8426,68.5535,46.5688,68.7303,-0.2629,-0.3679,67.64
2021-02-12 17:00:00,66.6162,68.7859,70.9556,68.5844,46.7111,68.7859,-0.2867,-0.3941,67.7
2021-02-12 16:00:00,66.6307,68.8359,71.0412,68.6144,46.5236,68.8359,-0.319,-0.421,67.63
2021-02-12 15:00:00,66.64,68.8926,71.1452,68.6478,46.2845,68.8926,-0.3486,-0.4464,67.54
2021-02-12 14:00:00,66.6732,68.9456,71.218,68.6853,46.6261,68.9456,-0.372,-0.4709,67.69
2021-02-12 13:00:00,66.6958,68.9994,71.3031,68.7191,46.5096,68.9994,-0.4118,-0.4956,67.645
2021-02-12 12:00:00,66.7262,69.054,71.3818,68.7555,47.1389,69.054,-0.452,-0.5166,67.925
2021-02-12 11:00:00,66.7295,69.1111,71.4927,68.7836,47.1726,69.1111,-0.5253,-0.5327,67.94
2021-02-12 10:00:00,66.7193,69.1746,71.63,68.8122,45.1463,69.1746,-0.6127,-0.5346,67.15
2021-02-12 09:00:00,66.726,69.2628,71.7996,68.8686,44.0783,69.2628,-0.6349,-0.515,66.75
2021-02-12 08:00:00,66.789,69.3548,71.9206,68.9404,44.4613,69.3548,-0.6133,-0.4851,66.93
2021-02-12 07:00:00,66.8463,69.4449,72.0436,69.0086,43.7673,69.4449,-0.5952,-0.453,66.67
2021-02-12 06:00:00,66.9554,69.5341,72.1128,69.0878,44.3968,69.5341,-0.5369,-0.4174,66.97
2021-02-12 05:00:00,67.0546,69.6166,72.1786,69.1596,43.1368,69.6166,-0.4852,-0.3876,66.5
2021-02-11 20:00:00,67.2224,69.7013,72.1801,69.2498,47.6556,69.7013,-0.3643,-0.3632,68.5
2021-02-11 19:00:00,67.2505,69.7513,72.2521,69.2752,46.5264,69.7513,-0.4083,-0.3629,68.09
2021-02-11 18:00:00,67.3047,69.8088,72.3128,69.3154,46.4433,69.8088,-0.4168,-0.3516,68.06
2021-02-11 17:00:00,67.3606,69.8699,72.3791,69.3579,46.2515,69.8699,-0.4185,-0.3353,67.99
2021-02-11 16:00:00,67.4393,69.924,72.4088,69.4043,46.3214,69.924,-0.4075,-0.3145,68.02
2021-02-11 15:00:00,67.5064,69.9873,72.4681,69.4512,45.7844,69.9873,-0.3906,-0.2912,67.82
2021-02-11 14:00:00,67.5997,70.0511,72.5025,69.5065,45.3544,70.0511,-0.343,-0.2663,67.66
2021-02-11 13:00:00,67.7056,70.1219,72.5383,69.5691,46.7679,70.1219,-0.261,-0.2471,68.28
2021-02-11 12:00:00,67.7461,70.1933,72.6404,69.6128,47.1642,70.1933,-0.2156,-0.2437,68.45
2021-02-11 11:00:00,67.8197,70.2416,72.6635,69.6522,48.9643,70.2416,-0.1718,-0.2507,69.2
2021-02-11 10:00:00,67.8489,70.2829,72.717,69.6676,49.2106,70.2829,-0.1898,-0.2704,69.3
2021-02-11 09:00:00,67.878,70.3213,72.7646,69.68,50.2037,70.3213,-0.2202,-0.2906,69.7
2021-02-11 08:00:00,67.892,70.3543,72.8166,69.6793,48.1457,70.3543,-0.2965,-0.3082,68.9
2021-02-11 07:00:00,67.9463,70.3793,72.8123,69.7058,48.3915,70.3793,-0.3081,-0.3111,69.0
2021-02-10 20:00:00,68.0009,70.4096,72.8183,69.7297,47.868,70.4096,-0.3286,-0.3119,68.8
2021-02-10 19:00:00,68.0677,70.4403,72.8128,69.7612,47.3428,70.4403,-0.3297,-0.3077,68.6
2021-02-10 18:00:00,68.1503,70.4744,72.7985,69.8006,47.9364,70.4744,-0.3059,-0.3022,68.85
2021-02-10 17:00:00,68.2208,70.5079,72.7951,69.8328,47.6783,70.5079,-0.2965,-0.3013,68.75
2021-02-10 16:00:00,68.3011,70.5504,72.7998,69.8695,47.7482,70.5504,-0.2701,-0.3025,68.78
2021-02-10 15:00:00,68.3835,70.5894,72.7952,69.9064,48.1876,70.5894,-0.2355,-0.3106,68.97
2021-02-10 14:00:00,68.4557,70.623,72.7903,69.9382,49.3873,70.623,-0.2072,-0.3294,69.48
2021-02-10 13:00:00,68.4977,70.6447,72.7918,69.9537,50.3456,70.6447,-0.22,-0.36,69.8765
2021-02-10 12:00:00,68.5209,70.6586,72.7964,69.9563,49.4046,70.6586,-0.2735,-0.395,69.49
2021-02-10 11:00:00,68.5665,70.6901,72.8137,69.9721,50.0318,70.6901,-0.2985,-0.4253,69.75
2021-02-10 10:00:00,68.5832,70.6971,72.811,69.9797,50.5169,70.6971,-0.3526,-0.457,69.95
2021-02-10 09:00:00,68.5647,70.6905,72.8162,69.9807,49.1597,70.6905,-0.4368,-0.4831,69.39
2021-02-10 08:00:00,68.6103,70.7095,72.8086,70.0007,48.8146,70.7095,-0.4809,-0.4947,69.25
2021-02-10 07:00:00,68.6366,70.7173,72.798,70.0261,47.7432,70.7173,-0.5159,-0.4982,68.82
2021-02-10 06:00:00,68.6799,70.728,72.776,70.067,47.9959,70.728,-0.5093,-0.4937,68.93
2021-02-10 05:00:00,68.7155,70.7368,72.7581,70.1056,49.3263,70.7368,-0.5047,-0.4898,69.5
2021-02-09 20:00:00,68.7108,70.7355,72.7601,70.1261,48.085,70.7355,-0.5496,-0.4861,69.0
2021-02-09 19:00:00,68.739,70.7425,72.7459,70.1643,48.6475,70.7425,-0.5479,-0.4703,69.24
2021-02-09 18:00:00,68.761,70.7485,72.7359,70.1956,48.4498,70.7485,-0.5622,-0.4508,69.16
2021-02-09 17:00:00,68.7793,70.7531,72.7269,70.2307,48.4727,70.7531,-0.5642,-0.423,69.17
2021-02-09 16:00:00,68.8054,70.76,72.7145,70.2666,47.7678,70.76,-0.5595,-0.3877,68.88
2021-02-09 15:00:00,68.8411,70.7681,72.6951,70.3137,48.9486,70.7681,-0.5159,-0.3447,69.4
2021-02-09 14:00:00,68.8212,70.7633,72.7054,70.3446,48.9008,70.7633,-0.5057,-0.3019,69.38
2021-02-09 13:00:00,68.8373,70.7678,72.6983,70.3773,49.4699,70.7678,-0.4832,-0.251,69.63
2021-02-09 12:00:00,68.8088,70.7603,72.7118,70.4027,47.822,70.7603,-0.4729,-0.193,68.94
2021-02-09 11:00:00,68.8165,70.762,72.7074,70.4522,47.283,70.762,-0.3827,-0.123,68.72
2021-02-09 10:00:00,68.8713,70.7741,72.677,70.511,49.333,70.7741,-0.2396,-0.0581,69.62
2021-02-09 09:00:00,68.8444,70.7671,72.6899,70.5412,51.812,70.7671,-0.145,-0.0127,70.63
2021-02-09 08:00:00,68.7664,70.7403,72.7142,70.5381,51.1912,70.7403,-0.1251,0.0204,70.37
2021-02-08 20:00:00,68.664,70.7108,72.7575,70.5438,52.3388,70.7108,-0.0714,0.0568,70.82
2021-02-08 19:00:00,68.5489,70.6721,72.7954,70.5345,52.9091,70.6721,-0.0476,0.0888,71.04
2021-02-08 18:00:00,68.4546,70.6335,72.8123,70.5173,52.7711,70.6335,-0.0389,0.1229,70.98
2021-02-08 17:00:00,68.3618,70.5951,72.8284,70.5017,52.7711,70.5951,-0.0212,0.1634,70.98
2021-02-08 16:00:00,68.2735,70.557,72.8404,70.4854,52.1382,70.557,0.0018,0.2095,70.7
2021-02-08 15:00:00,68.1957,70.5246,72.8535,70.4782,52.9607,70.5246,0.0596,0.2614,71.03
2021-02-08 14:00:00,68.0763,70.4771,72.878,70.4595,52.2651,70.4771,0.0988,0.3119,70.72
2021-02-08 13:00:00,67.9556,70.433,72.9104,70.4506,52.76,70.433,0.1791,0.3652,70.92
2021-02-08 12:00:00,67.8561,70.3894,72.9226,70.4347,52.76,70.3894,0.2585,0.4117,70.92
2021-02-08 11:00:00,67.6998,70.3328,72.9658,70.4183,53.8196,70.3328,0.3562,0.45,71.35
2021-02-08 10:00:00,67.5046,70.2599,73.0153,70.3867,54.8268,70.2599,0.4319,0.4734,71.75
2021-02-08 09:00:00,67.2798,70.1721,73.0644,70.3405,56.6244,70.1721,0.4815,0.4838,72.44
2021-02-08 08:00:00,67.068,70.0689,73.0699,70.2693,56.2771,70.0689,0.4676,0.4844,72.27
2021-02-08 07:00:00,66.8225,69.9611,73.0997,70.2015,56.4601,69.9611,0.4603,0.4886,72.34
2021-02-08 06:00:00,66.617,69.8551,73.0932,70.129,55.8141,69.8551,0.4372,0.4956,72.02
2021-02-05 20:00:00,66.4177,69.7544,73.0911,70.0649,55.6117,69.7544,0.4339,0.5103,71.92
2021-02-05 18:00:00,66.2259,69.6546,73.0833,70.002,54.9214,69.6546,0.4335,0.5294,71.58
2021-02-05 17:00:00,66.0237,69.5574,73.0912,69.9485,54.7586,69.5574,0.4614,0.5533,71.5
2021-02-05 16:00:00,65.8331,69.4616,73.0901,69.8959,54.856,69.4616,0.4984,0.5763,71.54
2021-02-05 15:00:00,65.6558,69.3651,73.0744,69.8402,55.3034,69.3651,0.5344,0.5958,71.725
2021-02-05 14:00:00,65.4947,69.2655,73.0364,69.7763,54.3435,69.2655,0.5536,0.6112,71.24
2021-02-05 13:00:00,65.3281,69.1729,73.0176,69.7267,55.739,69.1729,0.6195,0.6255,71.815
2021-02-05 12:00:00,65.1678,69.0666,72.9654,69.6559,55.4159,69.0666,0.6361,0.627,71.65
2021-02-05 11:00:00,65.0113,68.9624,72.9134,69.5883,56.0498,68.9624,0.6648,0.6248,71.91
2021-02-05 10:00:00,64.8788,68.8547,72.8306,69.5096,57.6715,68.8547,0.6652,0.6148,72.56
2021-02-05 09:00:00,64.7553,68.7295,72.7038,69.4062,55.3043,68.7295,0.59,0.6022,71.35
2021-02-05 08:00:00,64.6314,68.6317,72.632,69.3403,56.1464,68.6317,0.6086,0.6052,71.68
2021-02-05 07:00:00,64.5457,68.5329,72.52,69.261,55.9866,68.5329,0.5898,0.6044,71.6
2021-02-05 06:00:00,64.4742,68.4374,72.4005,69.1817,56.1879,68.4374,0.5654,0.608,71.68
2021-02-04 20:00:00,64.4601,68.355,72.25,69.097,53.5612,68.355,0.518,0.6187,70.4
2021-02-04 19:00:00,64.4036,68.29,72.1765,69.0528,54.6178,68.29,0.5802,0.6439,70.82
2021-02-04 18:00:00,64.3749,68.223,72.0711,68.9929,54.2373,68.223,0.6084,0.6598,70.64
2021-02-04 17:00:00,64.2789,68.1372,71.9955,68.9371,54.2622,68.1372,0.6538,0.6726,70.65
2021-02-04 16:00:00,64.1907,68.0512,71.9117,68.879,54.7805,68.0512,0.7013,0.6773,70.86
2021-02-04 15:00:00,64.1084,67.9594,71.8103,68.8119,55.8801,67.9594,0.7304,0.6713,71.3
2021-02-04 14:00:00,64.0552,67.861,71.6668,68.7276,55.5109,67.861,0.712,0.6566,71.115
2021-02-04 13:00:00,63.9825,67.7598,71.537,68.6466,55.2621,67.7598,0.697,0.6427,70.99
2021-02-04 12:00:00,63.9236,67.6628,71.402,68.5672,54.85,67.6628,0.6805,0.6291,70.7825
2021-02-04 11:00:00,63.8565,67.5666,71.2767,68.4921,54.7067,67.5666,0.6707,0.6163,70.71
2021-02-04 10:00:00,63.7884,67.4694,71.1504,68.4169,56.3309,67.4694,0.6558,0.6026,71.3796
2021-02-04 09:00:00,63.8483,67.3907,70.9332,68.3165,53.8996,67.3907,0.559,0.5893,70.17
2021-02-04 08:00:00,63.8708,67.3392,70.8077,68.2536,52.5686,67.3392,0.5506,0.5969,69.55
2021-02-04 06:00:00,63.8795,67.3,70.7204,68.2097,55.0385,67.3,0.5949,0.6085,70.53
2021-02-03 20:00:00,63.9255,67.2773,70.6292,68.1311,53.2534,67.2773,0.543,0.6119,69.72
2021-02-03 19:00:00,63.9437,67.2652,70.5866,68.0772,52.6601,67.2652,0.5513,0.6292,69.46
2021-02-03 18:00:00,63.9555,67.2563,70.5572,68.0303,52.6601,67.2563,0.5804,0.6486,69.46
2021-02-03 17:00:00,63.9655,67.2493,70.5332,67.9818,52.5706,67.2493,0.6092,0.6656,69.42
2021-02-03 16:00:00,63.9745,67.243,70.5115,67.9331,52.5706,67.243,0.641,0.6798,69.42
2021-02-03 15:00:00,63.9824,67.2377,70.493,67.8827,53.0068,67.2377,0.6724,0.6895,69.6
2021-02-03 14:00:00,63.997,67.2283,70.4596,67.8245,52.6635,67.2283,0.6843,0.6937,69.44
2021-02-03 13:00:00,63.9861,67.234,70.4819,67.7697,52.9966,67.234,0.7058,0.6961,69.58
2021-02-03 12:00:00,63.9961,67.228,70.4598,67.7084,52.5539,67.228,0.7087,0.6937,69.37
2021-02-03 11:00:00,63.9853,67.2338,70.4823,67.652,52.0035,67.2338,0.7236,0.6899,69.11
2021-02-03 10:00:00,63.9884,67.2313,70.4743,67.6026,53.2655,67.2313,0.7584,0.6815,69.65
2021-02-03 09:00:00,64.0142,67.2105,70.4067,67.5332,52.2742,67.2105,0.737,0.6623,69.18
2021-02-03 08:00:00,64.0181,67.2077,70.3972,67.4774,51.9759,67.2077,0.7467,0.6436,69.04
2021-02-03 07:00:00,64.012,67.2118,70.4116,67.4244,52.9287,67.2118,0.7624,0.6179,69.45
2021-02-03 06:00:00,63.9424,67.2377,70.5329,67.3557,52.4056,67.2377,0.7298,0.5817,69.2
2021-02-03 05:00:00,63.9058,67.181,70.4562,67.2932,52.0281,67.181,0.7029,0.5447,69.02
2021-02-02 20:00:00,63.8397,67.1175,70.3953,67.2347,51.1389,67.1175,0.6767,0.5052,68.6
2021-02-02 19:00:00,63.7854,67.0658,70.3463,67.1884,50.9259,67.0658,0.6761,0.4623,68.5
2021-02-02 18:00:00,63.7437,67.0198,70.2959,67.1439,51.4107,67.0198,0.6758,0.4089,68.72
2021-02-02 17:00:00,63.7203,66.9753,70.2303,67.0905,51.3281,66.9753,0.6432,0.3421,68.6801
2021-02-02 16:00:00,63.6973,66.9308,70.1643,67.0366,51.3494,66.9308,0.5962,0.2669,68.69
2021-02-02 15:00:00,63.6828,66.889,70.0952,66.9806,51.498,66.889,0.5266,0.1845,68.76
2021-02-02 14:00:00,63.6582,66.8392,70.0203,66.9203,50.3266,66.8392,0.4229,0.099,68.18
2021-02-02 13:00:00,63.6613,66.8286,69.9958,66.8776,50.1103,66.8286,0.3435,0.018,68.0741
2021-02-02 12:00:00,63.6607,66.8122,69.9636,66.837,50.5723,66.8122,0.248,-0.0633,68.3
2021-02-02 11:00:00,63.6551,66.7832,69.9112,66.7874,48.9857,66.7832,0.0994,-0.1412,67.525
2021-02-02 10:00:00,63.6541,66.7889,69.9237,66.7624,47.8276,66.7889,-0.0128,-0.2013,66.98
2021-02-02 09:00:00,63.6217,66.7679,69.9141,66.755,46.7368,66.7679,-0.1002,-0.2485,66.48
2021-02-02 08:00:00,63.578,66.7474,69.9168,66.7644,46.2283,66.7474,-0.1595,-0.2855,66.25
2021-02-02 07:00:00,63.5506,66.7344,69.9182,66.7818,45.2221,66.7344,-0.2095,-0.317,65.8
2021-02-02 06:00:00,63.5617,66.7401,69.9184,66.8151,45.5574,66.7401,-0.2243,-0.3439,65.98
2021-02-02 05:00:00,63.5759,66.7487,69.9216,66.8434,45.5574,66.7487,-0.2584,-0.3738,65.98
2021-02-01 20:00:00,63.5941,66.7607,69.9273,66.8727,45.4488,66.7607,-0.2981,-0.4026,65.93
2021-02-01 19:00:00,63.6152,66.7744,69.9336,66.9046,45.0607,66.7744,-0.3393,-0.4288,65.75
2021-02-01 18:00:00,63.6431,66.7911,69.939,66.9437,45.0607,66.7911,-0.3687,-0.4511,65.75
2021-02-01 17:00:00,63.6723,66.8086,69.9448,66.9842,45.0607,66.8086,-0.4009,-0.4717,65.75
2021-02-01 16:00:00,63.6946,66.8202,69.9458,67.0261,45.0607,66.8202,-0.4361,-0.4895,65.75
2021-02-01 15:00:00,63.7188,66.8331,69.9473,67.0693,44.9182,66.8331,-0.4747,-0.5028,65.68
2021-02-01 14:00:00,63.7495,66.8496,69.9496,67.1164,44.4323,66.8496,-0.5099,-0.5098,65.44
2021-02-01 13:00:00,63.7934,66.8717,69.9501,67.1732,44.3418,66.8717,-0.523,-0.5098,65.395
2021-02-01 12:00:00,63.8442,66.8987,69.9531,67.2335,44.4288,66.8987,-0.5275,-0.5066,65.45
2021-02-01 11:00:00,63.891,66.9221,69.9531,67.294,43.6381,66.9221,-0.5312,-0.5013,65.05
2021-02-01 10:00:00,63.9676,66.9617,69.9558,67.37,44.3044,66.9617,-0.4874,-0.4939,65.48
2021-02-01 09:00:00,64.022,66.9923,69.9627,67.4341,44.7262,66.9923,-0.4683,-0.4955,65.75
2021-02-01 08:00:00,64.0439,67.0502,70.0564,67.4912,44.913,67.0502,-0.4646,-0.5023,65.87
2021-02-01 07:00:00,64.0713,67.1023,70.1334,67.5461,46.2916,67.1023,-0.4653,-0.5117,66.74
2021-02-01 06:00:00,64.0791,67.134,70.1888,67.5735,45.8406,67.134,-0.548,-0.5233,66.5
2021-02-01 05:00:00,64.0937,67.1713,70.2489,67.6099,46.3187,67.1713,-0.6211,-0.5171,66.8
2021-01-29 20:00:00,64.1063,67.1975,70.2887,67.6373,43.8023,67.1975,-0.736,-0.4911,65.49
2021-01-29 19:00:00,64.1701,67.2493,70.3285,67.7101,43.8023,67.2493,-0.7385,-0.4299,65.49
2021-01-29 18:00:00,64.2375,67.3012,70.3648,67.7854,43.5287,67.3012,-0.731,-0.3528,65.35
2021-01-29 17:00:00,64.3184,67.352,70.3855,67.8679,43.6033,67.352,-0.6965,-0.2582,65.4
2021-01-29 16:00:00,64.399,67.4045,70.41,67.9516,42.9111,67.4045,-0.6475,-0.1487,65.04
2021-01-29 15:00:00,64.5084,67.461,70.4137,68.0503,43.099,67.461,-0.5388,-0.024,65.17
2021-01-29 14:00:00,64.6107,67.5215,70.4324,68.1479,42.7959,67.5215,-0.4055,0.1047,65.01
2021-01-29 13:00:00,64.7327,67.5811,70.4296,68.2543,42.5515,67.5811,-0.2131,0.2323,64.88
2021-01-29 12:00:00,64.8706,67.632,70.3933,68.3687,45.149,67.632,0.0487,0.3436,66.66
2021-01-29 11:00:00,64.898,67.6478,70.3975,68.4266,45.7977,67.6478,0.2009,0.4174,67.08
2021-01-29 10:00:00,64.9173,67.6708,70.4242,68.4722,45.9755,67.6708,0.3496,0.4715,67.195
2021-01-29 09:00:00,64.9261,67.7042,70.4823,68.5155,49.2022,67.7042,0.5225,0.5019,69.17
2021-01-29 08:00:00,64.8546,67.7347,70.6148,68.4933,48.8807,67.7347,0.5345,0.4968,68.99
2021-01-28 20:00:00,64.8023,67.7629,70.7235,68.4765,48.7744,67.7629,0.5604,0.4874,68.93
2021-01-28 19:00:00,64.7483,67.7935,70.8388,68.4611,48.9579,67.7935,0.5914,0.4691,69.04
2021-01-28 18:00:00,64.6273,67.8429,71.0584,68.4415,48.9579,67.8429,0.6112,0.4385,69.04
2021-01-28 17:00:00,64.5178,67.8922,71.2666,68.4212,49.0552,67.8922,0.6275,0.3954,69.1
2021-01-28 16:00:00,64.4238,67.939,71.4542,68.3982,48.9555,67.939,0.6332,0.3373,69.04
2021-01-28 15:00:00,64.3325,67.9884,71.6443,68.3765,50.1468,67.9884,0.6373,0.2634,69.78
2021-01-28 14:00:00,64.2598,68.0237,71.7876,68.3289,49.2274,68.0237,0.5579,0.1699,69.22
2021-01-28 13:00:00,64.1845,68.0692,71.9539,68.2987,50.0376,68.0692,0.5054,0.0729,69.72
2021-01-28 12:00:00,64.117,68.1067,72.0964,68.2505,48.7773,68.1067,0.3803,-0.0352,68.9599
2021-01-28 11:00:00,64.0648,68.1517,72.2386,68.2264,47.824,68.1517,0.2923,-0.1391,68.4
2021-01-28 10:00:00,64.0193,68.2071,72.3949,68.2206,48.7969,68.2071,0.2329,-0.247,69.01
2021-01-28 09:00:00,63.9579,68.2587,72.5595,68.1938,49.2492,68.2587,0.0915,-0.367,69.29
2021-01-28 08:00:00,63.9106,68.3014,72.6921,68.1566,52.1517,68.3014,-0.1188,-0.4816,71.0
2021-01-28 07:00:00,63.9018,68.3069,72.7119,68.0603,41.9154,68.3069,-0.5596,-0.5723,65.8
2021-01-28 06:00:00,63.9575,68.4089,72.8602,68.1369,40.4951,68.4089,-0.5846,-0.5754,65.21
2021-01-27 20:00:00,64.0704,68.5149,72.9593,68.2361,40.9794,68.5149,-0.548,-0.5731,65.5
2021-01-27 19:00:00,64.1383,68.6332,73.1281,68.3288,41.3822,68.6332,-0.5228,-0.5794,65.74
2021-01-27 18:00:00,64.1884,68.7537,73.319,68.4166,41.9053,68.7537,-0.5075,-0.5935,66.05
2021-01-27 17:00:00,64.2521,68.8612,73.4703,68.4968,41.812,68.8612,-0.5121,-0.6151,66.01
2021-01-27 16:00:00,64.3302,68.9685,73.6069,68.5811,42.0946,68.9685,-0.5065,-0.6408,66.18
2021-01-27 15:00:00,64.4017,69.0764,73.7511,68.6625,41.1629,69.0764,-0.5093,-0.6744,65.775
2021-01-27 14:00:00,64.4996,69.1953,73.891,68.7604,44.2096,69.1953,-0.4642,-0.7156,67.5391
2021-01-27 13:00:00,64.526,69.2788,74.0316,68.8018,43.1564,69.2788,-0.5795,-0.7785,67.09
2021-01-27 12:00:00,64.5793,69.3697,74.1601,68.8598,41.8832,69.3697,-0.6725,-0.8282,66.56
2021-01-27 11:00:00,64.6824,69.4584,74.2344,68.9378,44.2946,69.4584,-0.7274,-0.8672,67.87
2021-01-27 10:00:00,64.7158,69.5352,74.3547,68.974,38.5884,69.5352,-0.9204,-0.9021,65.72
2021-01-27 09:00:00,64.8838,69.6401,74.3964,69.0843,37.2057,69.6401,-0.9344,-0.8975,65.25
2021-01-27 08:00:00,65.0643,69.7756,74.487,69.2143,37.5953,69.7756,-0.8908,-0.8883,65.47
2021-01-27 07:00:00,65.2413,69.9083,74.5753,69.3412,38.8125,69.9083,-0.8445,-0.8877,66.14
2021-01-27 06:00:00,65.3932,70.0235,74.6537,69.4497,39.488,70.0235,-0.8415,-0.8985,66.5
2021-01-27 05:00:00,65.5311,70.1326,74.7342,69.5497,39.867,70.1326,-0.862,-0.9128,66.7
2021-01-26 20:00:00,65.6668,70.2376,74.8085,69.6463,39.9613,70.2376,-0.896,-0.9254,66.75
2021-01-26 19:00:00,65.8141,70.3376,74.8612,69.7445,39.9613,70.3376,-0.9315,-0.9328,66.75
2021-01-26 18:00:00,65.9693,70.439,74.9086,69.846,40.0529,70.439,-0.9632,-0.9331,66.8
2021-01-26 17:00:00,66.1283,70.5417,74.9551,69.9492,39.0918,70.5417,-0.9948,-0.9256,66.45
2021-01-26 16:00:00,66.3166,70.6569,74.9971,70.0678,39.2155,70.6569,-0.985,-0.9083,66.52
2021-01-26 15:00:00,66.5208,70.7644,75.008,70.1881,39.4786,70.7644,-0.9653,-0.8891,66.67
2021-01-26 14:00:00,66.7313,70.8626,74.9939,70.3074,39.653,70.8626,-0.9414,-0.8701,66.77
2021-01-26 13:00:00,66.9446,70.9611,74.9776,70.4273,40.0708,70.9611,-0.9073,-0.8523,67.01
2021-01-26 12:00:00,67.1465,71.0602,74.9739,70.5431,39.6671,71.0602,-0.8751,-0.8385,66.855
2021-01-26 11:00:00,67.3603,71.1739,74.9876,70.6681,40.6664,71.1739,-0.8055,-0.8294,67.43
2021-01-26 10:00:00,67.5371,71.2789,75.0207,70.7779,40.3712,71.2789,-0.7634,-0.8353,67.3151
2021-01-26 09:00:00,67.7422,71.3828,75.0235,70.8953,43.9342,71.3828,-0.6869,-0.8533,69.22
2021-01-26 08:00:00,67.8211,71.4517,75.0823,70.9521,43.3666,71.4517,-0.7733,-0.8949,69.0
2021-01-26 07:00:00,67.9159,71.5267,75.1375,71.0182,42.4287,71.5267,-0.8499,-0.9253,68.64
2021-01-26 06:00:00,68.0353,71.6127,75.19,71.0989,42.6215,71.6127,-0.8986,-0.9442,68.74
2021-01-26 05:00:00,68.1629,71.6913,75.2198,71.1788,41.6569,71.6913,-0.9579,-0.9556,68.37
2021-01-25 20:00:00,68.3158,71.7853,75.2549,71.274,42.0894,71.7853,-0.982,-0.955,68.6
2021-01-25 19:00:00,68.4472,71.8833,75.3194,71.3647,42.0894,71.8833,-1.0218,-0.9483,68.6
2021-01-25 18:00:00,68.5955,71.9785,75.3615,71.4584,41.5794,71.9785,-1.0579,-0.9299,68.4
2021-01-25 17:00:00,68.7821,72.0712,75.3603,71.5621,41.8512,72.0712,-1.0681,-0.8979,68.55
2021-01-25 16:00:00,68.9769,72.1515,75.3261,71.6642,41.5582,72.1515,-1.0809,-0.8554,68.433
2021-01-25 15:00:00,69.1911,72.2403,75.2895,71.7737,42.2144,72.2403,-1.0695,-0.799,68.8
2021-01-25 14:00:00,69.3851,72.3223,75.2595,71.8745,41.6839,72.3223,-1.0769,-0.7313,68.585
2021-01-25 13:00:00,69.6105,72.4125,75.2146,71.986,40.0349,72.4125,-1.0488,-0.6449,67.93
2021-01-25 12:00:00,69.9231,72.522,75.1209,72.1235,39.2091,72.522,-0.9309,-0.544,67.61
2021-01-25 11:00:00,70.323,72.6369,74.9507,72.2765,40.6721,72.6369,-0.7343,-0.4473,68.46
2021-01-25 10:00:00,70.6665,72.7089,74.7513,72.4059,42.0142,72.7089,-0.5593,-0.3755,69.2
2021-01-25 09:00:00,70.9444,72.7804,74.6163,72.5146,45.6143,72.7804,-0.4031,-0.3295,71.0
2021-01-25 08:00:00,71.0355,72.8122,74.5889,72.5659,44.7872,72.8122,-0.3811,-0.3112,70.68
2021-01-25 07:00:00,71.162,72.8499,74.5377,72.6298,44.9764,72.8499,-0.315,-0.2937,70.77
2021-01-25 05:00:00,71.2869,72.8855,74.4842,72.6929,47.6828,72.8855,-0.2351,-0.2883,72.0
2021-01-22 20:00:00,71.3199,72.9125,74.5051,72.7164,47.6828,72.9125,-0.255,-0.3017,72.0
2021-01-22 19:00:00,71.3457,72.9469,74.5481,72.7406,47.4592,72.9469,-0.2767,-0.3133,71.91
2021-01-22 18:00:00,71.3621,72.9905,74.6189,72.7688,47.6595,72.9905,-0.2912,-0.3225,72.0
2021-01-22 17:00:00,71.4004,73.02,74.6397,72.7949,47.417,73.02,-0.3146,-0.3303,71.9
2021-01-22 16:00:00,71.4405,73.0567,74.6729,72.8252,47.5253,73.0567,-0.3297,-0.3342,71.95
2021-01-22 15:00:00,71.4198,73.1134,74.8069,72.8549,47.568,73.1134,-0.3493,-0.3353,71.97
2021-01-22 14:00:00,71.4233,73.1657,74.9081,72.8849,46.8395,73.1657,-0.3713,-0.3318,71.66
2021-01-22 13:00:00,71.4559,73.2232,74.9905,72.9264,46.974,73.2232,-0.3624,-0.322,71.725
2021-01-22 12:00:00,71.4875,73.2808,75.0741,72.9671,47.7629,73.2808,-0.3524,-0.3119,72.105
2021-01-22 11:00:00,71.4422,73.347,75.2519,72.9963,47.1775,73.347,-0.3732,-0.3017,71.85
2021-01-22 10:00:00,71.4268,73.4179,75.4089,73.0352,45.9633,73.4179,-0.3684,-0.2838,71.33
2021-01-22 09:00:00,71.443,73.5025,75.5621,73.093,47.1732,73.5025,-0.3039,-0.2627,71.92
2021-01-22 08:00:00,71.4587,73.5697,75.6807,73.1327,46.3494,73.5697,-0.2772,-0.2524,71.57
2021-01-21 20:00:00,71.5149,73.6414,75.7678,73.1857,48.5397,73.6414,-0.2035,-0.2462,72.6
2021-01-21 19:00:00,71.4954,73.701,75.9067,73.2056,49.3635,73.701,-0.2113,-0.2569,72.9699
2021-01-21 18:00:00,71.4765,73.7519,76.0273,73.2136,48.2668,73.7519,-0.2558,-0.2683,72.5
2021-01-21 17:00:00,71.4934,73.8079,76.1223,73.2378,48.1493,73.8079,-0.2612,-0.2715,72.45
2021-01-21 16:00:00,71.523,73.863,76.203,73.2645,48.5833,73.863,-0.2591,-0.274,72.65
2021-01-21 15:00:00,71.5313,73.9214,76.3115,73.2853,49.1497,73.9214,-0.273,-0.2778,72.91
2021-01-21 14:00:00,71.561,73.9605,76.3601,73.298,48.3295,73.9605,-0.3133,-0.279,72.55
2021-01-21 13:00:00,71.5834,73.968,76.3526,73.3234,48.3182,73.968,-0.3234,-0.2704,72.545
2021-01-21 12:00:00,71.5887,73.9696,76.3506,73.3498,46.7847,73.9696,-0.3312,-0.2571,71.88
2021-01-21 11:00:00,71.6284,73.9795,76.3305,73.3996,48.0496,73.9795,-0.2686,-0.2386,72.48
2021-01-21 10:00:00,71.6314,73.9803,76.3292,73.4307,46.9567,73.9803,-0.2459,-0.2311,72.015
2021-01-21 09:00:00,71.6804,73.9935,76.3067,73.4787,49.9925,73.9935,-0.166,-0.2274,73.38
2021-01-21 08:00:00,71.629,73.976,76.3231,73.4821,50.1092,73.976,-0.2006,-0.2427,73.43
2021-01-21 05:00:00,71.5718,73.9564,76.3409,73.4839,49.2235,73.9564,-0.2469,-0.2532,73.05
2021-01-20 20:00:00,71.5277,73.9425,76.3574,73.4986,49.2235,73.9425,-0.2638,-0.2548,73.05
2021-01-20 19:00:00,71.4718,73.9255,76.3793,73.5138,49.1085,73.9255,-0.2814,-0.2526,73.0
2021-01-20 17:00:00,71.4064,73.9064,76.4063,73.5312,48.5357,73.9064,-0.2948,-0.2453,72.75
2021-01-20 16:00:00,71.3086,73.8817,76.4548,73.5577,48.7082,73.8817,-0.2821,-0.233,72.83
2021-01-20 15:00:00,71.1907,73.8519,76.5131,73.5823,48.995,73.8519,-0.2699,-0.2207,72.964
2021-01-20 14:00:00,71.1113,73.8283,76.5452,73.6033,49.8481,73.8283,-0.264,-0.2084,73.36
2021-01-20 13:00:00,71.0479,73.8048,76.5616,73.6115,48.9929,73.8048,-0.2931,-0.1945,72.9722
2021-01-20 12:00:00,70.9836,73.7839,76.5842,73.6332,48.0709,73.7839,-0.2864,-0.1699,72.5616
2021-01-20 11:00:00,70.9875,73.7854,76.5832,73.6695,48.3186,73.7854,-0.2319,-0.1408,72.68
2021-01-20 10:00:00,70.9862,73.7849,76.5835,73.7031,48.8939,73.7849,-0.171,-0.118,72.955
2021-01-20 09:00:00,70.9668,73.7771,76.5875,73.7284,50.4511,73.7771,-0.1188,-0.1047,73.68
2021-01-20 08:00:00,70.9159,73.7533,76.5906,73.7301,50.5603,73.7533,-0.1243,-0.1012,73.73
2021-01-19 20:00:00,70.8755,73.7321,76.5887,73.7301,50.1783,73.7321,-0.1345,-0.0954,73.5499
2021-01-19 19:00:00,70.8425,73.7152,76.5879,73.7362,49.7546,73.7152,-0.1273,-0.0856,73.35
2021-01-19 18:00:00,70.7817,73.6909,76.6,73.7493,50.0688,73.6909,-0.0959,-0.0752,73.5
2021-01-19 17:00:00,70.7177,73.6637,76.6097,73.7577,50.6984,73.6637,-0.0697,-0.07,73.8
2021-01-19 16:00:00,70.641,73.6289,76.6167,73.7563,49.9977,73.6289,-0.0658,-0.0701,73.46
2021-01-19 15:00:00,70.5965,73.6074,76.6183,73.7663,51.1542,73.6074,-0.0253,-0.0712,74.01
2021-01-19 14:00:00,70.5006,73.5634,76.6262,73.7581,52.1683,73.5634,-0.0292,-0.0826,74.48
2021-01-19 13:00:00,70.4615,73.5289,76.5962,73.7336,51.8286,73.5289,-0.0815,-0.096,74.31
2021-01-19 12:00:00,70.4223,73.4967,76.5711,73.7141,51.126,73.4967,-0.1299,-0.0996,73.96
2021-01-19 11:00:00,70.382,73.469,76.5561,73.7057,49.9152,73.469,-0.154,-0.0921,73.37
2021-01-19 10:00:00,70.351,73.4517,76.5524,73.7171,50.7322,73.4517,-0.1226,-0.0766,73.76
2021-01-19 09:00:00,70.3146,73.4277,76.5408,73.7157,50.6507,73.4277,-0.1204,-0.0651,73.72
2021-01-19 08:00:00,70.2656,73.399,76.5324,73.7155,51.2338,73.399,-0.1117,-0.0513,74.0
2021-01-19 07:00:00,70.221,73.3675,76.5141,73.7059,52.2909,73.3675,-0.1275,-0.0362,74.5
2021-01-19 05:00:00,70.179,73.3277,76.4764,73.6789,52.2909,73.3277,-0.1968,-0.0133,74.5
2021-01-15 20:00:00,70.1371,73.2871,76.4371,73.6511,48.7754,73.2871,-0.2824,0.0325,72.78
2021-01-15 19:00:00,70.1137,73.2758,76.4379,73.6806,50.2793,73.2758,-0.2123,0.1112,73.49
2021-01-15 18:00:00,70.073,73.2511,76.4292,73.6871,49.0166,73.2511,-0.1921,0.1921,72.91
2021-01-15 17:00:00,70.0536,73.2405,76.4273,73.7134,49.08,73.2405,-0.1045,0.2882,72.94
2021-01-15 16:00:00,70.0308,73.228,76.4253,73.7397,49.0151,73.228,0.0059,0.3864,72.91
2021-01-15 15:00:00,70.0085,73.216,76.4234,73.7678,50.512,73.216,0.1496,0.4815,73.62
2021-01-15 14:00:00,69.9345,73.1773,76.42,73.7728,51.47,73.1773,0.2587,0.5644,74.06
2021-01-15 13:00:00,69.8808,73.1376,76.3944,73.7631,52.516,73.1376,0.3493,0.6409,74.53
2021-01-15 12:00:00,69.8464,73.0955,76.3445,73.7371,50.9303,73.0955,0.4121,0.7138,73.77
2021-01-15 11:00:00,69.8407,73.0851,76.3295,73.736,51.667,73.0851,0.5635,0.7892,74.1
2021-01-15 10:00:00,69.8385,73.0731,76.3077,73.7236,54.6094,73.0731,0.7151,0.8456,75.35
2021-01-15 09:00:00,69.8538,73.0336,76.2134,73.6685,54.116,73.0336,0.7708,0.8782,75.11
2021-01-15 08:00:00,69.8675,73.0013,76.1351,73.6196,54.116,73.0013,0.8551,0.9051,75.11
2021-01-15 07:00:00,69.8806,72.966,76.0513,73.5691,54.2824,72.966,0.9504,0.9176,75.18
2021-01-14 20:00:00,69.8968,72.9278,75.9588,73.5145,56.4779,72.9278,1.051,0.9094,76.08
2021-01-14 19:00:00,69.9456,72.8661,75.7867,73.4275,56.5278,72.8661,1.0724,0.874,76.1
2021-01-14 18:00:00,70.014,72.8106,75.6071,73.3369,57.3004,72.8106,1.0822,0.8244,76.41
2021-01-14 17:00:00,70.1165,72.7516,75.3866,73.2328,56.4316,72.7516,1.0474,0.7599,75.95
2021-01-14 16:00:00,70.2024,72.7104,75.2184,73.1406,56.2794,72.7104,1.0345,0.688,75.87
2021-01-14 15:00:00,70.2923,72.6696,75.0468,73.0481,57.0381,72.6696,1.0112,0.6014,76.1799
2021-01-14 14:00:00,70.3981,72.6399,74.8817,72.942,56.7422,72.6399,0.9352,0.499,76.02
2021-01-14 13:00:00,70.503,72.6112,74.7195,72.8376,56.4471,72.6112,0.8408,0.3899,75.86
2021-01-14 12:00:00,70.588,72.5907,74.5935,72.7352,56.2637,72.5907,0.7244,0.2772,75.76
2021-01-14 11:00:00,70.6743,72.5706,74.4668,72.6326,57.1872,72.5706,0.5756,0.1654,76.15
2021-01-14 10:00:00,70.7812,72.5514,74.3216,72.5134,55.55,72.5514,0.3375,0.0629,75.26
2021-01-14 09:00:00,70.8623,72.5304,74.1985,72.4203,50.8578,72.5304,0.1193,-0.0058,73.0
2021-01-14 08:00:00,70.8345,72.5496,74.2646,72.4006,50.0316,72.5496,0.0691,-0.037,72.64
2021-01-13 20:00:00,70.8215,72.5704,74.3193,72.3925,49.6384,72.5704,0.0408,-0.0636,72.47
2021-01-13 19:00:00,70.8185,72.5909,74.3633,72.3899,49.7744,72.5909,0.0214,-0.0896,72.53
2021-01-13 18:00:00,70.8067,72.6154,74.424,72.3852,50.4078,72.6154,-0.0099,-0.1174,72.81
2021-01-13 17:00:00,70.7593,72.6476,74.5358,72.3708,49.3206,72.6476,-0.0781,-0.1443,72.33
2021-01-13 16:00:00,70.7317,72.6862,74.6407,72.3721,49.1379,72.6862,-0.1152,-0.1608,72.25
2021-01-13 15:00:00,70.6795,72.7359,74.7923,72.3763,49.0701,72.7359,-0.1527,-0.1722,72.22
2021-01-13 14:00:00,70.6793,72.7711,74.8629,72.3816,48.6443,72.7711,-0.1954,-0.1771,72.03
2021-01-13 13:00:00,70.6722,72.8169,74.9616,72.3935,48.2412,72.8169,-0.2276,-0.1725,71.85
2021-01-13 12:00:00,70.6766,72.8664,75.0563,72.4119,46.9251,72.8664,-0.247,-0.1587,71.2718
2021-01-13 11:00:00,70.7317,72.8854,75.0391,72.4506,46.3878,72.8854,-0.2094,-0.1366,71.04
2021-01-13 10:00:00,70.8028,72.9072,75.0116,72.4984,47.4175,72.9072,-0.1348,-0.1184,71.5456
2021-01-13 09:00:00,70.8313,72.9165,75.0017,72.5307,48.2601,72.9165,-0.089,-0.1143,71.95
2021-01-13 08:00:00,70.8389,72.9193,74.9997,72.5504,47.7407,72.9193,-0.0704,-0.1207,71.72
2021-01-12 20:00:00,70.8656,72.929,74.9923,72.5785,49.7253,72.929,-0.0223,-0.1333,72.65
2021-01-12 19:00:00,70.8445,72.919,74.9934,72.5761,49.7253,72.919,-0.0553,-0.161,72.65
2021-01-12 18:00:00,70.8337,72.9131,74.9925,72.5736,49.3752,72.9131,-0.0965,-0.1874,72.49
2021-01-12 17:00:00,70.826,72.9093,74.9926,72.5764,48.8498,72.9093,-0.1315,-0.2101,72.25
2021-01-12 16:00:00,70.8351,72.9138,74.9926,72.5875,49.29,72.9138,-0.1498,-0.2298,72.46
2021-01-12 15:00:00,70.8475,72.9377,75.0278,72.5918,49.4464,72.9377,-0.1923,-0.2498,72.535
2021-01-12 14:00:00,70.8593,72.9473,75.0352,72.5937,48.052,72.9473,-0.2515,-0.2642,71.89
2021-01-12 13:00:00,70.8703,72.9512,75.0321,72.6176,48.0083,72.9512,-0.2576,-0.2673,71.87
2021-01-12 12:00:00,70.9094,72.9714,75.0333,72.6429,47.6617,72.9714,-0.2597,-0.2697,71.71
2021-01-12 11:00:00,70.8881,72.9657,75.0433,72.6745,48.5771,72.9657,-0.2423,-0.2723,72.17
2021-01-12 10:00:00,70.9123,72.9796,75.0468,72.6916,46.8307,72.9796,-0.2633,-0.2798,71.37
2021-01-12 09:00:00,70.9824,73.0067,75.031,72.7364,48.9561,73.0067,-0.2049,-0.2839,72.41
2021-01-12 08:00:00,71.0027,73.0242,75.0458,72.7475,48.8903,73.0242,-0.2333,-0.3036,72.38
2021-01-12 05:00:00,71.022,73.0507,75.0795,72.76,48.717,73.0507,-0.2631,-0.3212,72.3
2021-01-11 20:00:00,71.0391,73.0594,75.0796,72.7756,48.778,73.0594,-0.2891,-0.3357,72.33
2021-01-11 19:00:00,71.0304,73.0561,75.0818,72.7907,48.757,73.0561,-0.3211,-0.3474,72.32
2021-01-11 18:00:00,71.0392,73.0601,75.0809,72.8066,48.0862,73.0601,-0.3564,-0.3539,72.0
2021-01-11 17:00:00,71.0628,73.0692,75.0757,72.834,48.2999,73.0692,-0.3636,-0.3533,72.11
2021-01-11 16:00:00,71.083,73.0776,75.0721,72.8585,48.2999,73.0776,-0.3787,-0.3507,72.11
2021-01-11 15:00:00,71.0996,73.0841,75.0685,72.8839,48.2088,73.0841,-0.3925,-0.3437,72.065
2021-01-11 14:00:00,71.1322,73.0991,75.066,72.9116,48.2739,73.0991,-0.3997,-0.3315,72.1
2021-01-11 13:00:00,71.1412,73.1022,75.0633,72.9391,48.0969,73.1022,-0.4068,-0.3145,72.01
2021-01-11 12:00:00,71.1384,73.1014,75.0644,72.9706,48.569,73.1014,-0.4007,-0.2914,72.27
2021-01-11 11:00:00,71.0694,73.083,75.0967,72.9944,48.4254,73.083,-0.4136,-0.2641,72.195
2021-01-11 10:00:00,70.9786,73.0605,75.1425,73.0215,48.4065,73.0605,-0.4164,-0.2267,72.185
2021-01-11 09:00:00,70.8206,73.0258,75.231,73.0498,46.708,73.0258,-0.4128,-0.1793,71.3
2021-01-11 08:00:00,70.7191,73.0059,75.2927,73.1092,47.3664,73.0059,-0.3122,-0.121,71.68
2021-01-11 06:00:00,70.6736,72.9943,75.3149,73.1576,47.9258,72.9943,-0.218,-0.0731,72.0
2021-01-08 20:00:00,70.5949,72.9733,75.3516,73.1968,50.0132,72.9733,-0.1271,-0.0369,73.15
2021-01-08 19:00:00,70.4861,72.9328,75.3795,73.1984,50.4452,72.9328,-0.1263,-0.0144,73.38
2021-01-08 18:00:00,70.3823,72.8889,75.3955,73.1923,49.7021,72.8889,-0.1469,0.0136,72.98
2021-01-08 17:00:00,70.2826,72.8509,75.4192,73.1995,50.0527,72.8509,-0.1303,0.0537,73.17
2021-01-08 16:00:00,70.1847,72.8098,75.4348,73.2005,49.7223,72.8098,-0.1266,0.0997,72.99
2021-01-08 15:00:00,70.1115,72.7766,75.4417,73.2076,49.5422,72.7766,-0.1017,0.1563,72.8912
2021-01-08 14:00:00,70.0241,72.7404,75.4568,73.2183,48.6052,72.7404,-0.0584,0.2208,72.38
2021-01-08 13:00:00,69.9909,72.7252,75.4596,73.2468,49.2829,72.7252,0.0499,0.2906,72.765
2021-01-08 12:00:00,69.9482,72.7028,75.4575,73.2631,49.4679,72.7028,0.148,0.3507,72.87
2021-01-08 11:00:00,69.8696,72.6678,75.4661,73.2764,50.5518,72.6678,0.2605,0.4014,73.48
2021-01-08 10:00:00,69.7647,72.6159,75.4671,73.2695,50.4468,72.6159,0.3382,0.4366,73.42
2021-01-08 09:00:00,69.69,72.5718,75.4536,73.2644,52.2284,72.5718,0.4385,0.4612,74.4
2021-01-08 08:00:00,69.7024,72.5455,75.3885,73.2259,52.0585,72.5455,0.4604,0.4669,74.3
2021-01-08 07:00:00,69.6592,72.5648,75.4704,73.1895,52.6663,72.5648,0.4918,0.4685,74.63
2021-01-08 06:00:00,69.6292,72.5776,75.5261,73.1407,52.5342,72.5776,0.4912,0.4627,74.55
2021-01-08 05:00:00,69.6057,72.5888,75.5719,73.0929,53.3579,72.5888,0.4914,0.4555,75.0
2021-01-07 20:00:00,69.597,72.5925,75.588,73.0283,51.7032,72.5925,0.4386,0.4466,74.0
2021-01-07 19:00:00,69.5716,72.6091,75.6466,72.9953,51.9751,72.6091,0.4668,0.4486,74.15
2021-01-07 18:00:00,69.5604,72.6175,75.6745,72.9562,51.5407,72.6175,0.4806,0.444,73.89
2021-01-07 17:00:00,69.5459,72.6301,75.7143,72.9245,51.2236,72.6301,0.5178,0.4348,73.7
2021-01-07 16:00:00,69.5288,72.647,75.7652,72.8982,51.7493,72.647,0.577,0.4141,74.0
2021-01-07 15:00:00,69.5162,72.658,75.7998,72.8609,53.0706,72.658,0.6136,0.3734,74.74
2021-01-07 14:00:00,69.5186,72.6565,75.7944,72.7972,52.9268,72.6565,0.5761,0.3134,74.65
2021-01-07 13:00:00,69.5017,72.6655,75.8293,72.7344,53.9744,72.6655,0.5291,0.2477,75.23
2021-01-07 12:00:00,69.5006,72.666,75.8314,72.6498,52.5411,72.666,0.4023,0.1773,74.33
2021-01-07 11:00:00,69.4853,72.6763,75.8673,72.5928,53.3581,72.6763,0.3262,0.1211,74.78
2021-01-07 10:00:00,69.4908,72.6727,75.8545,72.5187,53.4338,72.6727,0.1785,0.0698,74.8217
2021-01-07 09:00:00,69.4893,72.6735,75.8577,72.4406,49.3462,72.6735,-0.0168,0.0426,72.41
2021-01-07 08:00:00,69.4763,72.6655,75.8548,72.4416,49.2372,72.6655,-0.0203,0.0575,72.35
2021-01-07 07:00:00,69.4877,72.6914,75.895,72.4447,48.7856,72.6914,-0.0184,0.0769,72.1
2021-01-06 20:00:00,69.5082,72.7152,75.9222,72.4564,48.8198,72.7152,0.0098,0.1007,72.12
2021-01-06 19:00:00,69.5275,72.7449,75.9622,72.4678,49.1243,72.7449,0.0436,0.1235,72.3
2021-01-06 18:00:00,69.5434,72.7699,75.9963,72.4735,48.6872,72.7699,0.0677,0.1434,72.05
2021-01-06 17:00:00,69.5677,72.7984,76.029,72.4879,49.102,72.7984,0.1231,0.1624,72.3
2021-01-06 16:00:00,69.5854,72.8227,76.06,72.4943,49.0337,72.8227,0.1664,0.1722,72.26
2021-01-06 15:00:00,69.605,72.8479,76.0907,72.5022,49.4626,72.8479,0.2234,0.1736,72.5228
2021-01-06 14:00:00,69.6159,72.8586,76.1014,72.5015,51.7795,72.8586,0.2661,0.1612,73.89
2021-01-06 13:00:00,69.6163,72.8538,76.0913,72.4544,50.4782,72.8538,0.1776,0.135,73.11
2021-01-06 12:00:00,69.6148,72.8518,76.0888,72.4322,48.761,72.8518,0.1415,0.1243,72.125
2021-01-06 11:00:00,69.6377,72.8707,76.1038,72.4426,50.4333,72.8707,0.1936,0.12,73.0829
2021-01-06 10:00:00,69.641,72.8776,76.1142,72.4209,47.2523,72.8776,0.1597,0.1016,71.37
2021-01-06 09:00:00,69.6812,72.8958,76.1105,72.4565,50.2712,72.8958,0.2885,0.0871,73.0
2021-01-06 08:00:00,69.6507,72.8765,76.1023,72.4381,50.2712,72.8765,0.2828,0.0367,73.0
2021-01-06 07:00:00,69.6214,72.8575,76.0936,72.4191,51.1632,72.8575,0.2715,-0.0248,73.46
2021-01-06 06:00:00,69.5826,72.8282,76.0738,72.3838,52.1724,72.8282,0.2062,-0.0989,73.97
2021-01-05 20:00:00,69.5439,72.7895,76.0351,72.33,49.9848,72.7895,0.0679,-0.1751,72.82
2021-01-05 19:00:00,69.516,72.772,76.028,72.3134,48.5977,72.772,0.0075,-0.2359,72.13
2021-01-05 18:00:00,69.4974,72.7632,76.029,72.3196,49.4379,72.7632,0.0005,-0.2967,72.56
2021-01-05 17:00:00,69.4682,72.7472,76.0262,72.3115,49.4179,72.7472,-0.0522,-0.371,72.55
2021-01-05 16:00:00,69.4283,72.7269,76.0255,72.3034,49.5335,72.7269,-0.1176,-0.4508,72.61
2021-01-05 15:00:00,69.4061,72.7133,76.0205,72.293,49.3198,72.7133,-0.2055,-0.534,72.5
2021-01-05 14:00:00,69.3774,72.6975,76.0176,72.286,50.2036,72.6975,-0.3035,-0.6162,72.965
2021-01-05 13:00:00,69.3501,72.6777,76.0053,72.263,48.8965,72.6777,-0.4716,-0.6943,72.29
2021-01-05 12:00:00,69.3501,72.6777,76.0053,72.262,48.2406,72.6777,-0.6105,-0.75,71.9586
2021-01-05 11:00:00,69.3417,72.6736,76.0054,72.2723,46.638,72.6736,-0.7452,-0.7849,71.17
2021-01-05 10:00:00,69.3967,72.7171,76.0374,72.3097,45.9565,72.7171,-0.8259,-0.7948,70.8434
2021-01-05 09:00:00,69.4711,72.7662,76.0612,72.3594,44.3663,72.7662,-0.8837,-0.7871,70.1
2021-01-05 08:00:00,69.5939,72.8343,76.0747,72.436,44.3835,72.8343,-0.869,-0.7629,70.11
2021-01-05 07:00:00,69.7218,72.9038,76.0859,72.5148,45.9129,72.9038,-0.8385,-0.7364,70.98
2021-01-05 06:00:00,69.797,72.9398,76.0826,72.5669,45.4026,72.9398,-0.8761,-0.7108,70.74
2021-01-05 05:00:00,69.8927,72.9857,76.0786,72.6288,45.3603,72.9857,-0.8868,-0.6695,70.72
2021-01-04 20:00:00,69.9889,73.0252,76.0614,72.6935,45.4122,73.0252,-0.8855,-0.6152,70.75
2021-01-04 19:00:00,70.076,73.0562,76.0363,72.7594,45.3098,73.0562,-0.874,-0.5476,70.7
2021-01-04 18:00:00,70.1722,73.09,76.0078,72.8292,45.3098,73.09,-0.8416,-0.4661,70.7
2021-01-04 17:00:00,70.2752,73.1265,75.9778,72.9014,45.8084,73.1265,-0.788,-0.3722,71.0
2021-01-04 16:00:00,70.3656,73.1627,75.9597,72.9658,45.2555,73.1627,-0.7386,-0.2682,70.72
2021-01-04 15:00:00,70.484,73.2087,75.9334,73.0419,46.5052,73.2087,-0.6364,-0.1506,71.47
2021-01-04 14:00:00,70.5514,73.2382,75.9251,73.0952,46.4082,73.2382,-0.573,-0.0292,71.42
2021-01-04 13:00:00,70.6151,73.2621,75.909,73.152,45.1362,73.2621,-0.4786,0.1068,70.77
2021-01-04 12:00:00,70.7243,73.2947,75.8652,73.2328,44.3238,73.2947,-0.285,0.2531,70.3636
2021-01-04 11:00:00,70.8702,73.3321,75.7939,73.33,44.9869,73.3321,0.0075,0.3877,70.775
2021-01-04 10:00:00,70.9728,73.358,75.7431,73.4166,48.5364,73.358,0.339,0.4827,72.82
2021-01-04 09:00:00,70.9264,73.341,75.7556,73.4369,53.939,73.341,0.5489,0.5186,75.46
2021-01-04 08:00:00,70.9541,73.3048,75.6555,73.3683,53.8241,73.3048,0.54,0.5111,75.4
2021-01-04 07:00:00,70.9744,73.263,75.5516,73.2994,53.4819,73.263,0.527,0.5038,75.22
